code_pret,date_octroi,duree_mois,echeancier,membre_numero,montant,statut,taux
PRT-0001,2025-01-10T00:00:00,3,"[{""numero_echeance"": 1, ""date_echeance"": ""2025-02-09T00:00:00"", ""montant_du"": 354458.82, ""paye"": false, ""date_paiement"": null}, {""numero_echeance"": 2, ""date_echeance"": ""2025-03-11T00:00:00"", ""montant_du"": 354458.82, ""paye"": false, ""date_paiement"": null}, {""numero_echeance"": 3, ""date_echeance"": ""2025-04-10T00:00:00"", ""montant_du"": 354458.82, ""paye"": false, ""date_paiement"": null}]",MBR-0034,1063376.47,en retard,4.74
PRT-0002,2025-02-08T00:00:00,18,"[{""numero_echeance"": 1, ""date_echeance"": ""2025-03-10T00:00:00"", ""montant_du"": 87063.11, ""paye"": true, ""date_paiement"": ""2025-03-07T00:00:00""}, {""numero_echeance"": 2, ""date_echeance"": ""2025-04-09T00:00:00"", ""montant_du"": 87063.11, ""paye"": true, ""date_paiement"": ""2025-04-04T00:00:00""}, {""numero_echeance"": 3, ""date_echeance"": ""2025-05-09T00:00:00"", ""montant_du"": 87063.11, ""paye"": true, ""date_paiement"": ""2025-05-09T00:00:00""}, {""numero_echeance"": 4, ""date_echeance"": ""2025-06-08T00:00:00"", ""montant_du"": 87063.11, ""paye"": true, ""date_paiement"": ""2025-06-04T00:00:00""}, {""numero_echeance"": 5, ""date_echeance"": ""2025-07-08T00:00:00"", ""montant_du"": 87063.11, ""paye"": true, ""date_paiement"": ""2025-07-03T00:00:00""}, {""numero_echeance"": 6, ""date_echeance"": ""2025-08-07T00:00:00"", ""montant_du"": 87063.11, ""paye"": true, ""date_paiement"": ""2025-08-07T00:00:00""}, {""numero_echeance"": 7, ""date_echeance"": ""2025-09-06T00:00:00"", ""montant_du"": 87063.11, ""paye"": true, ""date_paiement"": ""2025-09-06T00:00:00""}, {""numero_echeance"": 8, ""date_echeance"": ""2025-10-06T00:00:00"", ""montant_du"": 87063.11, ""paye"": true, ""date_paiement"": ""2025-10-01T00:00:00""}, {""numero_echeance"": 9, ""date_echeance"": ""2025-11-05T00:00:00"", ""montant_du"": 87063.11, ""paye"": true, ""date_paiement"": ""2025-11-04T00:00:00""}, {""numero_echeance"": 10, ""date_echeance"": ""2025-12-05T00:00:00"", ""montant_du"": 87063.11, ""paye"": true, ""date_paiement"": ""2025-12-02T00:00:00""}, {""numero_echeance"": 11, ""date_echeance"": ""2026-01-04T00:00:00"", ""montant_du"": 87063.11, ""paye"": true, ""date_paiement"": ""2026-01-04T00:00:00""}, {""numero_echeance"": 12, ""date_echeance"": ""2026-02-03T00:00:00"", ""montant_du"": 87063.11, ""paye"": true, ""date_paiement"": ""2026-02-03T00:00:00""}, {""numero_echeance"": 13, ""date_echeance"": ""2026-03-05T00:00:00"", ""montant_du"": 87063.11, ""paye"": true, ""date_paiement"": ""2026-03-04T00:00:00""}, {""numero_echeance"": 14, ""date_echeance"": ""2026-04-04T00:00:00"", ""montant_du"": 87063.11, ""paye"": true, ""date_paiement"": ""2026-04-04T00:00:00""}, {""numero_echeance"": 15, ""date_echeance"": ""2026-05-04T00:00:00"", ""montant_du"": 87063.11, ""paye"": true, ""date_paiement"": ""2026-04-30T00:00:00""}, {""numero_echeance"": 16, ""date_echeance"": ""2026-06-03T00:00:00"", ""montant_du"": 87063.11, ""paye"": true, ""date_paiement"": ""2026-06-02T00:00:00""}, {""numero_echeance"": 17, ""date_echeance"": ""2026-07-03T00:00:00"", ""montant_du"": 87063.11, ""paye"": true, ""date_paiement"": ""2026-07-01T00:00:00""}, {""numero_echeance"": 18, ""date_echeance"": ""2026-08-02T00:00:00"", ""montant_du"": 87063.11, ""paye"": true, ""date_paiement"": ""2026-07-30T00:00:00""}]",MBR-0006,1567135.96,soldé,4.36
PRT-0003,2025-01-30T00:00:00,3,"[{""numero_echeance"": 1, ""date_echeance"": ""2025-03-01T00:00:00"", ""montant_du"": 591617.41, ""paye"": false, ""date_paiement"": null}, {""numero_echeance"": 2, ""date_echeance"": ""2025-03-31T00:00:00"", ""montant_du"": 591617.41, ""paye"": true, ""date_paiement"": ""2025-03-31T00:00:00""}, {""numero_echeance"": 3, ""date_echeance"": ""2025-04-30T00:00:00"", ""montant_du"": 591617.41, ""paye"": false, ""date_paiement"": null}]",MBR-0102,1774852.22,en cours,2.99
PRT-0004,2024-09-17T00:00:00,6,"[{""numero_echeance"": 1, ""date_echeance"": ""2024-10-17T00:00:00"", ""montant_du"": 40815.7, ""paye"": true, ""date_paiement"": ""2024-10-15T00:00:00""}, {""numero_echeance"": 2, ""date_echeance"": ""2024-11-16T00:00:00"", ""montant_du"": 40815.7, ""paye"": true, ""date_paiement"": ""2024-11-16T00:00:00""}, {""numero_echeance"": 3, ""date_echeance"": ""2024-12-16T00:00:00"", ""montant_du"": 40815.7, ""paye"": true, ""date_paiement"": ""2024-12-13T00:00:00""}, {""numero_echeance"": 4, ""date_echeance"": ""2025-01-15T00:00:00"", ""montant_du"": 40815.7, ""paye"": true, ""date_paiement"": ""2025-01-11T00:00:00""}, {""numero_echeance"": 5, ""date_echeance"": ""2025-02-14T00:00:00"", ""montant_du"": 40815.7, ""paye"": true, ""date_paiement"": ""2025-02-10T00:00:00""}, {""numero_echeance"": 6, ""date_echeance"": ""2025-03-16T00:00:00"", ""montant_du"": 40815.7, ""paye"": true, ""date_paiement"": ""2025-03-15T00:00:00""}]",MBR-0055,244894.2,soldé,3.47
PRT-0005,2025-03-10T00:00:00,18,"[{""numero_echeance"": 1, ""date_echeance"": ""2025-04-09T00:00:00"", ""montant_du"": 64748.94, ""paye"": false, ""date_paiement"": null}, {""numero_echeance"": 2, ""date_echeance"": ""2025-05-09T00:00:00"", ""montant_du"": 64748.94, ""paye"": false, ""date_paiement"": null}, {""numero_echeance"": 3, ""date_echeance"": ""2025-06-08T00:00:00"", ""montant_du"": 64748.94, ""paye"": false, ""date_paiement"": null}, {""numero_echeance"": 4, ""date_echeance"": ""2025-07-08T00:00:00"", ""montant_du"": 64748.94, ""paye"": false, ""date_paiement"": null}, {""numero_echeance"": 5, ""date_echeance"": ""2025-08-07T00:00:00"", ""montant_du"": 64748.94, ""paye"": false, ""date_paiement"": null}, {""numero_echeance"": 6, ""date_echeance"": ""2025-09-06T00:00:00"", ""montant_du"": 64748.94, ""paye"": false, ""date_paiement"": null}, {""numero_echeance"": 7, ""date_echeance"": ""2025-10-06T00:00:00"", ""montant_du"": 64748.94, ""paye"": false, ""date_paiement"": null}, {""numero_echeance"": 8, ""date_echeance"": ""2025-11-05T00:00:00"", ""montant_du"": 64748.94, ""paye"": false, ""date_paiement"": null}, {""numero_echeance"": 9, ""date_echeance"": ""2025-12-05T00:00:00"", ""montant_du"": 64748.94, ""paye"": false, ""date_paiement"": null}, {""numero_echeance"": 10, ""date_echeance"": ""2026-01-04T00:00:00"", ""montant_du"": 64748.94, ""paye"": false, ""date_paiement"": null}, {""numero_echeance"": 11, ""date_echeance"": ""2026-02-03T00:00:00"", ""montant_du"": 64748.94, ""paye"": false, ""date_paiement"": null}, {""numero_echeance"": 12, ""date_echeance"": ""2026-03-05T00:00:00"", ""montant_du"": 64748.94, ""paye"": false, ""date_paiement"": null}, {""numero_echeance"": 13, ""date_echeance"": ""2026-04-04T00:00:00"", ""montant_du"": 64748.94, ""paye"": false, ""date_paiement"": null}, {""numero_echeance"": 14, ""date_echeance"": ""2026-05-04T00:00:00"", ""montant_du"": 64748.94, ""paye"": false, ""date_paiement"": null}, {""numero_echeance"": 15, ""date_echeance"": ""2026-06-03T00:00:00"", ""montant_du"": 64748.94, ""paye"": false, ""date_paiement"": null}, {""numero_echeance"": 16, ""date_echeance"": ""2026-07-03T00:00:00"", ""montant_du"": 64748.94, ""paye"": false, ""date_paiement"": null}, {""numero_echeance"": 17, ""date_echeance"": ""2026-08-02T00:00:00"", ""montant_du"": 64748.94, ""paye"": false, ""date_paiement"": null}, {""numero_echeance"": 18, ""date_echeance"": ""2026-09-01T00:00:00"", ""montant_du"": 64748.94, ""paye"": false, ""date_paiement"": null}]",MBR-0112,1165480.93,en retard,5.17
PRT-0006,2024-10-24T00:00:00,12,"[{""numero_echeance"": 1, ""date_echeance"": ""2024-11-23T00:00:00"", ""montant_du"": 105108.2, ""paye"": false, ""date_paiement"": null}, {""numero_echeance"": 2, ""date_echeance"": ""2024-12-23T00:00:00"", ""montant_du"": 105108.2, ""paye"": false, ""date_paiement"": null}, {""numero_echeance"": 3, ""date_echeance"": ""2025-01-22T00:00:00"", ""montant_du"": 105108.2, ""paye"": false, ""date_paiement"": null}, {""numero_echeance"": 4, ""date_echeance"": ""2025-02-21T00:00:00"", ""montant_du"": 105108.2, ""paye"": false, ""date_paiement"": null}, {""numero_echeance"": 5, ""date_echeance"": ""2025-03-23T00:00:00"", ""montant_du"": 105108.2, ""paye"": false, ""date_paiement"": null}, {""numero_echeance"": 6, ""date_echeance"": ""2025-04-22T00:00:00"", ""montant_du"": 105108.2, ""paye"": false, ""date_paiement"": null}, {""numero_echeance"": 7, ""date_echeance"": ""2025-05-22T00:00:00"", ""montant_du"": 105108.2, ""paye"": false, ""date_paiement"": null}, {""numero_echeance"": 8, ""date_echeance"": ""2025-06-21T00:00:00"", ""montant_du"": 105108.2, ""paye"": false, ""date_paiement"": null}, {""numero_echeance"": 9, ""date_echeance"": ""2025-07-21T00:00:00"", ""montant_du"": 105108.2, ""paye"": false, ""date_paiement"": null}, {""numero_echeance"": 10, ""date_echeance"": ""2025-08-20T00:00:00"", ""montant_du"": 105108.2, ""paye"": false, ""date_paiement"": null}, {""numero_echeance"": 11, ""date_echeance"": ""2025-09-19T00:00:00"", ""montant_du"": 105108.2, ""paye"": false, ""date_paiement"": null}, {""numero_echeance"": 12, ""date_echeance"": ""2025-10-19T00:00:00"", ""montant_du"": 105108.2, ""paye"": false, ""date_paiement"": null}]",MBR-0037,1261298.4,en retard,7.91
PRT-0007,2024-01-06T00:00:00,24,"[{""numero_echeance"": 1, ""date_echeance"": ""2024-02-05T00:00:00"", ""montant_du"": 11494.4, ""paye"": false, ""date_paiement"": null}, {""numero_echeance"": 2, ""date_echeance"": ""2024-03-06T00:00:00"", ""montant_du"": 11494.4, ""paye"": false, ""date_paiement"": null}, {""numero_echeance"": 3, ""date_echeance"": ""2024-04-05T00:00:00"", ""montant_du"": 11494.4, ""paye"": false, ""date_paiement"": null}, {""numero_echeance"": 4, ""date_echeance"": ""2024-05-05T00:00:00"", ""montant_du"": 11494.4, ""paye"": false, ""date_paiement"": null}, {""numero_echeance"": 5, ""date_echeance"": ""2024-06-04T00:00:00"", ""montant_du"": 11494.4, ""paye"": false, ""date_paiement"": null}, {""numero_echeance"": 6, ""date_echeance"": ""2024-07-04T00:00:00"", ""montant_du"": 11494.4, ""paye"": false, ""date_paiement"": null}, {""numero_echeance"": 7, ""date_echeance"": ""2024-08-03T00:00:00"", ""montant_du"": 11494.4, ""paye"": false, ""date_paiement"": null}, {""numero_echeance"": 8, ""date_echeance"": ""2024-09-02T00:00:00"", ""montant_du"": 11494.4, ""paye"": false, ""date_paiement"": null}, {""numero_echeance"": 9, ""date_echeance"": ""2024-10-02T00:00:00"", ""montant_du"": 11494.4, ""paye"": false, ""date_paiement"": null}, {""numero_echeance"": 10, ""date_echeance"": ""2024-11-01T00:00:00"", ""montant_du"": 11494.4, ""paye"": false, ""date_paiement"": null}, {""numero_echeance"": 11, ""date_echeance"": ""2024-12-01T00:00:00"", ""montant_du"": 11494.4, ""paye"": false, ""date_paiement"": null}, {""numero_echeance"": 12, ""date_echeance"": ""2024-12-31T00:00:00"", ""montant_du"": 11494.4, ""paye"": false, ""date_paiement"": null}, {""numero_echeance"": 13, ""date_echeance"": ""2025-01-30T00:00:00"", ""montant_du"": 11494.4, ""paye"": false, ""date_paiement"": null}, {""numero_echeance"": 14, ""date_echeance"": ""2025-03-01T00:00:00"", ""montant_du"": 11494.4, ""paye"": false, ""date_paiement"": null}, {""numero_echeance"": 15, ""date_echeance"": ""2025-03-31T00:00:00"", ""montant_du"": 11494.4, ""paye"": false, ""date_paiement"": null}, {""numero_echeance"": 16, ""date_echeance"": ""2025-04-30T00:00:00"", ""montant_du"": 11494.4, ""paye"": false, ""date_paiement"": null}, {""numero_echeance"": 17, ""date_echeance"": ""2025-05-30T00:00:00"", ""montant_du"": 11494.4, ""paye"": false, ""date_paiement"": null}, {""numero_echeance"": 18, ""date_echeance"": ""2025-06-29T00:00:00"", ""montant_du"": 11494.4, ""paye"": false, ""date_paiement"": null}, {""numero_echeance"": 19, ""date_echeance"": ""2025-07-29T00:00:00"", ""montant_du"": 11494.4, ""paye"": false, ""date_paiement"": null}, {""numero_echeance"": 20, ""date_echeance"": ""2025-08-28T00:00:00"", ""montant_du"": 11494.4, ""paye"": false, ""date_paiement"": null}, {""numero_echeance"": 21, ""date_echeance"": ""2025-09-27T00:00:00"", ""montant_du"": 11494.4, ""paye"": false, ""date_paiement"": null}, {""numero_echeance"": 22, ""date_echeance"": ""2025-10-27T00:00:00"", ""montant_du"": 11494.4, ""paye"": false, ""date_paiement"": null}, {""numero_echeance"": 23, ""date_echeance"": ""2025-11-26T00:00:00"", ""montant_du"": 11494.4, ""paye"": false, ""date_paiement"": null}, {""numero_echeance"": 24, ""date_echeance"": ""2025-12-26T00:00:00"", ""montant_du"": 11494.4, ""paye"": false, ""date_paiement"": null}]",MBR-0011,275865.71,en retard,4.17
PRT-0008,2025-05-03T00:00:00,6,"[{""numero_echeance"": 1, ""date_echeance"": ""2025-06-02T00:00:00"", ""montant_du"": 261912.39, ""paye"": false, ""date_paiement"": null}, {""numero_echeance"": 2, ""date_echeance"": ""2025-07-02T00:00:00"", ""montant_du"": 261912.39, ""paye"": false, ""date_paiement"": null}, {""numero_echeance"": 3, ""date_echeance"": ""2025-08-01T00:00:00"", ""montant_du"": 261912.39, ""paye"": false, ""date_paiement"": null}, {""numero_echeance"": 4, ""date_echeance"": ""2025-08-31T00:00:00"", ""montant_du"": 261912.39, ""paye"": false, ""date_paiement"": null}, {""numero_echeance"": 5, ""date_echeance"": ""2025-09-30T00:00:00"", ""montant_du"": 261912.39, ""paye"": false, ""date_paiement"": null}, {""numero_echeance"": 6, ""date_echeance"": ""2025-10-30T00:00:00"", ""montant_du"": 261912.39, ""paye"": false, ""date_paiement"": null}]",MBR-0115,1571474.36,en retard,4.38
PRT-0009,2024-02-17T00:00:00,18,"[{""numero_echeance"": 1, ""date_echeance"": ""2024-03-18T00:00:00"", ""montant_du"": 82582.41, ""paye"": true, ""date_paiement"": ""2024-03-18T00:00:00""}, {""numero_echeance"": 2, ""date_echeance"": ""2024-04-17T00:00:00"", ""montant_du"": 82582.41, ""paye"": false, ""date_paiement"": null}, {""numero_echeance"": 3, ""date_echeance"": ""2024-05-17T00:00:00"", ""montant_du"": 82582.41, ""paye"": true, ""date_paiement"": ""2024-05-17T00:00:00""}, {""numero_echeance"": 4, ""date_echeance"": ""2024-06-16T00:00:00"", ""montant_du"": 82582.41, ""paye"": true, ""date_paiement"": ""2024-06-16T00:00:00""}, {""numero_echeance"": 5, ""date_echeance"": ""2024-07-16T00:00:00"", ""montant_du"": 82582.41, ""paye"": true, ""date_paiement"": ""2024-07-16T00:00:00""}, {""numero_echeance"": 6, ""date_echeance"": ""2024-08-15T00:00:00"", ""montant_du"": 82582.41, ""paye"": false, ""date_paiement"": null}, {""numero_echeance"": 7, ""date_echeance"": ""2024-09-14T00:00:00"", ""montant_du"": 82582.41, ""paye"": false, ""date_paiement"": null}, {""numero_echeance"": 8, ""date_echeance"": ""2024-10-14T00:00:00"", ""montant_du"": 82582.41, ""paye"": true, ""date_paiement"": ""2024-10-14T00:00:00""}, {""numero_echeance"": 9, ""date_echeance"": ""2024-11-13T00:00:00"", ""montant_du"": 82582.41, ""paye"": true, ""date_paiement"": ""2024-11-13T00:00:00""}, {""numero_echeance"": 10, ""date_echeance"": ""2024-12-13T00:00:00"", ""montant_du"": 82582.41, ""paye"": false, ""date_paiement"": null}, {""numero_echeance"": 11, ""date_echeance"": ""2025-01-12T00:00:00"", ""montant_du"": 82582.41, ""paye"": true, ""date_paiement"": ""2025-01-12T00:00:00""}, {""numero_echeance"": 12, ""date_echeance"": ""2025-02-11T00:00:00"", ""montant_du"": 82582.41, ""paye"": false, ""date_paiement"": null}, {""numero_echeance"": 13, ""date_echeance"": ""2025-03-13T00:00:00"", ""montant_du"": 82582.41, ""paye"": false, ""date_paiement"": null}, {""numero_echeance"": 14, ""date_echeance"": ""2025-04-12T00:00:00"", ""montant_du"": 82582.41, ""paye"": true, ""date_paiement"": ""2025-04-12T00:00:00""}, {""numero_echeance"": 15, ""date_echeance"": ""2025-05-12T00:00:00"", ""montant_du"": 82582.41, ""paye"": true, ""date_paiement"": ""2025-05-12T00:00:00""}, {""numero_echeance"": 16, ""date_echeance"": ""2025-06-11T00:00:00"", ""montant_du"": 82582.41, ""paye"": false, ""date_paiement"": null}, {""numero_echeance"": 17, ""date_echeance"": ""2025-07-11T00:00:00"", ""montant_du"": 82582.41, ""paye"": false, ""date_paiement"": null}, {""numero_echeance"": 18, ""date_echeance"": ""2025-08-10T00:00:00"", ""montant_du"": 82582.41, ""paye"": true, ""date_paiement"": ""2025-08-10T00:00:00""}]",MBR-0141,1486483.33,en cours,5.41
PRT-0010,2025-10-02T00:00:00,24,"[{""numero_echeance"": 1, ""date_echeance"": ""2025-11-01T00:00:00"", ""montant_du"": 63526.1, ""paye"": true, ""date_paiement"": ""2025-10-28T00:00:00""}, {""numero_echeance"": 2, ""date_echeance"": ""2025-12-01T00:00:00"", ""montant_du"": 63526.1, ""paye"": true, ""date_paiement"": ""2025-11-27T00:00:00""}, {""numero_echeance"": 3, ""date_echeance"": ""2025-12-31T00:00:00"", ""montant_du"": 63526.1, ""paye"": true, ""date_paiement"": ""2025-12-28T00:00:00""}, {""numero_echeance"": 4, ""date_echeance"": ""2026-01-30T00:00:00"", ""montant_du"": 63526.1, ""paye"": true, ""date_paiement"": ""2026-01-25T00:00:00""}, {""numero_echeance"": 5, ""date_echeance"": ""2026-03-01T00:00:00"", ""montant_du"": 63526.1, ""paye"": true, ""date_paiement"": ""2026-02-27T00:00:00""}, {""numero_echeance"": 6, ""date_echeance"": ""2026-03-31T00:00:00"", ""montant_du"": 63526.1, ""paye"": true, ""date_paiement"": ""2026-03-27T00:00:00""}, {""numero_echeance"": 7, ""date_echeance"": ""2026-04-30T00:00:00"", ""montant_du"": 63526.1, ""paye"": true, ""date_paiement"": ""2026-04-25T00:00:00""}, {""numero_echeance"": 8, ""date_echeance"": ""2026-05-30T00:00:00"", ""montant_du"": 63526.1, ""paye"": true, ""date_paiement"": ""2026-05-26T00:00:00""}, {""numero_echeance"": 9, ""date_echeance"": ""2026-06-29T00:00:00"", ""montant_du"": 63526.1, ""paye"": true, ""date_paiement"": ""2026-06-25T00:00:00""}, {""numero_echeance"": 10, ""date_echeance"": ""2026-07-29T00:00:00"", ""montant_du"": 63526.1, ""paye"": true, ""date_paiement"": ""2026-07-24T00:00:00""}, {""numero_echeance"": 11, ""date_echeance"": ""2026-08-28T00:00:00"", ""montant_du"": 63526.1, ""paye"": true, ""date_paiement"": ""2026-08-23T00:00:00""}, {""numero_echeance"": 12, ""date_echeance"": ""2026-09-27T00:00:00"", ""montant_du"": 63526.1, ""paye"": true, ""date_paiement"": ""2026-09-22T00:00:00""}, {""numero_echeance"": 13, ""date_echeance"": ""2026-10-27T00:00:00"", ""montant_du"": 63526.1, ""paye"": true, ""date_paiement"": ""2026-10-22T00:00:00""}, {""numero_echeance"": 14, ""date_echeance"": ""2026-11-26T00:00:00"", ""montant_du"": 63526.1, ""paye"": true, ""date_paiement"": ""2026-11-23T00:00:00""}, {""numero_echeance"": 15, ""date_echeance"": ""2026-12-26T00:00:00"", ""montant_du"": 63526.1, ""paye"": true, ""date_paiement"": ""2026-12-26T00:00:00""}, {""numero_echeance"": 16, ""date_echeance"": ""2027-01-25T00:00:00"", ""montant_du"": 63526.1, ""paye"": true, ""date_paiement"": ""2027-01-21T00:00:00""}, {""numero_echeance"": 17, ""date_echeance"": ""2027-02-24T00:00:00"", ""montant_du"": 63526.1, ""paye"": true, ""date_paiement"": ""2027-02-22T00:00:00""}, {""numero_echeance"": 18, ""date_echeance"": ""2027-03-26T00:00:00"", ""montant_du"": 63526.1, ""paye"": true, ""date_paiement"": ""2027-03-25T00:00:00""}, {""numero_echeance"": 19, ""date_echeance"": ""2027-04-25T00:00:00"", ""montant_du"": 63526.1, ""paye"": true, ""date_paiement"": ""2027-04-21T00:00:00""}, {""numero_echeance"": 20, ""date_echeance"": ""2027-05-25T00:00:00"", ""montant_du"": 63526.1, ""paye"": true, ""date_paiement"": ""2027-05-23T00:00:00""}, {""numero_echeance"": 21, ""date_echeance"": ""2027-06-24T00:00:00"", ""montant_du"": 63526.1, ""paye"": true, ""date_paiement"": ""2027-06-20T00:00:00""}, {""numero_echeance"": 22, ""date_echeance"": ""2027-07-24T00:00:00"", ""montant_du"": 63526.1, ""paye"": true, ""date_paiement"": ""2027-07-21T00:00:00""}, {""numero_echeance"": 23, ""date_echeance"": ""2027-08-23T00:00:00"", ""montant_du"": 63526.1, ""paye"": true, ""date_paiement"": ""2027-08-18T00:00:00""}, {""numero_echeance"": 24, ""date_echeance"": ""2027-09-22T00:00:00"", ""montant_du"": 63526.1, ""paye"": true, ""date_paiement"": ""2027-09-18T00:00:00""}]",MBR-0104,1524626.49,soldé,6.38
PRT-0011,2024-01-22T00:00:00,12,"[{""numero_echeance"": 1, ""date_echeance"": ""2024-02-21T00:00:00"", ""montant_du"": 28043.09, ""paye"": false, ""date_paiement"": null}, {""numero_echeance"": 2, ""date_echeance"": ""2024-03-22T00:00:00"", ""montant_du"": 28043.09, ""paye"": false, ""date_paiement"": null}, {""numero_echeance"": 3, ""date_echeance"": ""2024-04-21T00:00:00"", ""montant_du"": 28043.09, ""paye"": false, ""date_paiement"": null}, {""numero_echeance"": 4, ""date_echeance"": ""2024-05-21T00:00:00"", ""montant_du"": 28043.09, ""paye"": false, ""date_paiement"": null}, {""numero_echeance"": 5, ""date_echeance"": ""2024-06-20T00:00:00"", ""montant_du"": 28043.09, ""paye"": false, ""date_paiement"": null}, {""numero_echeance"": 6, ""date_echeance"": ""2024-07-20T00:00:00"", ""montant_du"": 28043.09, ""paye"": false, ""date_paiement"": null}, {""numero_echeance"": 7, ""date_echeance"": ""2024-08-19T00:00:00"", ""montant_du"": 28043.09, ""paye"": false, ""date_paiement"": null}, {""numero_echeance"": 8, ""date_echeance"": ""2024-09-18T00:00:00"", ""montant_du"": 28043.09, ""paye"": false, ""date_paiement"": null}, {""numero_echeance"": 9, ""date_echeance"": ""2024-10-18T00:00:00"", ""montant_du"": 28043.09, ""paye"": false, ""date_paiement"": null}, {""numero_echeance"": 10, ""date_echeance"": ""2024-11-17T00:00:00"", ""montant_du"": 28043.09, ""paye"": false, ""date_paiement"": null}, {""numero_echeance"": 11, ""date_echeance"": ""2024-12-17T00:00:00"", ""montant_du"": 28043.09, ""paye"": false, ""date_paiement"": null}, {""numero_echeance"": 12, ""date_echeance"": ""2025-01-16T00:00:00"", ""montant_du"": 28043.09, ""paye"": false, ""date_paiement"": null}]",MBR-0064,336517.11,en retard,5.61
PRT-0012,2024-06-28T00:00:00,6,"[{""numero_echeance"": 1, ""date_echeance"": ""2024-07-28T00:00:00"", ""montant_du"": 193414.83, ""paye"": true, ""date_paiement"": ""2024-07-28T00:00:00""}, {""numero_echeance"": 2, ""date_echeance"": ""2024-08-27T00:00:00"", ""montant_du"": 193414.83, ""paye"": true, ""date_paiement"": ""2024-08-27T00:00:00""}, {""numero_echeance"": 3, ""date_echeance"": ""2024-09-26T00:00:00"", ""montant_du"": 193414.83, ""paye"": true, ""date_paiement"": ""2024-09-26T00:00:00""}, {""numero_echeance"": 4, ""date_echeance"": ""2024-10-26T00:00:00"", ""montant_du"": 193414.83, ""paye"": false, ""date_paiement"": null}, {""numero_echeance"": 5, ""date_echeance"": ""2024-11-25T00:00:00"", ""montant_du"": 193414.83, ""paye"": true, ""date_paiement"": ""2024-11-25T00:00:00""}, {""numero_echeance"": 6, ""date_echeance"": ""2024-12-25T00:00:00"", ""montant_du"": 193414.83, ""paye"": false, ""date_paiement"": null}]",MBR-0080,1160488.99,en cours,6.86
PRT-0013,2025-02-21T00:00:00,3,"[{""numero_echeance"": 1, ""date_echeance"": ""2025-03-23T00:00:00"", ""montant_du"": 383211.51, ""paye"": false, ""date_paiement"": null}, {""numero_echeance"": 2, ""date_echeance"": ""2025-04-22T00:00:00"", ""montant_du"": 383211.51, ""paye"": false, ""date_paiement"": null}, {""numero_echeance"": 3, ""date_echeance"": ""2025-05-22T00:00:00"", ""montant_du"": 383211.51, ""paye"": false, ""date_paiement"": null}]",MBR-0104,1149634.52,en retard,7.78
PRT-0014,2025-10-17T00:00:00,18,"[{""numero_echeance"": 1, ""date_echeance"": ""2025-11-16T00:00:00"", ""montant_du"": 110030.23, ""paye"": false, ""date_paiement"": null}, {""numero_echeance"": 2, ""date_echeance"": ""2025-12-16T00:00:00"", ""montant_du"": 110030.23, ""paye"": false, ""date_paiement"": null}, {""numero_echeance"": 3, ""date_echeance"": ""2026-01-15T00:00:00"", ""montant_du"": 110030.23, ""paye"": true, ""date_paiement"": ""2026-01-15T00:00:00""}, {""numero_echeance"": 4, ""date_echeance"": ""2026-02-14T00:00:00"", ""montant_du"": 110030.23, ""paye"": false, ""date_paiement"": null}, {""numero_echeance"": 5, ""date_echeance"": ""2026-03-16T00:00:00"", ""montant_du"": 110030.23, ""paye"": true, ""date_paiement"": ""2026-03-16T00:00:00""}, {""numero_echeance"": 6, ""date_echeance"": ""2026-04-15T00:00:00"", ""montant_du"": 110030.23, ""paye"": true, ""date_paiement"": ""2026-04-15T00:00:00""}, {""numero_echeance"": 7, ""date_echeance"": ""2026-05-15T00:00:00"", ""montant_du"": 110030.23, ""paye"": false, ""date_paiement"": null}, {""numero_echeance"": 8, ""date_echeance"": ""2026-06-14T00:00:00"", ""montant_du"": 110030.23, ""paye"": true, ""date_paiement"": ""2026-06-14T00:00:00""}, {""numero_echeance"": 9, ""date_echeance"": ""2026-07-14T00:00:00"", ""montant_du"": 110030.23, ""paye"": true, ""date_paiement"": ""2026-07-14T00:00:00""}, {""numero_echeance"": 10, ""date_echeance"": ""2026-08-13T00:00:00"", ""montant_du"": 110030.23, ""paye"": false, ""date_paiement"": null}, {""numero_echeance"": 11, ""date_echeance"": ""2026-09-12T00:00:00"", ""montant_du"": 110030.23, ""paye"": false, ""date_paiement"": null}, {""numero_echeance"": 12, ""date_echeance"": ""2026-10-12T00:00:00"", ""montant_du"": 110030.23, ""paye"": true, ""date_paiement"": ""2026-10-12T00:00:00""}, {""numero_echeance"": 13, ""date_echeance"": ""2026-11-11T00:00:00"", ""montant_du"": 110030.23, ""paye"": true, ""date_paiement"": ""2026-11-11T00:00:00""}, {""numero_echeance"": 14, ""date_echeance"": ""2026-12-11T00:00:00"", ""montant_du"": 110030.23, ""paye"": true, ""date_paiement"": ""2026-12-11T00:00:00""}, {""numero_echeance"": 15, ""date_echeance"": ""2027-01-10T00:00:00"", ""montant_du"": 110030.23, ""paye"": false, ""date_paiement"": null}, {""numero_echeance"": 16, ""date_echeance"": ""2027-02-09T00:00:00"", ""montant_du"": 110030.23, ""paye"": true, ""date_paiement"": ""2027-02-09T00:00:00""}, {""numero_echeance"": 17, ""date_echeance"": ""2027-03-11T00:00:00"", ""montant_du"": 110030.23, ""paye"": false, ""date_paiement"": null}, {""numero_echeance"": 18, ""date_echeance"": ""2027-04-10T00:00:00"", ""montant_du"": 110030.23, ""paye"": false, ""date_paiement"": null}]",MBR-0006,1980544.16,en cours,5.1
PRT-0015,2025-09-16T00:00:00,24,"[{""numero_echeance"": 1, ""date_echeance"": ""2025-10-16T00:00:00"", ""montant_du"": 81838.18, ""paye"": true, ""date_paiement"": ""2025-10-14T00:00:00""}, {""numero_echeance"": 2, ""date_echeance"": ""2025-11-15T00:00:00"", ""montant_du"": 81838.18, ""paye"": true, ""date_paiement"": ""2025-11-15T00:00:00""}, {""numero_echeance"": 3, ""date_echeance"": ""2025-12-15T00:00:00"", ""montant_du"": 81838.18, ""paye"": true, ""date_paiement"": ""2025-12-11T00:00:00""}, {""numero_echeance"": 4, ""date_echeance"": ""2026-01-14T00:00:00"", ""montant_du"": 81838.18, ""paye"": true, ""date_paiement"": ""2026-01-13T00:00:00""}, {""numero_echeance"": 5, ""date_echeance"": ""2026-02-13T00:00:00"", ""montant_du"": 81838.18, ""paye"": true, ""date_paiement"": ""2026-02-10T00:00:00""}, {""numero_echeance"": 6, ""date_echeance"": ""2026-03-15T00:00:00"", ""montant_du"": 81838.18, ""paye"": true, ""date_paiement"": ""2026-03-11T00:00:00""}, {""numero_echeance"": 7, ""date_echeance"": ""2026-04-14T00:00:00"", ""montant_du"": 81838.18, ""paye"": true, ""date_paiement"": ""2026-04-12T00:00:00""}, {""numero_echeance"": 8, ""date_echeance"": ""2026-05-14T00:00:00"", ""montant_du"": 81838.18, ""paye"": true, ""date_paiement"": ""2026-05-10T00:00:00""}, {""numero_echeance"": 9, ""date_echeance"": ""2026-06-13T00:00:00"", ""montant_du"": 81838.18, ""paye"": true, ""date_paiement"": ""2026-06-08T00:00:00""}, {""numero_echeance"": 10, ""date_echeance"": ""2026-07-13T00:00:00"", ""montant_du"": 81838.18, ""paye"": true, ""date_paiement"": ""2026-07-12T00:00:00""}, {""numero_echeance"": 11, ""date_echeance"": ""2026-08-12T00:00:00"", ""montant_du"": 81838.18, ""paye"": true, ""date_paiement"": ""2026-08-09T00:00:00""}, {""numero_echeance"": 12, ""date_echeance"": ""2026-09-11T00:00:00"", ""montant_du"": 81838.18, ""paye"": true, ""date_paiement"": ""2026-09-06T00:00:00""}, {""numero_echeance"": 13, ""date_echeance"": ""2026-10-11T00:00:00"", ""montant_du"": 81838.18, ""paye"": true, ""date_paiement"": ""2026-10-09T00:00:00""}, {""numero_echeance"": 14, ""date_echeance"": ""2026-11-10T00:00:00"", ""montant_du"": 81838.18, ""paye"": true, ""date_paiement"": ""2026-11-10T00:00:00""}, {""numero_echeance"": 15, ""date_echeance"": ""2026-12-10T00:00:00"", ""montant_du"": 81838.18, ""paye"": true, ""date_paiement"": ""2026-12-06T00:00:00""}, {""numero_echeance"": 16, ""date_echeance"": ""2027-01-09T00:00:00"", ""montant_du"": 81838.18, ""paye"": true, ""date_paiement"": ""2027-01-06T00:00:00""}, {""numero_echeance"": 17, ""date_echeance"": ""2027-02-08T00:00:00"", ""montant_du"": 81838.18, ""paye"": true, ""date_paiement"": ""2027-02-04T00:00:00""}, {""numero_echeance"": 18, ""date_echeance"": ""2027-03-10T00:00:00"", ""montant_du"": 81838.18, ""paye"": true, ""date_paiement"": ""2027-03-07T00:00:00""}, {""numero_echeance"": 19, ""date_echeance"": ""2027-04-09T00:00:00"", ""montant_du"": 81838.18, ""paye"": true, ""date_paiement"": ""2027-04-07T00:00:00""}, {""numero_echeance"": 20, ""date_echeance"": ""2027-05-09T00:00:00"", ""montant_du"": 81838.18, ""paye"": true, ""date_paiement"": ""2027-05-06T00:00:00""}, {""numero_echeance"": 21, ""date_echeance"": ""2027-06-08T00:00:00"", ""montant_du"": 81838.18, ""paye"": true, ""date_paiement"": ""2027-06-03T00:00:00""}, {""numero_echeance"": 22, ""date_echeance"": ""2027-07-08T00:00:00"", ""montant_du"": 81838.18, ""paye"": true, ""date_paiement"": ""2027-07-08T00:00:00""}, {""numero_echeance"": 23, ""date_echeance"": ""2027-08-07T00:00:00"", ""montant_du"": 81838.18, ""paye"": true, ""date_paiement"": ""2027-08-06T00:00:00""}, {""numero_echeance"": 24, ""date_echeance"": ""2027-09-06T00:00:00"", ""montant_du"": 81838.18, ""paye"": true, ""date_paiement"": ""2027-09-06T00:00:00""}]",MBR-0031,1964116.2,soldé,7.46
PRT-0016,2024-07-13T00:00:00,6,"[{""numero_echeance"": 1, ""date_echeance"": ""2024-08-12T00:00:00"", ""montant_du"": 164960.28, ""paye"": false, ""date_paiement"": null}, {""numero_echeance"": 2, ""date_echeance"": ""2024-09-11T00:00:00"", ""montant_du"": 164960.28, ""paye"": false, ""date_paiement"": null}, {""numero_echeance"": 3, ""date_echeance"": ""2024-10-11T00:00:00"", ""montant_du"": 164960.28, ""paye"": false, ""date_paiement"": null}, {""numero_echeance"": 4, ""date_echeance"": ""2024-11-10T00:00:00"", ""montant_du"": 164960.28, ""paye"": false, ""date_paiement"": null}, {""numero_echeance"": 5, ""date_echeance"": ""2024-12-10T00:00:00"", ""montant_du"": 164960.28, ""paye"": false, ""date_paiement"": null}, {""numero_echeance"": 6, ""date_echeance"": ""2025-01-09T00:00:00"", ""montant_du"": 164960.28, ""paye"": false, ""date_paiement"": null}]",MBR-0144,989761.7,en retard,4.84
PRT-0017,2024-09-14T00:00:00,3,"[{""numero_echeance"": 1, ""date_echeance"": ""2024-10-14T00:00:00"", ""montant_du"": 388146.23, ""paye"": false, ""date_paiement"": null}, {""numero_echeance"": 2, ""date_echeance"": ""2024-11-13T00:00:00"", ""montant_du"": 388146.23, ""paye"": false, ""date_paiement"": null}, {""numero_echeance"": 3, ""date_echeance"": ""2024-12-13T00:00:00"", ""montant_du"": 388146.23, ""paye"": true, ""date_paiement"": ""2024-12-13T00:00:00""}]",MBR-0081,1164438.68,en cours,7.89
PRT-0018,2024-10-05T00:00:00,24,"[{""numero_echeance"": 1, ""date_echeance"": ""2024-11-04T00:00:00"", ""montant_du"": 49826.74, ""paye"": false, ""date_paiement"": null}, {""numero_echeance"": 2, ""date_echeance"": ""2024-12-04T00:00:00"", ""montant_du"": 49826.74, ""paye"": false, ""date_paiement"": null}, {""numero_echeance"": 3, ""date_echeance"": ""2025-01-03T00:00:00"", ""montant_du"": 49826.74, ""paye"": false, ""date_paiement"": null}, {""numero_echeance"": 4, ""date_echeance"": ""2025-02-02T00:00:00"", ""montant_du"": 49826.74, ""paye"": false, ""date_paiement"": null}, {""numero_echeance"": 5, ""date_echeance"": ""2025-03-04T00:00:00"", ""montant_du"": 49826.74, ""paye"": false, ""date_paiement"": null}, {""numero_echeance"": 6, ""date_echeance"": ""2025-04-03T00:00:00"", ""montant_du"": 49826.74, ""paye"": false, ""date_paiement"": null}, {""numero_echeance"": 7, ""date_echeance"": ""2025-05-03T00:00:00"", ""montant_du"": 49826.74, ""paye"": false, ""date_paiement"": null}, {""numero_echeance"": 8, ""date_echeance"": ""2025-06-02T00:00:00"", ""montant_du"": 49826.74, ""paye"": false, ""date_paiement"": null}, {""numero_echeance"": 9, ""date_echeance"": ""2025-07-02T00:00:00"", ""montant_du"": 49826.74, ""paye"": false, ""date_paiement"": null}, {""numero_echeance"": 10, ""date_echeance"": ""2025-08-01T00:00:00"", ""montant_du"": 49826.74, ""paye"": false, ""date_paiement"": null}, {""numero_echeance"": 11, ""date_echeance"": ""2025-08-31T00:00:00"", ""montant_du"": 49826.74, ""paye"": false, ""date_paiement"": null}, {""numero_echeance"": 12, ""date_echeance"": ""2025-09-30T00:00:00"", ""montant_du"": 49826.74, ""paye"": false, ""date_paiement"": null}, {""numero_echeance"": 13, ""date_echeance"": ""2025-10-30T00:00:00"", ""montant_du"": 49826.74, ""paye"": false, ""date_paiement"": null}, {""numero_echeance"": 14, ""date_echeance"": ""2025-11-29T00:00:00"", ""montant_du"": 49826.74, ""paye"": false, ""date_paiement"": null}, {""numero_echeance"": 15, ""date_echeance"": ""2025-12-29T00:00:00"", ""montant_du"": 49826.74, ""paye"": false, ""date_paiement"": null}, {""numero_echeance"": 16, ""date_echeance"": ""2026-01-28T00:00:00"", ""montant_du"": 49826.74, ""paye"": false, ""date_paiement"": null}, {""numero_echeance"": 17, ""date_echeance"": ""2026-02-27T00:00:00"", ""montant_du"": 49826.74, ""paye"": false, ""date_paiement"": null}, {""numero_echeance"": 18, ""date_echeance"": ""2026-03-29T00:00:00"", ""montant_du"": 49826.74, ""paye"": false, ""date_paiement"": null}, {""numero_echeance"": 19, ""date_echeance"": ""2026-04-28T00:00:00"", ""montant_du"": 49826.74, ""paye"": false, ""date_paiement"": null}, {""numero_echeance"": 20, ""date_echeance"": ""2026-05-28T00:00:00"", ""montant_du"": 49826.74, ""paye"": false, ""date_paiement"": null}, {""numero_echeance"": 21, ""date_echeance"": ""2026-06-27T00:00:00"", ""montant_du"": 49826.74, ""paye"": false, ""date_paiement"": null}, {""numero_echeance"": 22, ""date_echeance"": ""2026-07-27T00:00:00"", ""montant_du"": 49826.74, ""paye"": false, ""date_paiement"": null}, {""numero_echeance"": 23, ""date_echeance"": ""2026-08-26T00:00:00"", ""montant_du"": 49826.74, ""paye"": false, ""date_paiement"": null}, {""numero_echeance"": 24, ""date_echeance"": ""2026-09-25T00:00:00"", ""montant_du"": 49826.74, ""paye"": true, ""date_paiement"": ""2026-09-25T00:00:00""}]",MBR-0062,1195841.86,en retard,6.75
PRT-0019,2024-01-02T00:00:00,6,"[{""numero_echeance"": 1, ""date_echeance"": ""2024-02-01T00:00:00"", ""montant_du"": 278905.57, ""paye"": false, ""date_paiement"": null}, {""numero_echeance"": 2, ""date_echeance"": ""2024-03-02T00:00:00"", ""montant_du"": 278905.57, ""paye"": false, ""date_paiement"": null}, {""numero_echeance"": 3, ""date_echeance"": ""2024-04-01T00:00:00"", ""montant_du"": 278905.57, ""paye"": false, ""date_paiement"": null}, {""numero_echeance"": 4, ""date_echeance"": ""2024-05-01T00:00:00"", ""montant_du"": 278905.57, ""paye"": true, ""date_paiement"": ""2024-05-01T00:00:00""}, {""numero_echeance"": 5, ""date_echeance"": ""2024-05-31T00:00:00"", ""montant_du"": 278905.57, ""paye"": true, ""date_paiement"": ""2024-05-31T00:00:00""}, {""numero_echeance"": 6, ""date_echeance"": ""2024-06-30T00:00:00"", ""montant_du"": 278905.57, ""paye"": true, ""date_paiement"": ""2024-06-30T00:00:00""}]",MBR-0008,1673433.43,en cours,3.4
PRT-0020,2025-09-18T00:00:00,6,"[{""numero_echeance"": 1, ""date_echeance"": ""2025-10-18T00:00:00"", ""montant_du"": 172100.61, ""paye"": true, ""date_paiement"": ""2025-10-18T00:00:00""}, {""numero_echeance"": 2, ""date_echeance"": ""2025-11-17T00:00:00"", ""montant_du"": 172100.61, ""paye"": true, ""date_paiement"": ""2025-11-17T00:00:00""}, {""numero_echeance"": 3, ""date_echeance"": ""2025-12-17T00:00:00"", ""montant_du"": 172100.61, ""paye"": true, ""date_paiement"": ""2025-12-17T00:00:00""}, {""numero_echeance"": 4, ""date_echeance"": ""2026-01-16T00:00:00"", ""montant_du"": 172100.61, ""paye"": true, ""date_paiement"": ""2026-01-13T00:00:00""}, {""numero_echeance"": 5, ""date_echeance"": ""2026-02-15T00:00:00"", ""montant_du"": 172100.61, ""paye"": true, ""date_paiement"": ""2026-02-11T00:00:00""}, {""numero_echeance"": 6, ""date_echeance"": ""2026-03-17T00:00:00"", ""montant_du"": 172100.61, ""paye"": true, ""date_paiement"": ""2026-03-17T00:00:00""}]",MBR-0100,1032603.69,soldé,2.91
PRT-0021,2024-03-15T00:00:00,24,"[{""numero_echeance"": 1, ""date_echeance"": ""2024-04-14T00:00:00"", ""montant_du"": 54756.51, ""paye"": false, ""date_paiement"": null}, {""numero_echeance"": 2, ""date_echeance"": ""2024-05-14T00:00:00"", ""montant_du"": 54756.51, ""paye"": false, ""date_paiement"": null}, {""numero_echeance"": 3, ""date_echeance"": ""2024-06-13T00:00:00"", ""montant_du"": 54756.51, ""paye"": false, ""date_paiement"": null}, {""numero_echeance"": 4, ""date_echeance"": ""2024-07-13T00:00:00"", ""montant_du"": 54756.51, ""paye"": false, ""date_paiement"": null}, {""numero_echeance"": 5, ""date_echeance"": ""2024-08-12T00:00:00"", ""montant_du"": 54756.51, ""paye"": false, ""date_paiement"": null}, {""numero_echeance"": 6, ""date_echeance"": ""2024-09-11T00:00:00"", ""montant_du"": 54756.51, ""paye"": false, ""date_paiement"": null}, {""numero_echeance"": 7, ""date_echeance"": ""2024-10-11T00:00:00"", ""montant_du"": 54756.51, ""paye"": false, ""date_paiement"": null}, {""numero_echeance"": 8, ""date_echeance"": ""2024-11-10T00:00:00"", ""montant_du"": 54756.51, ""paye"": false, ""date_paiement"": null}, {""numero_echeance"": 9, ""date_echeance"": ""2024-12-10T00:00:00"", ""montant_du"": 54756.51, ""paye"": false, ""date_paiement"": null}, {""numero_echeance"": 10, ""date_echeance"": ""2025-01-09T00:00:00"", ""montant_du"": 54756.51, ""paye"": false, ""date_paiement"": null}, {""numero_echeance"": 11, ""date_echeance"": ""2025-02-08T00:00:00"", ""montant_du"": 54756.51, ""paye"": false, ""date_paiement"": null}, {""numero_echeance"": 12, ""date_echeance"": ""2025-03-10T00:00:00"", ""montant_du"": 54756.51, ""paye"": false, ""date_paiement"": null}, {""numero_echeance"": 13, ""date_echeance"": ""2025-04-09T00:00:00"", ""montant_du"": 54756.51, ""paye"": false, ""date_paiement"": null}, {""numero_echeance"": 14, ""date_echeance"": ""2025-05-09T00:00:00"", ""montant_du"": 54756.51, ""paye"": false, ""date_paiement"": null}, {""numero_echeance"": 15, ""date_echeance"": ""2025-06-08T00:00:00"", ""montant_du"": 54756.51, ""paye"": false, ""date_paiement"": null}, {""numero_echeance"": 16, ""date_echeance"": ""2025-07-08T00:00:00"", ""montant_du"": 54756.51, ""paye"": false, ""date_paiement"": null}, {""numero_echeance"": 17, ""date_echeance"": ""2025-08-07T00:00:00"", ""montant_du"": 54756.51, ""paye"": false, ""date_paiement"": null}, {""numero_echeance"": 18, ""date_echeance"": ""2025-09-06T00:00:00"", ""montant_du"": 54756.51, ""paye"": false, ""date_paiement"": null}, {""numero_echeance"": 19, ""date_echeance"": ""2025-10-06T00:00:00"", ""montant_du"": 54756.51, ""paye"": false, ""date_paiement"": null}, {""numero_echeance"": 20, ""date_echeance"": ""2025-11-05T00:00:00"", ""montant_du"": 54756.51, ""paye"": false, ""date_paiement"": null}, {""numero_echeance"": 21, ""date_echeance"": ""2025-12-05T00:00:00"", ""montant_du"": 54756.51, ""paye"": false, ""date_paiement"": null}, {""numero_echeance"": 22, ""date_echeance"": ""2026-01-04T00:00:00"", ""montant_du"": 54756.51, ""paye"": false, ""date_paiement"": null}, {""numero_echeance"": 23, ""date_echeance"": ""2026-02-03T00:00:00"", ""montant_du"": 54756.51, ""paye"": false, ""date_paiement"": null}, {""numero_echeance"": 24, ""date_echeance"": ""2026-03-05T00:00:00"", ""montant_du"": 54756.51, ""paye"": false, ""date_paiement"": null}]",MBR-0157,1314156.13,en retard,2.94
PRT-0022,2025-10-06T00:00:00,6,"[{""numero_echeance"": 1, ""date_echeance"": ""2025-11-05T00:00:00"", ""montant_du"": 25988.48, ""paye"": false, ""date_paiement"": null}, {""numero_echeance"": 2, ""date_echeance"": ""2025-12-05T00:00:00"", ""montant_du"": 25988.48, ""paye"": false, ""date_paiement"": null}, {""numero_echeance"": 3, ""date_echeance"": ""2026-01-04T00:00:00"", ""montant_du"": 25988.48, ""paye"": false, ""date_paiement"": null}, {""numero_echeance"": 4, ""date_echeance"": ""2026-02-03T00:00:00"", ""montant_du"": 25988.48, ""paye"": false, ""date_paiement"": null}, {""numero_echeance"": 5, ""date_echeance"": ""2026-03-05T00:00:00"", ""montant_du"": 25988.48, ""paye"": false, ""date_paiement"": null}, {""numero_echeance"": 6, ""date_echeance"": ""2026-04-04T00:00:00"", ""montant_du"": 25988.48, ""paye"": false, ""date_paiement"": null}]",MBR-0083,155930.89,en retard,4.74
PRT-0023,2025-10-04T00:00:00,18,"[{""numero_echeance"": 1, ""date_echeance"": ""2025-11-03T00:00:00"", ""montant_du"": 97227.18, ""paye"": true, ""date_paiement"": ""2025-11-03T00:00:00""}, {""numero_echeance"": 2, ""date_echeance"": ""2025-12-03T00:00:00"", ""montant_du"": 97227.18, ""paye"": false, ""date_paiement"": null}, {""numero_echeance"": 3, ""date_echeance"": ""2026-01-02T00:00:00"", ""montant_du"": 97227.18, ""paye"": true, ""date_paiement"": ""2026-01-02T00:00:00""}, {""numero_echeance"": 4, ""date_echeance"": ""2026-02-01T00:00:00"", ""montant_du"": 97227.18, ""paye"": false, ""date_paiement"": null}, {""numero_echeance"": 5, ""date_echeance"": ""2026-03-03T00:00:00"", ""montant_du"": 97227.18, ""paye"": false, ""date_paiement"": null}, {""numero_echeance"": 6, ""date_echeance"": ""2026-04-02T00:00:00"", ""montant_du"": 97227.18, ""paye"": true, ""date_paiement"": ""2026-04-02T00:00:00""}, {""numero_echeance"": 7, ""date_echeance"": ""2026-05-02T00:00:00"", ""montant_du"": 97227.18, ""paye"": false, ""date_paiement"": null}, {""numero_echeance"": 8, ""date_echeance"": ""2026-06-01T00:00:00"", ""montant_du"": 97227.18, ""paye"": false, ""date_paiement"": null}, {""numero_echeance"": 9, ""date_echeance"": ""2026-07-01T00:00:00"", ""montant_du"": 97227.18, ""paye"": false, ""date_paiement"": null}, {""numero_echeance"": 10, ""date_echeance"": ""2026-07-31T00:00:00"", ""montant_du"": 97227.18, ""paye"": false, ""date_paiement"": null}, {""numero_echeance"": 11, ""date_echeance"": ""2026-08-30T00:00:00"", ""montant_du"": 97227.18, ""paye"": false, ""date_paiement"": null}, {""numero_echeance"": 12, ""date_echeance"": ""2026-09-29T00:00:00"", ""montant_du"": 97227.18, ""paye"": true, ""date_paiement"": ""2026-09-29T00:00:00""}, {""numero_echeance"": 13, ""date_echeance"": ""2026-10-29T00:00:00"", ""montant_du"": 97227.18, ""paye"": true, ""date_paiement"": ""2026-10-29T00:00:00""}, {""numero_echeance"": 14, ""date_echeance"": ""2026-11-28T00:00:00"", ""montant_du"": 97227.18, ""paye"": false, ""date_paiement"": null}, {""numero_echeance"": 15, ""date_echeance"": ""2026-12-28T00:00:00"", ""montant_du"": 97227.18, ""paye"": true, ""date_paiement"": ""2026-12-28T00:00:00""}, {""numero_echeance"": 16, ""date_echeance"": ""2027-01-27T00:00:00"", ""montant_du"": 97227.18, ""paye"": false, ""date_paiement"": null}, {""numero_echeance"": 17, ""date_echeance"": ""2027-02-26T00:00:00"", ""montant_du"": 97227.18, ""paye"": false, ""date_paiement"": null}, {""numero_echeance"": 18, ""date_echeance"": ""2027-03-28T00:00:00"", ""montant_du"": 97227.18, ""paye"": true, ""date_paiement"": ""2027-03-28T00:00:00""}]",MBR-0051,1750089.27,en cours,7.72
PRT-0024,2025-05-18T00:00:00,3,"[{""numero_echeance"": 1, ""date_echeance"": ""2025-06-17T00:00:00"", ""montant_du"": 105842.19, ""paye"": false, ""date_paiement"": null}, {""numero_echeance"": 2, ""date_echeance"": ""2025-07-17T00:00:00"", ""montant_du"": 105842.19, ""paye"": false, ""date_paiement"": null}, {""numero_echeance"": 3, ""date_echeance"": ""2025-08-16T00:00:00"", ""montant_du"": 105842.19, ""paye"": false, ""date_paiement"": null}]",MBR-0153,317526.56,en retard,2.61
PRT-0025,2025-08-01T00:00:00,6,"[{""numero_echeance"": 1, ""date_echeance"": ""2025-08-31T00:00:00"", ""montant_du"": 308252.73, ""paye"": false, ""date_paiement"": null}, {""numero_echeance"": 2, ""date_echeance"": ""2025-09-30T00:00:00"", ""montant_du"": 308252.73, ""paye"": false, ""date_paiement"": null}, {""numero_echeance"": 3, ""date_echeance"": ""2025-10-30T00:00:00"", ""montant_du"": 308252.73, ""paye"": false, ""date_paiement"": null}, {""numero_echeance"": 4, ""date_echeance"": ""2025-11-29T00:00:00"", ""montant_du"": 308252.73, ""paye"": false, ""date_paiement"": null}, {""numero_echeance"": 5, ""date_echeance"": ""2025-12-29T00:00:00"", ""montant_du"": 308252.73, ""paye"": false, ""date_paiement"": null}, {""numero_echeance"": 6, ""date_echeance"": ""2026-01-28T00:00:00"", ""montant_du"": 308252.73, ""paye"": false, ""date_paiement"": null}]",MBR-0122,1849516.36,en retard,7.58
PRT-0026,2025-02-10T00:00:00,3,"[{""numero_echeance"": 1, ""date_echeance"": ""2025-03-12T00:00:00"", ""montant_du"": 60082.84, ""paye"": false, ""date_paiement"": null}, {""numero_echeance"": 2, ""date_echeance"": ""2025-04-11T00:00:00"", ""montant_du"": 60082.84, ""paye"": false, ""date_paiement"": null}, {""numero_echeance"": 3, ""date_echeance"": ""2025-05-11T00:00:00"", ""montant_du"": 60082.84, ""paye"": false, ""date_paiement"": null}]",MBR-0155,180248.52,en retard,6.78
PRT-0027,2024-07-26T00:00:00,6,"[{""numero_echeance"": 1, ""date_echeance"": ""2024-08-25T00:00:00"", ""montant_du"": 93743.03, ""paye"": true, ""date_paiement"": ""2024-08-24T00:00:00""}, {""numero_echeance"": 2, ""date_echeance"": ""2024-09-24T00:00:00"", ""montant_du"": 93743.03, ""paye"": true, ""date_paiement"": ""2024-09-24T00:00:00""}, {""numero_echeance"": 3, ""date_echeance"": ""2024-10-24T00:00:00"", ""montant_du"": 93743.03, ""paye"": true, ""date_paiement"": ""2024-10-23T00:00:00""}, {""numero_echeance"": 4, ""date_echeance"": ""2024-11-23T00:00:00"", ""montant_du"": 93743.03, ""paye"": true, ""date_paiement"": ""2024-11-21T00:00:00""}, {""numero_echeance"": 5, ""date_echeance"": ""2024-12-23T00:00:00"", ""montant_du"": 93743.03, ""paye"": true, ""date_paiement"": ""2024-12-21T00:00:00""}, {""numero_echeance"": 6, ""date_echeance"": ""2025-01-22T00:00:00"", ""montant_du"": 93743.03, ""paye"": true, ""date_paiement"": ""2025-01-17T00:00:00""}]",MBR-0137,562458.2,soldé,7.84
PRT-0028,2024-04-21T00:00:00,18,"[{""numero_echeance"": 1, ""date_echeance"": ""2024-05-21T00:00:00"", ""montant_du"": 24728.12, ""paye"": true, ""date_paiement"": ""2024-05-17T00:00:00""}, {""numero_echeance"": 2, ""date_echeance"": ""2024-06-20T00:00:00"", ""montant_du"": 24728.12, ""paye"": true, ""date_paiement"": ""2024-06-20T00:00:00""}, {""numero_echeance"": 3, ""date_echeance"": ""2024-07-20T00:00:00"", ""montant_du"": 24728.12, ""paye"": true, ""date_paiement"": ""2024-07-17T00:00:00""}, {""numero_echeance"": 4, ""date_echeance"": ""2024-08-19T00:00:00"", ""montant_du"": 24728.12, ""paye"": true, ""date_paiement"": ""2024-08-19T00:00:00""}, {""numero_echeance"": 5, ""date_echeance"": ""2024-09-18T00:00:00"", ""montant_du"": 24728.12, ""paye"": true, ""date_paiement"": ""2024-09-17T00:00:00""}, {""numero_echeance"": 6, ""date_echeance"": ""2024-10-18T00:00:00"", ""montant_du"": 24728.12, ""paye"": true, ""date_paiement"": ""2024-10-17T00:00:00""}, {""numero_echeance"": 7, ""date_echeance"": ""2024-11-17T00:00:00"", ""montant_du"": 24728.12, ""paye"": true, ""date_paiement"": ""2024-11-12T00:00:00""}, {""numero_echeance"": 8, ""date_echeance"": ""2024-12-17T00:00:00"", ""montant_du"": 24728.12, ""paye"": true, ""date_paiement"": ""2024-12-17T00:00:00""}, {""numero_echeance"": 9, ""date_echeance"": ""2025-01-16T00:00:00"", ""montant_du"": 24728.12, ""paye"": true, ""date_paiement"": ""2025-01-16T00:00:00""}, {""numero_echeance"": 10, ""date_echeance"": ""2025-02-15T00:00:00"", ""montant_du"": 24728.12, ""paye"": true, ""date_paiement"": ""2025-02-11T00:00:00""}, {""numero_echeance"": 11, ""date_echeance"": ""2025-03-17T00:00:00"", ""montant_du"": 24728.12, ""paye"": true, ""date_paiement"": ""2025-03-16T00:00:00""}, {""numero_echeance"": 12, ""date_echeance"": ""2025-04-16T00:00:00"", ""montant_du"": 24728.12, ""paye"": true, ""date_paiement"": ""2025-04-16T00:00:00""}, {""numero_echeance"": 13, ""date_echeance"": ""2025-05-16T00:00:00"", ""montant_du"": 24728.12, ""paye"": true, ""date_paiement"": ""2025-05-13T00:00:00""}, {""numero_echeance"": 14, ""date_echeance"": ""2025-06-15T00:00:00"", ""montant_du"": 24728.12, ""paye"": true, ""date_paiement"": ""2025-06-15T00:00:00""}, {""numero_echeance"": 15, ""date_echeance"": ""2025-07-15T00:00:00"", ""montant_du"": 24728.12, ""paye"": true, ""date_paiement"": ""2025-07-14T00:00:00""}, {""numero_echeance"": 16, ""date_echeance"": ""2025-08-14T00:00:00"", ""montant_du"": 24728.12, ""paye"": true, ""date_paiement"": ""2025-08-11T00:00:00""}, {""numero_echeance"": 17, ""date_echeance"": ""2025-09-13T00:00:00"", ""montant_du"": 24728.12, ""paye"": true, ""date_paiement"": ""2025-09-12T00:00:00""}, {""numero_echeance"": 18, ""date_echeance"": ""2025-10-13T00:00:00"", ""montant_du"": 24728.12, ""paye"": true, ""date_paiement"": ""2025-10-09T00:00:00""}]",MBR-0044,445106.21,soldé,7.54
PRT-0029,2024-12-19T00:00:00,24,"[{""numero_echeance"": 1, ""date_echeance"": ""2025-01-18T00:00:00"", ""montant_du"": 12837.28, ""paye"": true, ""date_paiement"": ""2025-01-18T00:00:00""}, {""numero_echeance"": 2, ""date_echeance"": ""2025-02-17T00:00:00"", ""montant_du"": 12837.28, ""paye"": true, ""date_paiement"": ""2025-02-16T00:00:00""}, {""numero_echeance"": 3, ""date_echeance"": ""2025-03-19T00:00:00"", ""montant_du"": 12837.28, ""paye"": true, ""date_paiement"": ""2025-03-18T00:00:00""}, {""numero_echeance"": 4, ""date_echeance"": ""2025-04-18T00:00:00"", ""montant_du"": 12837.28, ""paye"": true, ""date_paiement"": ""2025-04-15T00:00:00""}, {""numero_echeance"": 5, ""date_echeance"": ""2025-05-18T00:00:00"", ""montant_du"": 12837.28, ""paye"": true, ""date_paiement"": ""2025-05-18T00:00:00""}, {""numero_echeance"": 6, ""date_echeance"": ""2025-06-17T00:00:00"", ""montant_du"": 12837.28, ""paye"": true, ""date_paiement"": ""2025-06-12T00:00:00""}, {""numero_echeance"": 7, ""date_echeance"": ""2025-07-17T00:00:00"", ""montant_du"": 12837.28, ""paye"": true, ""date_paiement"": ""2025-07-13T00:00:00""}, {""numero_echeance"": 8, ""date_echeance"": ""2025-08-16T00:00:00"", ""montant_du"": 12837.28, ""paye"": true, ""date_paiement"": ""2025-08-14T00:00:00""}, {""numero_echeance"": 9, ""date_echeance"": ""2025-09-15T00:00:00"", ""montant_du"": 12837.28, ""paye"": true, ""date_paiement"": ""2025-09-13T00:00:00""}, {""numero_echeance"": 10, ""date_echeance"": ""2025-10-15T00:00:00"", ""montant_du"": 12837.28, ""paye"": true, ""date_paiement"": ""2025-10-13T00:00:00""}, {""numero_echeance"": 11, ""date_echeance"": ""2025-11-14T00:00:00"", ""montant_du"": 12837.28, ""paye"": true, ""date_paiement"": ""2025-11-10T00:00:00""}, {""numero_echeance"": 12, ""date_echeance"": ""2025-12-14T00:00:00"", ""montant_du"": 12837.28, ""paye"": true, ""date_paiement"": ""2025-12-14T00:00:00""}, {""numero_echeance"": 13, ""date_echeance"": ""2026-01-13T00:00:00"", ""montant_du"": 12837.28, ""paye"": true, ""date_paiement"": ""2026-01-08T00:00:00""}, {""numero_echeance"": 14, ""date_echeance"": ""2026-02-12T00:00:00"", ""montant_du"": 12837.28, ""paye"": true, ""date_paiement"": ""2026-02-11T00:00:00""}, {""numero_echeance"": 15, ""date_echeance"": ""2026-03-14T00:00:00"", ""montant_du"": 12837.28, ""paye"": true, ""date_paiement"": ""2026-03-10T00:00:00""}, {""numero_echeance"": 16, ""date_echeance"": ""2026-04-13T00:00:00"", ""montant_du"": 12837.28, ""paye"": true, ""date_paiement"": ""2026-04-11T00:00:00""}, {""numero_echeance"": 17, ""date_echeance"": ""2026-05-13T00:00:00"", ""montant_du"": 12837.28, ""paye"": true, ""date_paiement"": ""2026-05-13T00:00:00""}, {""numero_echeance"": 18, ""date_echeance"": ""2026-06-12T00:00:00"", ""montant_du"": 12837.28, ""paye"": true, ""date_paiement"": ""2026-06-11T00:00:00""}, {""numero_echeance"": 19, ""date_echeance"": ""2026-07-12T00:00:00"", ""montant_du"": 12837.28, ""paye"": true, ""date_paiement"": ""2026-07-09T00:00:00""}, {""numero_echeance"": 20, ""date_echeance"": ""2026-08-11T00:00:00"", ""montant_du"": 12837.28, ""paye"": true, ""date_paiement"": ""2026-08-09T00:00:00""}, {""numero_echeance"": 21, ""date_echeance"": ""2026-09-10T00:00:00"", ""montant_du"": 12837.28, ""paye"": true, ""date_paiement"": ""2026-09-06T00:00:00""}, {""numero_echeance"": 22, ""date_echeance"": ""2026-10-10T00:00:00"", ""montant_du"": 12837.28, ""paye"": true, ""date_paiement"": ""2026-10-10T00:00:00""}, {""numero_echeance"": 23, ""date_echeance"": ""2026-11-09T00:00:00"", ""montant_du"": 12837.28, ""paye"": true, ""date_paiement"": ""2026-11-09T00:00:00""}, {""numero_echeance"": 24, ""date_echeance"": ""2026-12-09T00:00:00"", ""montant_du"": 12837.28, ""paye"": true, ""date_paiement"": ""2026-12-06T00:00:00""}]",MBR-0082,308094.74,soldé,5.23
PRT-0030,2024-07-28T00:00:00,18,"[{""numero_echeance"": 1, ""date_echeance"": ""2024-08-27T00:00:00"", ""montant_du"": 33626.85, ""paye"": false, ""date_paiement"": null}, {""numero_echeance"": 2, ""date_echeance"": ""2024-09-26T00:00:00"", ""montant_du"": 33626.85, ""paye"": false, ""date_paiement"": null}, {""numero_echeance"": 3, ""date_echeance"": ""2024-10-26T00:00:00"", ""montant_du"": 33626.85, ""paye"": false, ""date_paiement"": null}, {""numero_echeance"": 4, ""date_echeance"": ""2024-11-25T00:00:00"", ""montant_du"": 33626.85, ""paye"": false, ""date_paiement"": null}, {""numero_echeance"": 5, ""date_echeance"": ""2024-12-25T00:00:00"", ""montant_du"": 33626.85, ""paye"": false, ""date_paiement"": null}, {""numero_echeance"": 6, ""date_echeance"": ""2025-01-24T00:00:00"", ""montant_du"": 33626.85, ""paye"": false, ""date_paiement"": null}, {""numero_echeance"": 7, ""date_echeance"": ""2025-02-23T00:00:00"", ""montant_du"": 33626.85, ""paye"": false, ""date_paiement"": null}, {""numero_echeance"": 8, ""date_echeance"": ""2025-03-25T00:00:00"", ""montant_du"": 33626.85, ""paye"": false, ""date_paiement"": null}, {""numero_echeance"": 9, ""date_echeance"": ""2025-04-24T00:00:00"", ""montant_du"": 33626.85, ""paye"": false, ""date_paiement"": null}, {""numero_echeance"": 10, ""date_echeance"": ""2025-05-24T00:00:00"", ""montant_du"": 33626.85, ""paye"": false, ""date_paiement"": null}, {""numero_echeance"": 11, ""date_echeance"": ""2025-06-23T00:00:00"", ""montant_du"": 33626.85, ""paye"": false, ""date_paiement"": null}, {""numero_echeance"": 12, ""date_echeance"": ""2025-07-23T00:00:00"", ""montant_du"": 33626.85, ""paye"": false, ""date_paiement"": null}, {""numero_echeance"": 13, ""date_echeance"": ""2025-08-22T00:00:00"", ""montant_du"": 33626.85, ""paye"": false, ""date_paiement"": null}, {""numero_echeance"": 14, ""date_echeance"": ""2025-09-21T00:00:00"", ""montant_du"": 33626.85, ""paye"": false, ""date_paiement"": null}, {""numero_echeance"": 15, ""date_echeance"": ""2025-10-21T00:00:00"", ""montant_du"": 33626.85, ""paye"": false, ""date_paiement"": null}, {""numero_echeance"": 16, ""date_echeance"": ""2025-11-20T00:00:00"", ""montant_du"": 33626.85, ""paye"": false, ""date_paiement"": null}, {""numero_echeance"": 17, ""date_echeance"": ""2025-12-20T00:00:00"", ""montant_du"": 33626.85, ""paye"": false, ""date_paiement"": null}, {""numero_echeance"": 18, ""date_echeance"": ""2026-01-19T00:00:00"", ""montant_du"": 33626.85, ""paye"": false, ""date_paiement"": null}]",MBR-0071,605283.22,en retard,2.79
PRT-0031,2024-04-20T00:00:00,24,"[{""numero_echeance"": 1, ""date_echeance"": ""2024-05-20T00:00:00"", ""montant_du"": 69683.37, ""paye"": false, ""date_paiement"": null}, {""numero_echeance"": 2, ""date_echeance"": ""2024-06-19T00:00:00"", ""montant_du"": 69683.37, ""paye"": false, ""date_paiement"": null}, {""numero_echeance"": 3, ""date_echeance"": ""2024-07-19T00:00:00"", ""montant_du"": 69683.37, ""paye"": true, ""date_paiement"": ""2024-07-19T00:00:00""}, {""numero_echeance"": 4, ""date_echeance"": ""2024-08-18T00:00:00"", ""montant_du"": 69683.37, ""paye"": true, ""date_paiement"": ""2024-08-18T00:00:00""}, {""numero_echeance"": 5, ""date_echeance"": ""2024-09-17T00:00:00"", ""montant_du"": 69683.37, ""paye"": true, ""date_paiement"": ""2024-09-17T00:00:00""}, {""numero_echeance"": 6, ""date_echeance"": ""2024-10-17T00:00:00"", ""montant_du"": 69683.37, ""paye"": true, ""date_paiement"": ""2024-10-17T00:00:00""}, {""numero_echeance"": 7, ""date_echeance"": ""2024-11-16T00:00:00"", ""montant_du"": 69683.37, ""paye"": true, ""date_paiement"": ""2024-11-16T00:00:00""}, {""numero_echeance"": 8, ""date_echeance"": ""2024-12-16T00:00:00"", ""montant_du"": 69683.37, ""paye"": true, ""date_paiement"": ""2024-12-16T00:00:00""}, {""numero_echeance"": 9, ""date_echeance"": ""2025-01-15T00:00:00"", ""montant_du"": 69683.37, ""paye"": false, ""date_paiement"": null}, {""numero_echeance"": 10, ""date_echeance"": ""2025-02-14T00:00:00"", ""montant_du"": 69683.37, ""paye"": true, ""date_paiement"": ""2025-02-14T00:00:00""}, {""numero_echeance"": 11, ""date_echeance"": ""2025-03-16T00:00:00"", ""montant_du"": 69683.37, ""paye"": true, ""date_paiement"": ""2025-03-16T00:00:00""}, {""numero_echeance"": 12, ""date_echeance"": ""2025-04-15T00:00:00"", ""montant_du"": 69683.37, ""paye"": true, ""date_paiement"": ""2025-04-15T00:00:00""}, {""numero_echeance"": 13, ""date_echeance"": ""2025-05-15T00:00:00"", ""montant_du"": 69683.37, ""paye"": false, ""date_paiement"": null}, {""numero_echeance"": 14, ""date_echeance"": ""2025-06-14T00:00:00"", ""montant_du"": 69683.37, ""paye"": false, ""date_paiement"": null}, {""numero_echeance"": 15, ""date_echeance"": ""2025-07-14T00:00:00"", ""montant_du"": 69683.37, ""paye"": true, ""date_paiement"": ""2025-07-14T00:00:00""}, {""numero_echeance"": 16, ""date_echeance"": ""2025-08-13T00:00:00"", ""montant_du"": 69683.37, ""paye"": false, ""date_paiement"": null}, {""numero_echeance"": 17, ""date_echeance"": ""2025-09-12T00:00:00"", ""montant_du"": 69683.37, ""paye"": false, ""date_paiement"": null}, {""numero_echeance"": 18, ""date_echeance"": ""2025-10-12T00:00:00"", ""montant_du"": 69683.37, ""paye"": false, ""date_paiement"": null}, {""numero_echeance"": 19, ""date_echeance"": ""2025-11-11T00:00:00"", ""montant_du"": 69683.37, ""paye"": true, ""date_paiement"": ""2025-11-11T00:00:00""}, {""numero_echeance"": 20, ""date_echeance"": ""2025-12-11T00:00:00"", ""montant_du"": 69683.37, ""paye"": false, ""date_paiement"": null}, {""numero_echeance"": 21, ""date_echeance"": ""2026-01-10T00:00:00"", ""montant_du"": 69683.37, ""paye"": true, ""date_paiement"": ""2026-01-10T00:00:00""}, {""numero_echeance"": 22, ""date_echeance"": ""2026-02-09T00:00:00"", ""montant_du"": 69683.37, ""paye"": true, ""date_paiement"": ""2026-02-09T00:00:00""}, {""numero_echeance"": 23, ""date_echeance"": ""2026-03-11T00:00:00"", ""montant_du"": 69683.37, ""paye"": true, ""date_paiement"": ""2026-03-11T00:00:00""}, {""numero_echeance"": 24, ""date_echeance"": ""2026-04-10T00:00:00"", ""montant_du"": 69683.37, ""paye"": true, ""date_paiement"": ""2026-04-10T00:00:00""}]",MBR-0065,1672400.82,en cours,4.69
PRT-0032,2024-12-12T00:00:00,3,"[{""numero_echeance"": 1, ""date_echeance"": ""2025-01-11T00:00:00"", ""montant_du"": 459662.3, ""paye"": false, ""date_paiement"": null}, {""numero_echeance"": 2, ""date_echeance"": ""2025-02-10T00:00:00"", ""montant_du"": 459662.3, ""paye"": true, ""date_paiement"": ""2025-02-10T00:00:00""}, {""numero_echeance"": 3, ""date_echeance"": ""2025-03-12T00:00:00"", ""montant_du"": 459662.3, ""paye"": false, ""date_paiement"": null}]",MBR-0140,1378986.9,en cours,4.25
PRT-0033,2025-11-28T00:00:00,18,"[{""numero_echeance"": 1, ""date_echeance"": ""2025-12-28T00:00:00"", ""montant_du"": 61775.93, ""paye"": false, ""date_paiement"": null}, {""numero_echeance"": 2, ""date_echeance"": ""2026-01-27T00:00:00"", ""montant_du"": 61775.93, ""paye"": false, ""date_paiement"": null}, {""numero_echeance"": 3, ""date_echeance"": ""2026-02-26T00:00:00"", ""montant_du"": 61775.93, ""paye"": true, ""date_paiement"": ""2026-02-26T00:00:00""}, {""numero_echeance"": 4, ""date_echeance"": ""2026-03-28T00:00:00"", ""montant_du"": 61775.93, ""paye"": false, ""date_paiement"": null}, {""numero_echeance"": 5, ""date_echeance"": ""2026-04-27T00:00:00"", ""montant_du"": 61775.93, ""paye"": false, ""date_paiement"": null}, {""numero_echeance"": 6, ""date_echeance"": ""2026-05-27T00:00:00"", ""montant_du"": 61775.93, ""paye"": true, ""date_paiement"": ""2026-05-27T00:00:00""}, {""numero_echeance"": 7, ""date_echeance"": ""2026-06-26T00:00:00"", ""montant_du"": 61775.93, ""paye"": false, ""date_paiement"": null}, {""numero_echeance"": 8, ""date_echeance"": ""2026-07-26T00:00:00"", ""montant_du"": 61775.93, ""paye"": true, ""date_paiement"": ""2026-07-26T00:00:00""}, {""numero_echeance"": 9, ""date_echeance"": ""2026-08-25T00:00:00"", ""montant_du"": 61775.93, ""paye"": true, ""date_paiement"": ""2026-08-25T00:00:00""}, {""numero_echeance"": 10, ""date_echeance"": ""2026-09-24T00:00:00"", ""montant_du"": 61775.93, ""paye"": false, ""date_paiement"": null}, {""numero_echeance"": 11, ""date_echeance"": ""2026-10-24T00:00:00"", ""montant_du"": 61775.93, ""paye"": true, ""date_paiement"": ""2026-10-24T00:00:00""}, {""numero_echeance"": 12, ""date_echeance"": ""2026-11-23T00:00:00"", ""montant_du"": 61775.93, ""paye"": false, ""date_paiement"": null}, {""numero_echeance"": 13, ""date_echeance"": ""2026-12-23T00:00:00"", ""montant_du"": 61775.93, ""paye"": true, ""date_paiement"": ""2026-12-23T00:00:00""}, {""numero_echeance"": 14, ""date_echeance"": ""2027-01-22T00:00:00"", ""montant_du"": 61775.93, ""paye"": true, ""date_paiement"": ""2027-01-22T00:00:00""}, {""numero_echeance"": 15, ""date_echeance"": ""2027-02-21T00:00:00"", ""montant_du"": 61775.93, ""paye"": true, ""date_paiement"": ""2027-02-21T00:00:00""}, {""numero_echeance"": 16, ""date_echeance"": ""2027-03-23T00:00:00"", ""montant_du"": 61775.93, ""paye"": true, ""date_paiement"": ""2027-03-23T00:00:00""}, {""numero_echeance"": 17, ""date_echeance"": ""2027-04-22T00:00:00"", ""montant_du"": 61775.93, ""paye"": true, ""date_paiement"": ""2027-04-22T00:00:00""}, {""numero_echeance"": 18, ""date_echeance"": ""2027-05-22T00:00:00"", ""montant_du"": 61775.93, ""paye"": false, ""date_paiement"": null}]",MBR-0151,1111966.8,en cours,6.0
PRT-0034,2025-11-26T00:00:00,18,"[{""numero_echeance"": 1, ""date_echeance"": ""2025-12-26T00:00:00"", ""montant_du"": 75781.77, ""paye"": false, ""date_paiement"": null}, {""numero_echeance"": 2, ""date_echeance"": ""2026-01-25T00:00:00"", ""montant_du"": 75781.77, ""paye"": false, ""date_paiement"": null}, {""numero_echeance"": 3, ""date_echeance"": ""2026-02-24T00:00:00"", ""montant_du"": 75781.77, ""paye"": false, ""date_paiement"": null}, {""numero_echeance"": 4, ""date_echeance"": ""2026-03-26T00:00:00"", ""montant_du"": 75781.77, ""paye"": false, ""date_paiement"": null}, {""numero_echeance"": 5, ""date_echeance"": ""2026-04-25T00:00:00"", ""montant_du"": 75781.77, ""paye"": false, ""date_paiement"": null}, {""numero_echeance"": 6, ""date_echeance"": ""2026-05-25T00:00:00"", ""montant_du"": 75781.77, ""paye"": false, ""date_paiement"": null}, {""numero_echeance"": 7, ""date_echeance"": ""2026-06-24T00:00:00"", ""montant_du"": 75781.77, ""paye"": false, ""date_paiement"": null}, {""numero_echeance"": 8, ""date_echeance"": ""2026-07-24T00:00:00"", ""montant_du"": 75781.77, ""paye"": false, ""date_paiement"": null}, {""numero_echeance"": 9, ""date_echeance"": ""2026-08-23T00:00:00"", ""montant_du"": 75781.77, ""paye"": false, ""date_paiement"": null}, {""numero_echeance"": 10, ""date_echeance"": ""2026-09-22T00:00:00"", ""montant_du"": 75781.77, ""paye"": false, ""date_paiement"": null}, {""numero_echeance"": 11, ""date_echeance"": ""2026-10-22T00:00:00"", ""montant_du"": 75781.77, ""paye"": true, ""date_paiement"": ""2026-10-22T00:00:00""}, {""numero_echeance"": 12, ""date_echeance"": ""2026-11-21T00:00:00"", ""montant_du"": 75781.77, ""paye"": false, ""date_paiement"": null}, {""numero_echeance"": 13, ""date_echeance"": ""2026-12-21T00:00:00"", ""montant_du"": 75781.77, ""paye"": false, ""date_paiement"": null}, {""numero_echeance"": 14, ""date_echeance"": ""2027-01-20T00:00:00"", ""montant_du"": 75781.77, ""paye"": true, ""date_paiement"": ""2027-01-20T00:00:00""}, {""numero_echeance"": 15, ""date_echeance"": ""2027-02-19T00:00:00"", ""montant_du"": 75781.77, ""paye"": false, ""date_paiement"": null}, {""numero_echeance"": 16, ""date_echeance"": ""2027-03-21T00:00:00"", ""montant_du"": 75781.77, ""paye"": false, ""date_paiement"": null}, {""numero_echeance"": 17, ""date_echeance"": ""2027-04-20T00:00:00"", ""montant_du"": 75781.77, ""paye"": true, ""date_paiement"": ""2027-04-20T00:00:00""}, {""numero_echeance"": 18, ""date_echeance"": ""2027-05-20T00:00:00"", ""montant_du"": 75781.77, ""paye"": true, ""date_paiement"": ""2027-05-20T00:00:00""}]",MBR-0084,1364071.92,en retard,2.97
PRT-0035,2025-08-07T00:00:00,3,"[{""numero_echeance"": 1, ""date_echeance"": ""2025-09-06T00:00:00"", ""montant_du"": 440012.76, ""paye"": false, ""date_paiement"": null}, {""numero_echeance"": 2, ""date_echeance"": ""2025-10-06T00:00:00"", ""montant_du"": 440012.76, ""paye"": false, ""date_paiement"": null}, {""numero_echeance"": 3, ""date_echeance"": ""2025-11-05T00:00:00"", ""montant_du"": 440012.76, ""paye"": false, ""date_paiement"": null}]",MBR-0134,1320038.29,en cours,7.65
PRT-0036,2025-11-29T00:00:00,24,"[{""numero_echeance"": 1, ""date_echeance"": ""2025-12-29T00:00:00"", ""montant_du"": 79668.24, ""paye"": true, ""date_paiement"": ""2025-12-28T00:00:00""}, {""numero_echeance"": 2, ""date_echeance"": ""2026-01-28T00:00:00"", ""montant_du"": 79668.24, ""paye"": true, ""date_paiement"": ""2026-01-25T00:00:00""}, {""numero_echeance"": 3, ""date_echeance"": ""2026-02-27T00:00:00"", ""montant_du"": 79668.24, ""paye"": true, ""date_paiement"": ""2026-02-23T00:00:00""}, {""numero_echeance"": 4, ""date_echeance"": ""2026-03-29T00:00:00"", ""montant_du"": 79668.24, ""paye"": true, ""date_paiement"": ""2026-03-25T00:00:00""}, {""numero_echeance"": 5, ""date_echeance"": ""2026-04-28T00:00:00"", ""montant_du"": 79668.24, ""paye"": true, ""date_paiement"": ""2026-04-24T00:00:00""}, {""numero_echeance"": 6, ""date_echeance"": ""2026-05-28T00:00:00"", ""montant_du"": 79668.24, ""paye"": true, ""date_paiement"": ""2026-05-26T00:00:00""}, {""numero_echeance"": 7, ""date_echeance"": ""2026-06-27T00:00:00"", ""montant_du"": 79668.24, ""paye"": true, ""date_paiement"": ""2026-06-23T00:00:00""}, {""numero_echeance"": 8, ""date_echeance"": ""2026-07-27T00:00:00"", ""montant_du"": 79668.24, ""paye"": true, ""date_paiement"": ""2026-07-27T00:00:00""}, {""numero_echeance"": 9, ""date_echeance"": ""2026-08-26T00:00:00"", ""montant_du"": 79668.24, ""paye"": true, ""date_paiement"": ""2026-08-25T00:00:00""}, {""numero_echeance"": 10, ""date_echeance"": ""2026-09-25T00:00:00"", ""montant_du"": 79668.24, ""paye"": true, ""date_paiement"": ""2026-09-24T00:00:00""}, {""numero_echeance"": 11, ""date_echeance"": ""2026-10-25T00:00:00"", ""montant_du"": 79668.24, ""paye"": true, ""date_paiement"": ""2026-10-25T00:00:00""}, {""numero_echeance"": 12, ""date_echeance"": ""2026-11-24T00:00:00"", ""montant_du"": 79668.24, ""paye"": true, ""date_paiement"": ""2026-11-22T00:00:00""}, {""numero_echeance"": 13, ""date_echeance"": ""2026-12-24T00:00:00"", ""montant_du"": 79668.24, ""paye"": true, ""date_paiement"": ""2026-12-24T00:00:00""}, {""numero_echeance"": 14, ""date_echeance"": ""2027-01-23T00:00:00"", ""montant_du"": 79668.24, ""paye"": true, ""date_paiement"": ""2027-01-19T00:00:00""}, {""numero_echeance"": 15, ""date_echeance"": ""2027-02-22T00:00:00"", ""montant_du"": 79668.24, ""paye"": true, ""date_paiement"": ""2027-02-17T00:00:00""}, {""numero_echeance"": 16, ""date_echeance"": ""2027-03-24T00:00:00"", ""montant_du"": 79668.24, ""paye"": true, ""date_paiement"": ""2027-03-19T00:00:00""}, {""numero_echeance"": 17, ""date_echeance"": ""2027-04-23T00:00:00"", ""montant_du"": 79668.24, ""paye"": true, ""date_paiement"": ""2027-04-22T00:00:00""}, {""numero_echeance"": 18, ""date_echeance"": ""2027-05-23T00:00:00"", ""montant_du"": 79668.24, ""paye"": true, ""date_paiement"": ""2027-05-18T00:00:00""}, {""numero_echeance"": 19, ""date_echeance"": ""2027-06-22T00:00:00"", ""montant_du"": 79668.24, ""paye"": true, ""date_paiement"": ""2027-06-18T00:00:00""}, {""numero_echeance"": 20, ""date_echeance"": ""2027-07-22T00:00:00"", ""montant_du"": 79668.24, ""paye"": true, ""date_paiement"": ""2027-07-19T00:00:00""}, {""numero_echeance"": 21, ""date_echeance"": ""2027-08-21T00:00:00"", ""montant_du"": 79668.24, ""paye"": true, ""date_paiement"": ""2027-08-16T00:00:00""}, {""numero_echeance"": 22, ""date_echeance"": ""2027-09-20T00:00:00"", ""montant_du"": 79668.24, ""paye"": true, ""date_paiement"": ""2027-09-16T00:00:00""}, {""numero_echeance"": 23, ""date_echeance"": ""2027-10-20T00:00:00"", ""montant_du"": 79668.24, ""paye"": true, ""date_paiement"": ""2027-10-15T00:00:00""}, {""numero_echeance"": 24, ""date_echeance"": ""2027-11-19T00:00:00"", ""montant_du"": 79668.24, ""paye"": true, ""date_paiement"": ""2027-11-14T00:00:00""}]",MBR-0153,1912037.86,soldé,5.57
PRT-0037,2024-11-01T00:00:00,6,"[{""numero_echeance"": 1, ""date_echeance"": ""2024-12-01T00:00:00"", ""montant_du"": 173225.73, ""paye"": false, ""date_paiement"": null}, {""numero_echeance"": 2, ""date_echeance"": ""2024-12-31T00:00:00"", ""montant_du"": 173225.73, ""paye"": false, ""date_paiement"": null}, {""numero_echeance"": 3, ""date_echeance"": ""2025-01-30T00:00:00"", ""montant_du"": 173225.73, ""paye"": false, ""date_paiement"": null}, {""numero_echeance"": 4, ""date_echeance"": ""2025-03-01T00:00:00"", ""montant_du"": 173225.73, ""paye"": false, ""date_paiement"": null}, {""numero_echeance"": 5, ""date_echeance"": ""2025-03-31T00:00:00"", ""montant_du"": 173225.73, ""paye"": false, ""date_paiement"": null}, {""numero_echeance"": 6, ""date_echeance"": ""2025-04-30T00:00:00"", ""montant_du"": 173225.73, ""paye"": false, ""date_paiement"": null}]",MBR-0065,1039354.4,en retard,4.11
PRT-0038,2025-10-06T00:00:00,24,"[{""numero_echeance"": 1, ""date_echeance"": ""2025-11-05T00:00:00"", ""montant_du"": 70831.85, ""paye"": true, ""date_paiement"": ""2025-11-05T00:00:00""}, {""numero_echeance"": 2, ""date_echeance"": ""2025-12-05T00:00:00"", ""montant_du"": 70831.85, ""paye"": false, ""date_paiement"": null}, {""numero_echeance"": 3, ""date_echeance"": ""2026-01-04T00:00:00"", ""montant_du"": 70831.85, ""paye"": false, ""date_paiement"": null}, {""numero_echeance"": 4, ""date_echeance"": ""2026-02-03T00:00:00"", ""montant_du"": 70831.85, ""paye"": false, ""date_paiement"": null}, {""numero_echeance"": 5, ""date_echeance"": ""2026-03-05T00:00:00"", ""montant_du"": 70831.85, ""paye"": false, ""date_paiement"": null}, {""numero_echeance"": 6, ""date_echeance"": ""2026-04-04T00:00:00"", ""montant_du"": 70831.85, ""paye"": true, ""date_paiement"": ""2026-04-04T00:00:00""}, {""numero_echeance"": 7, ""date_echeance"": ""2026-05-04T00:00:00"", ""montant_du"": 70831.85, ""paye"": false, ""date_paiement"": null}, {""numero_echeance"": 8, ""date_echeance"": ""2026-06-03T00:00:00"", ""montant_du"": 70831.85, ""paye"": true, ""date_paiement"": ""2026-06-03T00:00:00""}, {""numero_echeance"": 9, ""date_echeance"": ""2026-07-03T00:00:00"", ""montant_du"": 70831.85, ""paye"": false, ""date_paiement"": null}, {""numero_echeance"": 10, ""date_echeance"": ""2026-08-02T00:00:00"", ""montant_du"": 70831.85, ""paye"": true, ""date_paiement"": ""2026-08-02T00:00:00""}, {""numero_echeance"": 11, ""date_echeance"": ""2026-09-01T00:00:00"", ""montant_du"": 70831.85, ""paye"": true, ""date_paiement"": ""2026-09-01T00:00:00""}, {""numero_echeance"": 12, ""date_echeance"": ""2026-10-01T00:00:00"", ""montant_du"": 70831.85, ""paye"": false, ""date_paiement"": null}, {""numero_echeance"": 13, ""date_echeance"": ""2026-10-31T00:00:00"", ""montant_du"": 70831.85, ""paye"": false, ""date_paiement"": null}, {""numero_echeance"": 14, ""date_echeance"": ""2026-11-30T00:00:00"", ""montant_du"": 70831.85, ""paye"": false, ""date_paiement"": null}, {""numero_echeance"": 15, ""date_echeance"": ""2026-12-30T00:00:00"", ""montant_du"": 70831.85, ""paye"": false, ""date_paiement"": null}, {""numero_echeance"": 16, ""date_echeance"": ""2027-01-29T00:00:00"", ""montant_du"": 70831.85, ""paye"": true, ""date_paiement"": ""2027-01-29T00:00:00""}, {""numero_echeance"": 17, ""date_echeance"": ""2027-02-28T00:00:00"", ""montant_du"": 70831.85, ""paye"": true, ""date_paiement"": ""2027-02-28T00:00:00""}, {""numero_echeance"": 18, ""date_echeance"": ""2027-03-30T00:00:00"", ""montant_du"": 70831.85, ""paye"": true, ""date_paiement"": ""2027-03-30T00:00:00""}, {""numero_echeance"": 19, ""date_echeance"": ""2027-04-29T00:00:00"", ""montant_du"": 70831.85, ""paye"": false, ""date_paiement"": null}, {""numero_echeance"": 20, ""date_echeance"": ""2027-05-29T00:00:00"", ""montant_du"": 70831.85, ""paye"": false, ""date_paiement"": null}, {""numero_echeance"": 21, ""date_echeance"": ""2027-06-28T00:00:00"", ""montant_du"": 70831.85, ""paye"": false, ""date_paiement"": null}, {""numero_echeance"": 22, ""date_echeance"": ""2027-07-28T00:00:00"", ""montant_du"": 70831.85, ""paye"": true, ""date_paiement"": ""2027-07-28T00:00:00""}, {""numero_echeance"": 23, ""date_echeance"": ""2027-08-27T00:00:00"", ""montant_du"": 70831.85, ""paye"": true, ""date_paiement"": ""2027-08-27T00:00:00""}, {""numero_echeance"": 24, ""date_echeance"": ""2027-09-26T00:00:00"", ""montant_du"": 70831.85, ""paye"": false, ""date_paiement"": null}]",MBR-0087,1699964.29,en cours,5.85
PRT-0039,2024-06-02T00:00:00,24,"[{""numero_echeance"": 1, ""date_echeance"": ""2024-07-02T00:00:00"", ""montant_du"": 51680.93, ""paye"": false, ""date_paiement"": null}, {""numero_echeance"": 2, ""date_echeance"": ""2024-08-01T00:00:00"", ""montant_du"": 51680.93, ""paye"": false, ""date_paiement"": null}, {""numero_echeance"": 3, ""date_echeance"": ""2024-08-31T00:00:00"", ""montant_du"": 51680.93, ""paye"": false, ""date_paiement"": null}, {""numero_echeance"": 4, ""date_echeance"": ""2024-09-30T00:00:00"", ""montant_du"": 51680.93, ""paye"": false, ""date_paiement"": null}, {""numero_echeance"": 5, ""date_echeance"": ""2024-10-30T00:00:00"", ""montant_du"": 51680.93, ""paye"": false, ""date_paiement"": null}, {""numero_echeance"": 6, ""date_echeance"": ""2024-11-29T00:00:00"", ""montant_du"": 51680.93, ""paye"": false, ""date_paiement"": null}, {""numero_echeance"": 7, ""date_echeance"": ""2024-12-29T00:00:00"", ""montant_du"": 51680.93, ""paye"": false, ""date_paiement"": null}, {""numero_echeance"": 8, ""date_echeance"": ""2025-01-28T00:00:00"", ""montant_du"": 51680.93, ""paye"": false, ""date_paiement"": null}, {""numero_echeance"": 9, ""date_echeance"": ""2025-02-27T00:00:00"", ""montant_du"": 51680.93, ""paye"": false, ""date_paiement"": null}, {""numero_echeance"": 10, ""date_echeance"": ""2025-03-29T00:00:00"", ""montant_du"": 51680.93, ""paye"": false, ""date_paiement"": null}, {""numero_echeance"": 11, ""date_echeance"": ""2025-04-28T00:00:00"", ""montant_du"": 51680.93, ""paye"": false, ""date_paiement"": null}, {""numero_echeance"": 12, ""date_echeance"": ""2025-05-28T00:00:00"", ""montant_du"": 51680.93, ""paye"": false, ""date_paiement"": null}, {""numero_echeance"": 13, ""date_echeance"": ""2025-06-27T00:00:00"", ""montant_du"": 51680.93, ""paye"": false, ""date_paiement"": null}, {""numero_echeance"": 14, ""date_echeance"": ""2025-07-27T00:00:00"", ""montant_du"": 51680.93, ""paye"": false, ""date_paiement"": null}, {""numero_echeance"": 15, ""date_echeance"": ""2025-08-26T00:00:00"", ""montant_du"": 51680.93, ""paye"": false, ""date_paiement"": null}, {""numero_echeance"": 16, ""date_echeance"": ""2025-09-25T00:00:00"", ""montant_du"": 51680.93, ""paye"": false, ""date_paiement"": null}, {""numero_echeance"": 17, ""date_echeance"": ""2025-10-25T00:00:00"", ""montant_du"": 51680.93, ""paye"": false, ""date_paiement"": null}, {""numero_echeance"": 18, ""date_echeance"": ""2025-11-24T00:00:00"", ""montant_du"": 51680.93, ""paye"": false, ""date_paiement"": null}, {""numero_echeance"": 19, ""date_echeance"": ""2025-12-24T00:00:00"", ""montant_du"": 51680.93, ""paye"": false, ""date_paiement"": null}, {""numero_echeance"": 20, ""date_echeance"": ""2026-01-23T00:00:00"", ""montant_du"": 51680.93, ""paye"": false, ""date_paiement"": null}, {""numero_echeance"": 21, ""date_echeance"": ""2026-02-22T00:00:00"", ""montant_du"": 51680.93, ""paye"": false, ""date_paiement"": null}, {""numero_echeance"": 22, ""date_echeance"": ""2026-03-24T00:00:00"", ""montant_du"": 51680.93, ""paye"": false, ""date_paiement"": null}, {""numero_echeance"": 23, ""date_echeance"": ""2026-04-23T00:00:00"", ""montant_du"": 51680.93, ""paye"": false, ""date_paiement"": null}, {""numero_echeance"": 24, ""date_echeance"": ""2026-05-23T00:00:00"", ""montant_du"": 51680.93, ""paye"": false, ""date_paiement"": null}]",MBR-0127,1240342.26,en retard,5.21
PRT-0040,2024-05-12T00:00:00,6,"[{""numero_echeance"": 1, ""date_echeance"": ""2024-06-11T00:00:00"", ""montant_du"": 305811.77, ""paye"": true, ""date_paiement"": ""2024-06-07T00:00:00""}, {""numero_echeance"": 2, ""date_echeance"": ""2024-07-11T00:00:00"", ""montant_du"": 305811.77, ""paye"": true, ""date_paiement"": ""2024-07-07T00:00:00""}, {""numero_echeance"": 3, ""date_echeance"": ""2024-08-10T00:00:00"", ""montant_du"": 305811.77, ""paye"": true, ""date_paiement"": ""2024-08-09T00:00:00""}, {""numero_echeance"": 4, ""date_echeance"": ""2024-09-09T00:00:00"", ""montant_du"": 305811.77, ""paye"": true, ""date_paiement"": ""2024-09-06T00:00:00""}, {""numero_echeance"": 5, ""date_echeance"": ""2024-10-09T00:00:00"", ""montant_du"": 305811.77, ""paye"": true, ""date_paiement"": ""2024-10-04T00:00:00""}, {""numero_echeance"": 6, ""date_echeance"": ""2024-11-08T00:00:00"", ""montant_du"": 305811.77, ""paye"": true, ""date_paiement"": ""2024-11-08T00:00:00""}]",MBR-0148,1834870.64,soldé,5.28
PRT-0041,2025-10-20T00:00:00,18,"[{""numero_echeance"": 1, ""date_echeance"": ""2025-11-19T00:00:00"", ""montant_du"": 37255.28, ""paye"": true, ""date_paiement"": ""2025-11-19T00:00:00""}, {""numero_echeance"": 2, ""date_echeance"": ""2025-12-19T00:00:00"", ""montant_du"": 37255.28, ""paye"": false, ""date_paiement"": null}, {""numero_echeance"": 3, ""date_echeance"": ""2026-01-18T00:00:00"", ""montant_du"": 37255.28, ""paye"": true, ""date_paiement"": ""2026-01-18T00:00:00""}, {""numero_echeance"": 4, ""date_echeance"": ""2026-02-17T00:00:00"", ""montant_du"": 37255.28, ""paye"": false, ""date_paiement"": null}, {""numero_echeance"": 5, ""date_echeance"": ""2026-03-19T00:00:00"", ""montant_du"": 37255.28, ""paye"": true, ""date_paiement"": ""2026-03-19T00:00:00""}, {""numero_echeance"": 6, ""date_echeance"": ""2026-04-18T00:00:00"", ""montant_du"": 37255.28, ""paye"": false, ""date_paiement"": null}, {""numero_echeance"": 7, ""date_echeance"": ""2026-05-18T00:00:00"", ""montant_du"": 37255.28, ""paye"": false, ""date_paiement"": null}, {""numero_echeance"": 8, ""date_echeance"": ""2026-06-17T00:00:00"", ""montant_du"": 37255.28, ""paye"": false, ""date_paiement"": null}, {""numero_echeance"": 9, ""date_echeance"": ""2026-07-17T00:00:00"", ""montant_du"": 37255.28, ""paye"": false, ""date_paiement"": null}, {""numero_echeance"": 10, ""date_echeance"": ""2026-08-16T00:00:00"", ""montant_du"": 37255.28, ""paye"": false, ""date_paiement"": null}, {""numero_echeance"": 11, ""date_echeance"": ""2026-09-15T00:00:00"", ""montant_du"": 37255.28, ""paye"": true, ""date_paiement"": ""2026-09-15T00:00:00""}, {""numero_echeance"": 12, ""date_echeance"": ""2026-10-15T00:00:00"", ""montant_du"": 37255.28, ""paye"": true, ""date_paiement"": ""2026-10-15T00:00:00""}, {""numero_echeance"": 13, ""date_echeance"": ""2026-11-14T00:00:00"", ""montant_du"": 37255.28, ""paye"": true, ""date_paiement"": ""2026-11-14T00:00:00""}, {""numero_echeance"": 14, ""date_echeance"": ""2026-12-14T00:00:00"", ""montant_du"": 37255.28, ""paye"": true, ""date_paiement"": ""2026-12-14T00:00:00""}, {""numero_echeance"": 15, ""date_echeance"": ""2027-01-13T00:00:00"", ""montant_du"": 37255.28, ""paye"": false, ""date_paiement"": null}, {""numero_echeance"": 16, ""date_echeance"": ""2027-02-12T00:00:00"", ""montant_du"": 37255.28, ""paye"": true, ""date_paiement"": ""2027-02-12T00:00:00""}, {""numero_echeance"": 17, ""date_echeance"": ""2027-03-14T00:00:00"", ""montant_du"": 37255.28, ""paye"": false, ""date_paiement"": null}, {""numero_echeance"": 18, ""date_echeance"": ""2027-04-13T00:00:00"", ""montant_du"": 37255.28, ""paye"": false, ""date_paiement"": null}]",MBR-0137,670595.02,en cours,5.38
PRT-0042,2025-04-16T00:00:00,18,"[{""numero_echeance"": 1, ""date_echeance"": ""2025-05-16T00:00:00"", ""montant_du"": 29991.73, ""paye"": false, ""date_paiement"": null}, {""numero_echeance"": 2, ""date_echeance"": ""2025-06-15T00:00:00"", ""montant_du"": 29991.73, ""paye"": false, ""date_paiement"": null}, {""numero_echeance"": 3, ""date_echeance"": ""2025-07-15T00:00:00"", ""montant_du"": 29991.73, ""paye"": false, ""date_paiement"": null}, {""numero_echeance"": 4, ""date_echeance"": ""2025-08-14T00:00:00"", ""montant_du"": 29991.73, ""paye"": false, ""date_paiement"": null}, {""numero_echeance"": 5, ""date_echeance"": ""2025-09-13T00:00:00"", ""montant_du"": 29991.73, ""paye"": false, ""date_paiement"": null}, {""numero_echeance"": 6, ""date_echeance"": ""2025-10-13T00:00:00"", ""montant_du"": 29991.73, ""paye"": false, ""date_paiement"": null}, {""numero_echeance"": 7, ""date_echeance"": ""2025-11-12T00:00:00"", ""montant_du"": 29991.73, ""paye"": false, ""date_paiement"": null}, {""numero_echeance"": 8, ""date_echeance"": ""2025-12-12T00:00:00"", ""montant_du"": 29991.73, ""paye"": false, ""date_paiement"": null}, {""numero_echeance"": 9, ""date_echeance"": ""2026-01-11T00:00:00"", ""montant_du"": 29991.73, ""paye"": false, ""date_paiement"": null}, {""numero_echeance"": 10, ""date_echeance"": ""2026-02-10T00:00:00"", ""montant_du"": 29991.73, ""paye"": false, ""date_paiement"": null}, {""numero_echeance"": 11, ""date_echeance"": ""2026-03-12T00:00:00"", ""montant_du"": 29991.73, ""paye"": false, ""date_paiement"": null}, {""numero_echeance"": 12, ""date_echeance"": ""2026-04-11T00:00:00"", ""montant_du"": 29991.73, ""paye"": false, ""date_paiement"": null}, {""numero_echeance"": 13, ""date_echeance"": ""2026-05-11T00:00:00"", ""montant_du"": 29991.73, ""paye"": false, ""date_paiement"": null}, {""numero_echeance"": 14, ""date_echeance"": ""2026-06-10T00:00:00"", ""montant_du"": 29991.73, ""paye"": false, ""date_paiement"": null}, {""numero_echeance"": 15, ""date_echeance"": ""2026-07-10T00:00:00"", ""montant_du"": 29991.73, ""paye"": false, ""date_paiement"": null}, {""numero_echeance"": 16, ""date_echeance"": ""2026-08-09T00:00:00"", ""montant_du"": 29991.73, ""paye"": false, ""date_paiement"": null}, {""numero_echeance"": 17, ""date_echeance"": ""2026-09-08T00:00:00"", ""montant_du"": 29991.73, ""paye"": false, ""date_paiement"": null}, {""numero_echeance"": 18, ""date_echeance"": ""2026-10-08T00:00:00"", ""montant_du"": 29991.73, ""paye"": true, ""date_paiement"": ""2026-10-08T00:00:00""}]",MBR-0069,539851.19,en retard,7.64
PRT-0043,2024-07-09T00:00:00,12,"[{""numero_echeance"": 1, ""date_echeance"": ""2024-08-08T00:00:00"", ""montant_du"": 61532.4, ""paye"": false, ""date_paiement"": null}, {""numero_echeance"": 2, ""date_echeance"": ""2024-09-07T00:00:00"", ""montant_du"": 61532.4, ""paye"": false, ""date_paiement"": null}, {""numero_echeance"": 3, ""date_echeance"": ""2024-10-07T00:00:00"", ""montant_du"": 61532.4, ""paye"": false, ""date_paiement"": null}, {""numero_echeance"": 4, ""date_echeance"": ""2024-11-06T00:00:00"", ""montant_du"": 61532.4, ""paye"": false, ""date_paiement"": null}, {""numero_echeance"": 5, ""date_echeance"": ""2024-12-06T00:00:00"", ""montant_du"": 61532.4, ""paye"": false, ""date_paiement"": null}, {""numero_echeance"": 6, ""date_echeance"": ""2025-01-05T00:00:00"", ""montant_du"": 61532.4, ""paye"": false, ""date_paiement"": null}, {""numero_echeance"": 7, ""date_echeance"": ""2025-02-04T00:00:00"", ""montant_du"": 61532.4, ""paye"": false, ""date_paiement"": null}, {""numero_echeance"": 8, ""date_echeance"": ""2025-03-06T00:00:00"", ""montant_du"": 61532.4, ""paye"": false, ""date_paiement"": null}, {""numero_echeance"": 9, ""date_echeance"": ""2025-04-05T00:00:00"", ""montant_du"": 61532.4, ""paye"": false, ""date_paiement"": null}, {""numero_echeance"": 10, ""date_echeance"": ""2025-05-05T00:00:00"", ""montant_du"": 61532.4, ""paye"": false, ""date_paiement"": null}, {""numero_echeance"": 11, ""date_echeance"": ""2025-06-04T00:00:00"", ""montant_du"": 61532.4, ""paye"": false, ""date_paiement"": null}, {""numero_echeance"": 12, ""date_echeance"": ""2025-07-04T00:00:00"", ""montant_du"": 61532.4, ""paye"": false, ""date_paiement"": null}]",MBR-0036,738388.86,en retard,6.98
PRT-0044,2025-08-12T00:00:00,24,"[{""numero_echeance"": 1, ""date_echeance"": ""2025-09-11T00:00:00"", ""montant_du"": 53591.69, ""paye"": true, ""date_paiement"": ""2025-09-08T00:00:00""}, {""numero_echeance"": 2, ""date_echeance"": ""2025-10-11T00:00:00"", ""montant_du"": 53591.69, ""paye"": true, ""date_paiement"": ""2025-10-10T00:00:00""}, {""numero_echeance"": 3, ""date_echeance"": ""2025-11-10T00:00:00"", ""montant_du"": 53591.69, ""paye"": true, ""date_paiement"": ""2025-11-09T00:00:00""}, {""numero_echeance"": 4, ""date_echeance"": ""2025-12-10T00:00:00"", ""montant_du"": 53591.69, ""paye"": true, ""date_paiement"": ""2025-12-06T00:00:00""}, {""numero_echeance"": 5, ""date_echeance"": ""2026-01-09T00:00:00"", ""montant_du"": 53591.69, ""paye"": true, ""date_paiement"": ""2026-01-05T00:00:00""}, {""numero_echeance"": 6, ""date_echeance"": ""2026-02-08T00:00:00"", ""montant_du"": 53591.69, ""paye"": true, ""date_paiement"": ""2026-02-08T00:00:00""}, {""numero_echeance"": 7, ""date_echeance"": ""2026-03-10T00:00:00"", ""montant_du"": 53591.69, ""paye"": true, ""date_paiement"": ""2026-03-08T00:00:00""}, {""numero_echeance"": 8, ""date_echeance"": ""2026-04-09T00:00:00"", ""montant_du"": 53591.69, ""paye"": true, ""date_paiement"": ""2026-04-06T00:00:00""}, {""numero_echeance"": 9, ""date_echeance"": ""2026-05-09T00:00:00"", ""montant_du"": 53591.69, ""paye"": true, ""date_paiement"": ""2026-05-08T00:00:00""}, {""numero_echeance"": 10, ""date_echeance"": ""2026-06-08T00:00:00"", ""montant_du"": 53591.69, ""paye"": true, ""date_paiement"": ""2026-06-06T00:00:00""}, {""numero_echeance"": 11, ""date_echeance"": ""2026-07-08T00:00:00"", ""montant_du"": 53591.69, ""paye"": true, ""date_paiement"": ""2026-07-08T00:00:00""}, {""numero_echeance"": 12, ""date_echeance"": ""2026-08-07T00:00:00"", ""montant_du"": 53591.69, ""paye"": true, ""date_paiement"": ""2026-08-02T00:00:00""}, {""numero_echeance"": 13, ""date_echeance"": ""2026-09-06T00:00:00"", ""montant_du"": 53591.69, ""paye"": true, ""date_paiement"": ""2026-09-01T00:00:00""}, {""numero_echeance"": 14, ""date_echeance"": ""2026-10-06T00:00:00"", ""montant_du"": 53591.69, ""paye"": true, ""date_paiement"": ""2026-10-04T00:00:00""}, {""numero_echeance"": 15, ""date_echeance"": ""2026-11-05T00:00:00"", ""montant_du"": 53591.69, ""paye"": true, ""date_paiement"": ""2026-11-04T00:00:00""}, {""numero_echeance"": 16, ""date_echeance"": ""2026-12-05T00:00:00"", ""montant_du"": 53591.69, ""paye"": true, ""date_paiement"": ""2026-12-01T00:00:00""}, {""numero_echeance"": 17, ""date_echeance"": ""2027-01-04T00:00:00"", ""montant_du"": 53591.69, ""paye"": true, ""date_paiement"": ""2027-01-02T00:00:00""}, {""numero_echeance"": 18, ""date_echeance"": ""2027-02-03T00:00:00"", ""montant_du"": 53591.69, ""paye"": true, ""date_paiement"": ""2027-01-29T00:00:00""}, {""numero_echeance"": 19, ""date_echeance"": ""2027-03-05T00:00:00"", ""montant_du"": 53591.69, ""paye"": true, ""date_paiement"": ""2027-03-02T00:00:00""}, {""numero_echeance"": 20, ""date_echeance"": ""2027-04-04T00:00:00"", ""montant_du"": 53591.69, ""paye"": true, ""date_paiement"": ""2027-04-03T00:00:00""}, {""numero_echeance"": 21, ""date_echeance"": ""2027-05-04T00:00:00"", ""montant_du"": 53591.69, ""paye"": true, ""date_paiement"": ""2027-05-02T00:00:00""}, {""numero_echeance"": 22, ""date_echeance"": ""2027-06-03T00:00:00"", ""montant_du"": 53591.69, ""paye"": true, ""date_paiement"": ""2027-05-31T00:00:00""}, {""numero_echeance"": 23, ""date_echeance"": ""2027-07-03T00:00:00"", ""montant_du"": 53591.69, ""paye"": true, ""date_paiement"": ""2027-07-02T00:00:00""}, {""numero_echeance"": 24, ""date_echeance"": ""2027-08-02T00:00:00"", ""montant_du"": 53591.69, ""paye"": true, ""date_paiement"": ""2027-07-29T00:00:00""}]",MBR-0064,1286200.59,soldé,3.23
PRT-0045,2024-12-17T00:00:00,6,"[{""numero_echeance"": 1, ""date_echeance"": ""2025-01-16T00:00:00"", ""montant_du"": 139520.04, ""paye"": false, ""date_paiement"": null}, {""numero_echeance"": 2, ""date_echeance"": ""2025-02-15T00:00:00"", ""montant_du"": 139520.04, ""paye"": false, ""date_paiement"": null}, {""numero_echeance"": 3, ""date_echeance"": ""2025-03-17T00:00:00"", ""montant_du"": 139520.04, ""paye"": false, ""date_paiement"": null}, {""numero_echeance"": 4, ""date_echeance"": ""2025-04-16T00:00:00"", ""montant_du"": 139520.04, ""paye"": false, ""date_paiement"": null}, {""numero_echeance"": 5, ""date_echeance"": ""2025-05-16T00:00:00"", ""montant_du"": 139520.04, ""paye"": false, ""date_paiement"": null}, {""numero_echeance"": 6, ""date_echeance"": ""2025-06-15T00:00:00"", ""montant_du"": 139520.04, ""paye"": false, ""date_paiement"": null}]",MBR-0044,837120.25,en retard,5.74
PRT-0046,2025-05-31T00:00:00,6,"[{""numero_echeance"": 1, ""date_echeance"": ""2025-06-30T00:00:00"", ""montant_du"": 262380.17, ""paye"": false, ""date_paiement"": null}, {""numero_echeance"": 2, ""date_echeance"": ""2025-07-30T00:00:00"", ""montant_du"": 262380.17, ""paye"": false, ""date_paiement"": null}, {""numero_echeance"": 3, ""date_echeance"": ""2025-08-29T00:00:00"", ""montant_du"": 262380.17, ""paye"": false, ""date_paiement"": null}, {""numero_echeance"": 4, ""date_echeance"": ""2025-09-28T00:00:00"", ""montant_du"": 262380.17, ""paye"": true, ""date_paiement"": ""2025-09-28T00:00:00""}, {""numero_echeance"": 5, ""date_echeance"": ""2025-10-28T00:00:00"", ""montant_du"": 262380.17, ""paye"": false, ""date_paiement"": null}, {""numero_echeance"": 6, ""date_echeance"": ""2025-11-27T00:00:00"", ""montant_du"": 262380.17, ""paye"": false, ""date_paiement"": null}]",MBR-0156,1574281.03,en cours,4.54
PRT-0047,2025-09-16T00:00:00,3,"[{""numero_echeance"": 1, ""date_echeance"": ""2025-10-16T00:00:00"", ""montant_du"": 633891.77, ""paye"": true, ""date_paiement"": ""2025-10-13T00:00:00""}, {""numero_echeance"": 2, ""date_echeance"": ""2025-11-15T00:00:00"", ""montant_du"": 633891.77, ""paye"": true, ""date_paiement"": ""2025-11-10T00:00:00""}, {""numero_echeance"": 3, ""date_echeance"": ""2025-12-15T00:00:00"", ""montant_du"": 633891.77, ""paye"": true, ""date_paiement"": ""2025-12-13T00:00:00""}]",MBR-0099,1901675.3,soldé,5.57
PRT-0048,2024-05-02T00:00:00,24,"[{""numero_echeance"": 1, ""date_echeance"": ""2024-06-01T00:00:00"", ""montant_du"": 20300.13, ""paye"": false, ""date_paiement"": null}, {""numero_echeance"": 2, ""date_echeance"": ""2024-07-01T00:00:00"", ""montant_du"": 20300.13, ""paye"": false, ""date_paiement"": null}, {""numero_echeance"": 3, ""date_echeance"": ""2024-07-31T00:00:00"", ""montant_du"": 20300.13, ""paye"": false, ""date_paiement"": null}, {""numero_echeance"": 4, ""date_echeance"": ""2024-08-30T00:00:00"", ""montant_du"": 20300.13, ""paye"": false, ""date_paiement"": null}, {""numero_echeance"": 5, ""date_echeance"": ""2024-09-29T00:00:00"", ""montant_du"": 20300.13, ""paye"": false, ""date_paiement"": null}, {""numero_echeance"": 6, ""date_echeance"": ""2024-10-29T00:00:00"", ""montant_du"": 20300.13, ""paye"": false, ""date_paiement"": null}, {""numero_echeance"": 7, ""date_echeance"": ""2024-11-28T00:00:00"", ""montant_du"": 20300.13, ""paye"": false, ""date_paiement"": null}, {""numero_echeance"": 8, ""date_echeance"": ""2024-12-28T00:00:00"", ""montant_du"": 20300.13, ""paye"": false, ""date_paiement"": null}, {""numero_echeance"": 9, ""date_echeance"": ""2025-01-27T00:00:00"", ""montant_du"": 20300.13, ""paye"": false, ""date_paiement"": null}, {""numero_echeance"": 10, ""date_echeance"": ""2025-02-26T00:00:00"", ""montant_du"": 20300.13, ""paye"": false, ""date_paiement"": null}, {""numero_echeance"": 11, ""date_echeance"": ""2025-03-28T00:00:00"", ""montant_du"": 20300.13, ""paye"": false, ""date_paiement"": null}, {""numero_echeance"": 12, ""date_echeance"": ""2025-04-27T00:00:00"", ""montant_du"": 20300.13, ""paye"": false, ""date_paiement"": null}, {""numero_echeance"": 13, ""date_echeance"": ""2025-05-27T00:00:00"", ""montant_du"": 20300.13, ""paye"": false, ""date_paiement"": null}, {""numero_echeance"": 14, ""date_echeance"": ""2025-06-26T00:00:00"", ""montant_du"": 20300.13, ""paye"": false, ""date_paiement"": null}, {""numero_echeance"": 15, ""date_echeance"": ""2025-07-26T00:00:00"", ""montant_du"": 20300.13, ""paye"": false, ""date_paiement"": null}, {""numero_echeance"": 16, ""date_echeance"": ""2025-08-25T00:00:00"", ""montant_du"": 20300.13, ""paye"": false, ""date_paiement"": null}, {""numero_echeance"": 17, ""date_echeance"": ""2025-09-24T00:00:00"", ""montant_du"": 20300.13, ""paye"": false, ""date_paiement"": null}, {""numero_echeance"": 18, ""date_echeance"": ""2025-10-24T00:00:00"", ""montant_du"": 20300.13, ""paye"": false, ""date_paiement"": null}, {""numero_echeance"": 19, ""date_echeance"": ""2025-11-23T00:00:00"", ""montant_du"": 20300.13, ""paye"": false, ""date_paiement"": null}, {""numero_echeance"": 20, ""date_echeance"": ""2025-12-23T00:00:00"", ""montant_du"": 20300.13, ""paye"": false, ""date_paiement"": null}, {""numero_echeance"": 21, ""date_echeance"": ""2026-01-22T00:00:00"", ""montant_du"": 20300.13, ""paye"": false, ""date_paiement"": null}, {""numero_echeance"": 22, ""date_echeance"": ""2026-02-21T00:00:00"", ""montant_du"": 20300.13, ""paye"": false, ""date_paiement"": null}, {""numero_echeance"": 23, ""date_echeance"": ""2026-03-23T00:00:00"", ""montant_du"": 20300.13, ""paye"": false, ""date_paiement"": null}, {""numero_echeance"": 24, ""date_echeance"": ""2026-04-22T00:00:00"", ""montant_du"": 20300.13, ""paye"": false, ""date_paiement"": null}]",MBR-0067,487203.08,en retard,3.57
PRT-0049,2025-05-07T00:00:00,3,"[{""numero_echeance"": 1, ""date_echeance"": ""2025-06-06T00:00:00"", ""montant_du"": 552480.24, ""paye"": false, ""date_paiement"": null}, {""numero_echeance"": 2, ""date_echeance"": ""2025-07-06T00:00:00"", ""montant_du"": 552480.24, ""paye"": false, ""date_paiement"": null}, {""numero_echeance"": 3, ""date_echeance"": ""2025-08-05T00:00:00"", ""montant_du"": 552480.24, ""paye"": false, ""date_paiement"": null}]",MBR-0132,1657440.72,en retard,2.91
PRT-0050,2025-08-18T00:00:00,12,"[{""numero_echeance"": 1, ""date_echeance"": ""2025-09-17T00:00:00"", ""montant_du"": 30949.09, ""paye"": false, ""date_paiement"": null}, {""numero_echeance"": 2, ""date_echeance"": ""2025-10-17T00:00:00"", ""montant_du"": 30949.09, ""paye"": true, ""date_paiement"": ""2025-10-17T00:00:00""}, {""numero_echeance"": 3, ""date_echeance"": ""2025-11-16T00:00:00"", ""montant_du"": 30949.09, ""paye"": true, ""date_paiement"": ""2025-11-16T00:00:00""}, {""numero_echeance"": 4, ""date_echeance"": ""2025-12-16T00:00:00"", ""montant_du"": 30949.09, ""paye"": false, ""date_paiement"": null}, {""numero_echeance"": 5, ""date_echeance"": ""2026-01-15T00:00:00"", ""montant_du"": 30949.09, ""paye"": true, ""date_paiement"": ""2026-01-15T00:00:00""}, {""numero_echeance"": 6, ""date_echeance"": ""2026-02-14T00:00:00"", ""montant_du"": 30949.09, ""paye"": false, ""date_paiement"": null}, {""numero_echeance"": 7, ""date_echeance"": ""2026-03-16T00:00:00"", ""montant_du"": 30949.09, ""paye"": false, ""date_paiement"": null}, {""numero_echeance"": 8, ""date_echeance"": ""2026-04-15T00:00:00"", ""montant_du"": 30949.09, ""paye"": true, ""date_paiement"": ""2026-04-15T00:00:00""}, {""numero_echeance"": 9, ""date_echeance"": ""2026-05-15T00:00:00"", ""montant_du"": 30949.09, ""paye"": false, ""date_paiement"": null}, {""numero_echeance"": 10, ""date_echeance"": ""2026-06-14T00:00:00"", ""montant_du"": 30949.09, ""paye"": false, ""date_paiement"": null}, {""numero_echeance"": 11, ""date_echeance"": ""2026-07-14T00:00:00"", ""montant_du"": 30949.09, ""paye"": false, ""date_paiement"": null}, {""numero_echeance"": 12, ""date_echeance"": ""2026-08-13T00:00:00"", ""montant_du"": 30949.09, ""paye"": true, ""date_paiement"": ""2026-08-13T00:00:00""}]",MBR-0124,371389.04,en cours,3.6
PRT-0051,2024-06-26T00:00:00,6,"[{""numero_echeance"": 1, ""date_echeance"": ""2024-07-26T00:00:00"", ""montant_du"": 277303.12, ""paye"": true, ""date_paiement"": ""2024-07-22T00:00:00""}, {""numero_echeance"": 2, ""date_echeance"": ""2024-08-25T00:00:00"", ""montant_du"": 277303.12, ""paye"": true, ""date_paiement"": ""2024-08-24T00:00:00""}, {""numero_echeance"": 3, ""date_echeance"": ""2024-09-24T00:00:00"", ""montant_du"": 277303.12, ""paye"": true, ""date_paiement"": ""2024-09-21T00:00:00""}, {""numero_echeance"": 4, ""date_echeance"": ""2024-10-24T00:00:00"", ""montant_du"": 277303.12, ""paye"": true, ""date_paiement"": ""2024-10-21T00:00:00""}, {""numero_echeance"": 5, ""date_echeance"": ""2024-11-23T00:00:00"", ""montant_du"": 277303.12, ""paye"": true, ""date_paiement"": ""2024-11-18T00:00:00""}, {""numero_echeance"": 6, ""date_echeance"": ""2024-12-23T00:00:00"", ""montant_du"": 277303.12, ""paye"": true, ""date_paiement"": ""2024-12-19T00:00:00""}]",MBR-0084,1663818.72,soldé,3.61
PRT-0052,2024-02-16T00:00:00,12,"[{""numero_echeance"": 1, ""date_echeance"": ""2024-03-17T00:00:00"", ""montant_du"": 42865.85, ""paye"": false, ""date_paiement"": null}, {""numero_echeance"": 2, ""date_echeance"": ""2024-04-16T00:00:00"", ""montant_du"": 42865.85, ""paye"": true, ""date_paiement"": ""2024-04-16T00:00:00""}, {""numero_echeance"": 3, ""date_echeance"": ""2024-05-16T00:00:00"", ""montant_du"": 42865.85, ""paye"": true, ""date_paiement"": ""2024-05-16T00:00:00""}, {""numero_echeance"": 4, ""date_echeance"": ""2024-06-15T00:00:00"", ""montant_du"": 42865.85, ""paye"": false, ""date_paiement"": null}, {""numero_echeance"": 5, ""date_echeance"": ""2024-07-15T00:00:00"", ""montant_du"": 42865.85, ""paye"": true, ""date_paiement"": ""2024-07-15T00:00:00""}, {""numero_echeance"": 6, ""date_echeance"": ""2024-08-14T00:00:00"", ""montant_du"": 42865.85, ""paye"": true, ""date_paiement"": ""2024-08-14T00:00:00""}, {""numero_echeance"": 7, ""date_echeance"": ""2024-09-13T00:00:00"", ""montant_du"": 42865.85, ""paye"": false, ""date_paiement"": null}, {""numero_echeance"": 8, ""date_echeance"": ""2024-10-13T00:00:00"", ""montant_du"": 42865.85, ""paye"": true, ""date_paiement"": ""2024-10-13T00:00:00""}, {""numero_echeance"": 9, ""date_echeance"": ""2024-11-12T00:00:00"", ""montant_du"": 42865.85, ""paye"": false, ""date_paiement"": null}, {""numero_echeance"": 10, ""date_echeance"": ""2024-12-12T00:00:00"", ""montant_du"": 42865.85, ""paye"": false, ""date_paiement"": null}, {""numero_echeance"": 11, ""date_echeance"": ""2025-01-11T00:00:00"", ""montant_du"": 42865.85, ""paye"": true, ""date_paiement"": ""2025-01-11T00:00:00""}, {""numero_echeance"": 12, ""date_echeance"": ""2025-02-10T00:00:00"", ""montant_du"": 42865.85, ""paye"": false, ""date_paiement"": null}]",MBR-0025,514390.23,en cours,4.84
PRT-0053,2025-05-04T00:00:00,6,"[{""numero_echeance"": 1, ""date_echeance"": ""2025-06-03T00:00:00"", ""montant_du"": 27879.59, ""paye"": false, ""date_paiement"": null}, {""numero_echeance"": 2, ""date_echeance"": ""2025-07-03T00:00:00"", ""montant_du"": 27879.59, ""paye"": false, ""date_paiement"": null}, {""numero_echeance"": 3, ""date_echeance"": ""2025-08-02T00:00:00"", ""montant_du"": 27879.59, ""paye"": true, ""date_paiement"": ""2025-08-02T00:00:00""}, {""numero_echeance"": 4, ""date_echeance"": ""2025-09-01T00:00:00"", ""montant_du"": 27879.59, ""paye"": true, ""date_paiement"": ""2025-09-01T00:00:00""}, {""numero_echeance"": 5, ""date_echeance"": ""2025-10-01T00:00:00"", ""montant_du"": 27879.59, ""paye"": false, ""date_paiement"": null}, {""numero_echeance"": 6, ""date_echeance"": ""2025-10-31T00:00:00"", ""montant_du"": 27879.59, ""paye"": false, ""date_paiement"": null}]",MBR-0144,167277.54,en cours,6.53
PRT-0054,2025-03-14T00:00:00,24,"[{""numero_echeance"": 1, ""date_echeance"": ""2025-04-13T00:00:00"", ""montant_du"": 74410.88, ""paye"": true, ""date_paiement"": ""2025-04-13T00:00:00""}, {""numero_echeance"": 2, ""date_echeance"": ""2025-05-13T00:00:00"", ""montant_du"": 74410.88, ""paye"": true, ""date_paiement"": ""2025-05-11T00:00:00""}, {""numero_echeance"": 3, ""date_echeance"": ""2025-06-12T00:00:00"", ""montant_du"": 74410.88, ""paye"": true, ""date_paiement"": ""2025-06-08T00:00:00""}, {""numero_echeance"": 4, ""date_echeance"": ""2025-07-12T00:00:00"", ""montant_du"": 74410.88, ""paye"": true, ""date_paiement"": ""2025-07-08T00:00:00""}, {""numero_echeance"": 5, ""date_echeance"": ""2025-08-11T00:00:00"", ""montant_du"": 74410.88, ""paye"": true, ""date_paiement"": ""2025-08-08T00:00:00""}, {""numero_echeance"": 6, ""date_echeance"": ""2025-09-10T00:00:00"", ""montant_du"": 74410.88, ""paye"": true, ""date_paiement"": ""2025-09-07T00:00:00""}, {""numero_echeance"": 7, ""date_echeance"": ""2025-10-10T00:00:00"", ""montant_du"": 74410.88, ""paye"": true, ""date_paiement"": ""2025-10-06T00:00:00""}, {""numero_echeance"": 8, ""date_echeance"": ""2025-11-09T00:00:00"", ""montant_du"": 74410.88, ""paye"": true, ""date_paiement"": ""2025-11-06T00:00:00""}, {""numero_echeance"": 9, ""date_echeance"": ""2025-12-09T00:00:00"", ""montant_du"": 74410.88, ""paye"": true, ""date_paiement"": ""2025-12-07T00:00:00""}, {""numero_echeance"": 10, ""date_echeance"": ""2026-01-08T00:00:00"", ""montant_du"": 74410.88, ""paye"": true, ""date_paiement"": ""2026-01-06T00:00:00""}, {""numero_echeance"": 11, ""date_echeance"": ""2026-02-07T00:00:00"", ""montant_du"": 74410.88, ""paye"": true, ""date_paiement"": ""2026-02-06T00:00:00""}, {""numero_echeance"": 12, ""date_echeance"": ""2026-03-09T00:00:00"", ""montant_du"": 74410.88, ""paye"": true, ""date_paiement"": ""2026-03-08T00:00:00""}, {""numero_echeance"": 13, ""date_echeance"": ""2026-04-08T00:00:00"", ""montant_du"": 74410.88, ""paye"": true, ""date_paiement"": ""2026-04-05T00:00:00""}, {""numero_echeance"": 14, ""date_echeance"": ""2026-05-08T00:00:00"", ""montant_du"": 74410.88, ""paye"": true, ""date_paiement"": ""2026-05-03T00:00:00""}, {""numero_echeance"": 15, ""date_echeance"": ""2026-06-07T00:00:00"", ""montant_du"": 74410.88, ""paye"": true, ""date_paiement"": ""2026-06-05T00:00:00""}, {""numero_echeance"": 16, ""date_echeance"": ""2026-07-07T00:00:00"", ""montant_du"": 74410.88, ""paye"": true, ""date_paiement"": ""2026-07-03T00:00:00""}, {""numero_echeance"": 17, ""date_echeance"": ""2026-08-06T00:00:00"", ""montant_du"": 74410.88, ""paye"": true, ""date_paiement"": ""2026-08-04T00:00:00""}, {""numero_echeance"": 18, ""date_echeance"": ""2026-09-05T00:00:00"", ""montant_du"": 74410.88, ""paye"": true, ""date_paiement"": ""2026-08-31T00:00:00""}, {""numero_echeance"": 19, ""date_echeance"": ""2026-10-05T00:00:00"", ""montant_du"": 74410.88, ""paye"": true, ""date_paiement"": ""2026-09-30T00:00:00""}, {""numero_echeance"": 20, ""date_echeance"": ""2026-11-04T00:00:00"", ""montant_du"": 74410.88, ""paye"": true, ""date_paiement"": ""2026-11-02T00:00:00""}, {""numero_echeance"": 21, ""date_echeance"": ""2026-12-04T00:00:00"", ""montant_du"": 74410.88, ""paye"": true, ""date_paiement"": ""2026-11-30T00:00:00""}, {""numero_echeance"": 22, ""date_echeance"": ""2027-01-03T00:00:00"", ""montant_du"": 74410.88, ""paye"": true, ""date_paiement"": ""2026-12-29T00:00:00""}, {""numero_echeance"": 23, ""date_echeance"": ""2027-02-02T00:00:00"", ""montant_du"": 74410.88, ""paye"": true, ""date_paiement"": ""2027-01-31T00:00:00""}, {""numero_echeance"": 24, ""date_echeance"": ""2027-03-04T00:00:00"", ""montant_du"": 74410.88, ""paye"": true, ""date_paiement"": ""2027-02-27T00:00:00""}]",MBR-0042,1785861.24,soldé,7.64
PRT-0055,2025-09-20T00:00:00,12,"[{""numero_echeance"": 1, ""date_echeance"": ""2025-10-20T00:00:00"", ""montant_du"": 72735.92, ""paye"": true, ""date_paiement"": ""2025-10-19T00:00:00""}, {""numero_echeance"": 2, ""date_echeance"": ""2025-11-19T00:00:00"", ""montant_du"": 72735.92, ""paye"": true, ""date_paiement"": ""2025-11-15T00:00:00""}, {""numero_echeance"": 3, ""date_echeance"": ""2025-12-19T00:00:00"", ""montant_du"": 72735.92, ""paye"": true, ""date_paiement"": ""2025-12-18T00:00:00""}, {""numero_echeance"": 4, ""date_echeance"": ""2026-01-18T00:00:00"", ""montant_du"": 72735.92, ""paye"": true, ""date_paiement"": ""2026-01-16T00:00:00""}, {""numero_echeance"": 5, ""date_echeance"": ""2026-02-17T00:00:00"", ""montant_du"": 72735.92, ""paye"": true, ""date_paiement"": ""2026-02-13T00:00:00""}, {""numero_echeance"": 6, ""date_echeance"": ""2026-03-19T00:00:00"", ""montant_du"": 72735.92, ""paye"": true, ""date_paiement"": ""2026-03-19T00:00:00""}, {""numero_echeance"": 7, ""date_echeance"": ""2026-04-18T00:00:00"", ""montant_du"": 72735.92, ""paye"": true, ""date_paiement"": ""2026-04-18T00:00:00""}, {""numero_echeance"": 8, ""date_echeance"": ""2026-05-18T00:00:00"", ""montant_du"": 72735.92, ""paye"": true, ""date_paiement"": ""2026-05-13T00:00:00""}, {""numero_echeance"": 9, ""date_echeance"": ""2026-06-17T00:00:00"", ""montant_du"": 72735.92, ""paye"": true, ""date_paiement"": ""2026-06-14T00:00:00""}, {""numero_echeance"": 10, ""date_echeance"": ""2026-07-17T00:00:00"", ""montant_du"": 72735.92, ""paye"": true, ""date_paiement"": ""2026-07-15T00:00:00""}, {""numero_echeance"": 11, ""date_echeance"": ""2026-08-16T00:00:00"", ""montant_du"": 72735.92, ""paye"": true, ""date_paiement"": ""2026-08-16T00:00:00""}, {""numero_echeance"": 12, ""date_echeance"": ""2026-09-15T00:00:00"", ""montant_du"": 72735.92, ""paye"": true, ""date_paiement"": ""2026-09-14T00:00:00""}]",MBR-0151,872831.01,soldé,4.5
PRT-0056,2025-01-16T00:00:00,12,"[{""numero_echeance"": 1, ""date_echeance"": ""2025-02-15T00:00:00"", ""montant_du"": 147571.29, ""paye"": false, ""date_paiement"": null}, {""numero_echeance"": 2, ""date_echeance"": ""2025-03-17T00:00:00"", ""montant_du"": 147571.29, ""paye"": false, ""date_paiement"": null}, {""numero_echeance"": 3, ""date_echeance"": ""2025-04-16T00:00:00"", ""montant_du"": 147571.29, ""paye"": false, ""date_paiement"": null}, {""numero_echeance"": 4, ""date_echeance"": ""2025-05-16T00:00:00"", ""montant_du"": 147571.29, ""paye"": false, ""date_paiement"": null}, {""numero_echeance"": 5, ""date_echeance"": ""2025-06-15T00:00:00"", ""montant_du"": 147571.29, ""paye"": false, ""date_paiement"": null}, {""numero_echeance"": 6, ""date_echeance"": ""2025-07-15T00:00:00"", ""montant_du"": 147571.29, ""paye"": false, ""date_paiement"": null}, {""numero_echeance"": 7, ""date_echeance"": ""2025-08-14T00:00:00"", ""montant_du"": 147571.29, ""paye"": false, ""date_paiement"": null}, {""numero_echeance"": 8, ""date_echeance"": ""2025-09-13T00:00:00"", ""montant_du"": 147571.29, ""paye"": false, ""date_paiement"": null}, {""numero_echeance"": 9, ""date_echeance"": ""2025-10-13T00:00:00"", ""montant_du"": 147571.29, ""paye"": false, ""date_paiement"": null}, {""numero_echeance"": 10, ""date_echeance"": ""2025-11-12T00:00:00"", ""montant_du"": 147571.29, ""paye"": false, ""date_paiement"": null}, {""numero_echeance"": 11, ""date_echeance"": ""2025-12-12T00:00:00"", ""montant_du"": 147571.29, ""paye"": false, ""date_paiement"": null}, {""numero_echeance"": 12, ""date_echeance"": ""2026-01-11T00:00:00"", ""montant_du"": 147571.29, ""paye"": false, ""date_paiement"": null}]",MBR-0002,1770855.49,en retard,2.74
PRT-0057,2024-08-30T00:00:00,3,"[{""numero_echeance"": 1, ""date_echeance"": ""2024-09-29T00:00:00"", ""montant_du"": 397782.03, ""paye"": true, ""date_paiement"": ""2024-09-29T00:00:00""}, {""numero_echeance"": 2, ""date_echeance"": ""2024-10-29T00:00:00"", ""montant_du"": 397782.03, ""paye"": false, ""date_paiement"": null}, {""numero_echeance"": 3, ""date_echeance"": ""2024-11-28T00:00:00"", ""montant_du"": 397782.03, ""paye"": false, ""date_paiement"": null}]",MBR-0059,1193346.09,en cours,7.33
PRT-0058,2024-02-04T00:00:00,18,"[{""numero_echeance"": 1, ""date_echeance"": ""2024-03-05T00:00:00"", ""montant_du"": 25348.37, ""paye"": false, ""date_paiement"": null}, {""numero_echeance"": 2, ""date_echeance"": ""2024-04-04T00:00:00"", ""montant_du"": 25348.37, ""paye"": false, ""date_paiement"": null}, {""numero_echeance"": 3, ""date_echeance"": ""2024-05-04T00:00:00"", ""montant_du"": 25348.37, ""paye"": false, ""date_paiement"": null}, {""numero_echeance"": 4, ""date_echeance"": ""2024-06-03T00:00:00"", ""montant_du"": 25348.37, ""paye"": false, ""date_paiement"": null}, {""numero_echeance"": 5, ""date_echeance"": ""2024-07-03T00:00:00"", ""montant_du"": 25348.37, ""paye"": false, ""date_paiement"": null}, {""numero_echeance"": 6, ""date_echeance"": ""2024-08-02T00:00:00"", ""montant_du"": 25348.37, ""paye"": false, ""date_paiement"": null}, {""numero_echeance"": 7, ""date_echeance"": ""2024-09-01T00:00:00"", ""montant_du"": 25348.37, ""paye"": false, ""date_paiement"": null}, {""numero_echeance"": 8, ""date_echeance"": ""2024-10-01T00:00:00"", ""montant_du"": 25348.37, ""paye"": false, ""date_paiement"": null}, {""numero_echeance"": 9, ""date_echeance"": ""2024-10-31T00:00:00"", ""montant_du"": 25348.37, ""paye"": false, ""date_paiement"": null}, {""numero_echeance"": 10, ""date_echeance"": ""2024-11-30T00:00:00"", ""montant_du"": 25348.37, ""paye"": false, ""date_paiement"": null}, {""numero_echeance"": 11, ""date_echeance"": ""2024-12-30T00:00:00"", ""montant_du"": 25348.37, ""paye"": false, ""date_paiement"": null}, {""numero_echeance"": 12, ""date_echeance"": ""2025-01-29T00:00:00"", ""montant_du"": 25348.37, ""paye"": false, ""date_paiement"": null}, {""numero_echeance"": 13, ""date_echeance"": ""2025-02-28T00:00:00"", ""montant_du"": 25348.37, ""paye"": false, ""date_paiement"": null}, {""numero_echeance"": 14, ""date_echeance"": ""2025-03-30T00:00:00"", ""montant_du"": 25348.37, ""paye"": false, ""date_paiement"": null}, {""numero_echeance"": 15, ""date_echeance"": ""2025-04-29T00:00:00"", ""montant_du"": 25348.37, ""paye"": false, ""date_paiement"": null}, {""numero_echeance"": 16, ""date_echeance"": ""2025-05-29T00:00:00"", ""montant_du"": 25348.37, ""paye"": false, ""date_paiement"": null}, {""numero_echeance"": 17, ""date_echeance"": ""2025-06-28T00:00:00"", ""montant_du"": 25348.37, ""paye"": false, ""date_paiement"": null}, {""numero_echeance"": 18, ""date_echeance"": ""2025-07-28T00:00:00"", ""montant_du"": 25348.37, ""paye"": false, ""date_paiement"": null}]",MBR-0018,456270.65,en retard,4.28
PRT-0059,2025-11-29T00:00:00,6,"[{""numero_echeance"": 1, ""date_echeance"": ""2025-12-29T00:00:00"", ""montant_du"": 214194.14, ""paye"": false, ""date_paiement"": null}, {""numero_echeance"": 2, ""date_echeance"": ""2026-01-28T00:00:00"", ""montant_du"": 214194.14, ""paye"": false, ""date_paiement"": null}, {""numero_echeance"": 3, ""date_echeance"": ""2026-02-27T00:00:00"", ""montant_du"": 214194.14, ""paye"": false, ""date_paiement"": null}, {""numero_echeance"": 4, ""date_echeance"": ""2026-03-29T00:00:00"", ""montant_du"": 214194.14, ""paye"": false, ""date_paiement"": null}, {""numero_echeance"": 5, ""date_echeance"": ""2026-04-28T00:00:00"", ""montant_du"": 214194.14, ""paye"": false, ""date_paiement"": null}, {""numero_echeance"": 6, ""date_echeance"": ""2026-05-28T00:00:00"", ""montant_du"": 214194.14, ""paye"": false, ""date_paiement"": null}]",MBR-0053,1285164.81,en cours,4.84
PRT-0060,2025-03-09T00:00:00,6,"[{""numero_echeance"": 1, ""date_echeance"": ""2025-04-08T00:00:00"", ""montant_du"": 170698.29, ""paye"": true, ""date_paiement"": ""2025-04-03T00:00:00""}, {""numero_echeance"": 2, ""date_echeance"": ""2025-05-08T00:00:00"", ""montant_du"": 170698.29, ""paye"": true, ""date_paiement"": ""2025-05-05T00:00:00""}, {""numero_echeance"": 3, ""date_echeance"": ""2025-06-07T00:00:00"", ""montant_du"": 170698.29, ""paye"": true, ""date_paiement"": ""2025-06-02T00:00:00""}, {""numero_echeance"": 4, ""date_echeance"": ""2025-07-07T00:00:00"", ""montant_du"": 170698.29, ""paye"": true, ""date_paiement"": ""2025-07-05T00:00:00""}, {""numero_echeance"": 5, ""date_echeance"": ""2025-08-06T00:00:00"", ""montant_du"": 170698.29, ""paye"": true, ""date_paiement"": ""2025-08-01T00:00:00""}, {""numero_echeance"": 6, ""date_echeance"": ""2025-09-05T00:00:00"", ""montant_du"": 170698.29, ""paye"": true, ""date_paiement"": ""2025-09-02T00:00:00""}]",MBR-0037,1024189.71,soldé,7.18
PRT-0061,2024-06-20T00:00:00,24,"[{""numero_echeance"": 1, ""date_echeance"": ""2024-07-20T00:00:00"", ""montant_du"": 62768.97, ""paye"": true, ""date_paiement"": ""2024-07-18T00:00:00""}, {""numero_echeance"": 2, ""date_echeance"": ""2024-08-19T00:00:00"", ""montant_du"": 62768.97, ""paye"": true, ""date_paiement"": ""2024-08-18T00:00:00""}, {""numero_echeance"": 3, ""date_echeance"": ""2024-09-18T00:00:00"", ""montant_du"": 62768.97, ""paye"": true, ""date_paiement"": ""2024-09-18T00:00:00""}, {""numero_echeance"": 4, ""date_echeance"": ""2024-10-18T00:00:00"", ""montant_du"": 62768.97, ""paye"": true, ""date_paiement"": ""2024-10-14T00:00:00""}, {""numero_echeance"": 5, ""date_echeance"": ""2024-11-17T00:00:00"", ""montant_du"": 62768.97, ""paye"": true, ""date_paiement"": ""2024-11-16T00:00:00""}, {""numero_echeance"": 6, ""date_echeance"": ""2024-12-17T00:00:00"", ""montant_du"": 62768.97, ""paye"": true, ""date_paiement"": ""2024-12-16T00:00:00""}, {""numero_echeance"": 7, ""date_echeance"": ""2025-01-16T00:00:00"", ""montant_du"": 62768.97, ""paye"": true, ""date_paiement"": ""2025-01-11T00:00:00""}, {""numero_echeance"": 8, ""date_echeance"": ""2025-02-15T00:00:00"", ""montant_du"": 62768.97, ""paye"": true, ""date_paiement"": ""2025-02-11T00:00:00""}, {""numero_echeance"": 9, ""date_echeance"": ""2025-03-17T00:00:00"", ""montant_du"": 62768.97, ""paye"": true, ""date_paiement"": ""2025-03-17T00:00:00""}, {""numero_echeance"": 10, ""date_echeance"": ""2025-04-16T00:00:00"", ""montant_du"": 62768.97, ""paye"": true, ""date_paiement"": ""2025-04-11T00:00:00""}, {""numero_echeance"": 11, ""date_echeance"": ""2025-05-16T00:00:00"", ""montant_du"": 62768.97, ""paye"": true, ""date_paiement"": ""2025-05-15T00:00:00""}, {""numero_echeance"": 12, ""date_echeance"": ""2025-06-15T00:00:00"", ""montant_du"": 62768.97, ""paye"": true, ""date_paiement"": ""2025-06-14T00:00:00""}, {""numero_echeance"": 13, ""date_echeance"": ""2025-07-15T00:00:00"", ""montant_du"": 62768.97, ""paye"": true, ""date_paiement"": ""2025-07-15T00:00:00""}, {""numero_echeance"": 14, ""date_echeance"": ""2025-08-14T00:00:00"", ""montant_du"": 62768.97, ""paye"": true, ""date_paiement"": ""2025-08-13T00:00:00""}, {""numero_echeance"": 15, ""date_echeance"": ""2025-09-13T00:00:00"", ""montant_du"": 62768.97, ""paye"": true, ""date_paiement"": ""2025-09-12T00:00:00""}, {""numero_echeance"": 16, ""date_echeance"": ""2025-10-13T00:00:00"", ""montant_du"": 62768.97, ""paye"": true, ""date_paiement"": ""2025-10-09T00:00:00""}, {""numero_echeance"": 17, ""date_echeance"": ""2025-11-12T00:00:00"", ""montant_du"": 62768.97, ""paye"": true, ""date_paiement"": ""2025-11-11T00:00:00""}, {""numero_echeance"": 18, ""date_echeance"": ""2025-12-12T00:00:00"", ""montant_du"": 62768.97, ""paye"": true, ""date_paiement"": ""2025-12-07T00:00:00""}, {""numero_echeance"": 19, ""date_echeance"": ""2026-01-11T00:00:00"", ""montant_du"": 62768.97, ""paye"": true, ""date_paiement"": ""2026-01-11T00:00:00""}, {""numero_echeance"": 20, ""date_echeance"": ""2026-02-10T00:00:00"", ""montant_du"": 62768.97, ""paye"": true, ""date_paiement"": ""2026-02-05T00:00:00""}, {""numero_echeance"": 21, ""date_echeance"": ""2026-03-12T00:00:00"", ""montant_du"": 62768.97, ""paye"": true, ""date_paiement"": ""2026-03-10T00:00:00""}, {""numero_echeance"": 22, ""date_echeance"": ""2026-04-11T00:00:00"", ""montant_du"": 62768.97, ""paye"": true, ""date_paiement"": ""2026-04-07T00:00:00""}, {""numero_echeance"": 23, ""date_echeance"": ""2026-05-11T00:00:00"", ""montant_du"": 62768.97, ""paye"": true, ""date_paiement"": ""2026-05-11T00:00:00""}, {""numero_echeance"": 24, ""date_echeance"": ""2026-06-10T00:00:00"", ""montant_du"": 62768.97, ""paye"": true, ""date_paiement"": ""2026-06-10T00:00:00""}]",MBR-0039,1506455.22,soldé,3.21
PRT-0062,2024-09-07T00:00:00,24,"[{""numero_echeance"": 1, ""date_echeance"": ""2024-10-07T00:00:00"", ""montant_du"": 62069.92, ""paye"": true, ""date_paiement"": ""2024-10-05T00:00:00""}, {""numero_echeance"": 2, ""date_echeance"": ""2024-11-06T00:00:00"", ""montant_du"": 62069.92, ""paye"": true, ""date_paiement"": ""2024-11-03T00:00:00""}, {""numero_echeance"": 3, ""date_echeance"": ""2024-12-06T00:00:00"", ""montant_du"": 62069.92, ""paye"": true, ""date_paiement"": ""2024-12-05T00:00:00""}, {""numero_echeance"": 4, ""date_echeance"": ""2025-01-05T00:00:00"", ""montant_du"": 62069.92, ""paye"": true, ""date_paiement"": ""2025-01-04T00:00:00""}, {""numero_echeance"": 5, ""date_echeance"": ""2025-02-04T00:00:00"", ""montant_du"": 62069.92, ""paye"": true, ""date_paiement"": ""2025-01-30T00:00:00""}, {""numero_echeance"": 6, ""date_echeance"": ""2025-03-06T00:00:00"", ""montant_du"": 62069.92, ""paye"": true, ""date_paiement"": ""2025-03-02T00:00:00""}, {""numero_echeance"": 7, ""date_echeance"": ""2025-04-05T00:00:00"", ""montant_du"": 62069.92, ""paye"": true, ""date_paiement"": ""2025-04-02T00:00:00""}, {""numero_echeance"": 8, ""date_echeance"": ""2025-05-05T00:00:00"", ""montant_du"": 62069.92, ""paye"": true, ""date_paiement"": ""2025-05-03T00:00:00""}, {""numero_echeance"": 9, ""date_echeance"": ""2025-06-04T00:00:00"", ""montant_du"": 62069.92, ""paye"": true, ""date_paiement"": ""2025-06-04T00:00:00""}, {""numero_echeance"": 10, ""date_echeance"": ""2025-07-04T00:00:00"", ""montant_du"": 62069.92, ""paye"": true, ""date_paiement"": ""2025-06-30T00:00:00""}, {""numero_echeance"": 11, ""date_echeance"": ""2025-08-03T00:00:00"", ""montant_du"": 62069.92, ""paye"": true, ""date_paiement"": ""2025-08-02T00:00:00""}, {""numero_echeance"": 12, ""date_echeance"": ""2025-09-02T00:00:00"", ""montant_du"": 62069.92, ""paye"": true, ""date_paiement"": ""2025-08-30T00:00:00""}, {""numero_echeance"": 13, ""date_echeance"": ""2025-10-02T00:00:00"", ""montant_du"": 62069.92, ""paye"": true, ""date_paiement"": ""2025-09-29T00:00:00""}, {""numero_echeance"": 14, ""date_echeance"": ""2025-11-01T00:00:00"", ""montant_du"": 62069.92, ""paye"": true, ""date_paiement"": ""2025-10-28T00:00:00""}, {""numero_echeance"": 15, ""date_echeance"": ""2025-12-01T00:00:00"", ""montant_du"": 62069.92, ""paye"": true, ""date_paiement"": ""2025-11-26T00:00:00""}, {""numero_echeance"": 16, ""date_echeance"": ""2025-12-31T00:00:00"", ""montant_du"": 62069.92, ""paye"": true, ""date_paiement"": ""2025-12-31T00:00:00""}, {""numero_echeance"": 17, ""date_echeance"": ""2026-01-30T00:00:00"", ""montant_du"": 62069.92, ""paye"": true, ""date_paiement"": ""2026-01-25T00:00:00""}, {""numero_echeance"": 18, ""date_echeance"": ""2026-03-01T00:00:00"", ""montant_du"": 62069.92, ""paye"": true, ""date_paiement"": ""2026-02-26T00:00:00""}, {""numero_echeance"": 19, ""date_echeance"": ""2026-03-31T00:00:00"", ""montant_du"": 62069.92, ""paye"": true, ""date_paiement"": ""2026-03-30T00:00:00""}, {""numero_echeance"": 20, ""date_echeance"": ""2026-04-30T00:00:00"", ""montant_du"": 62069.92, ""paye"": true, ""date_paiement"": ""2026-04-29T00:00:00""}, {""numero_echeance"": 21, ""date_echeance"": ""2026-05-30T00:00:00"", ""montant_du"": 62069.92, ""paye"": true, ""date_paiement"": ""2026-05-28T00:00:00""}, {""numero_echeance"": 22, ""date_echeance"": ""2026-06-29T00:00:00"", ""montant_du"": 62069.92, ""paye"": true, ""date_paiement"": ""2026-06-26T00:00:00""}, {""numero_echeance"": 23, ""date_echeance"": ""2026-07-29T00:00:00"", ""montant_du"": 62069.92, ""paye"": true, ""date_paiement"": ""2026-07-26T00:00:00""}, {""numero_echeance"": 24, ""date_echeance"": ""2026-08-28T00:00:00"", ""montant_du"": 62069.92, ""paye"": true, ""date_paiement"": ""2026-08-26T00:00:00""}]",MBR-0097,1489678.08,soldé,7.37
PRT-0063,2025-05-10T00:00:00,12,"[{""numero_echeance"": 1, ""date_echeance"": ""2025-06-09T00:00:00"", ""montant_du"": 125525.99, ""paye"": false, ""date_paiement"": null}, {""numero_echeance"": 2, ""date_echeance"": ""2025-07-09T00:00:00"", ""montant_du"": 125525.99, ""paye"": true, ""date_paiement"": ""2025-07-09T00:00:00""}, {""numero_echeance"": 3, ""date_echeance"": ""2025-08-08T00:00:00"", ""montant_du"": 125525.99, ""paye"": true, ""date_paiement"": ""2025-08-08T00:00:00""}, {""numero_echeance"": 4, ""date_echeance"": ""2025-09-07T00:00:00"", ""montant_du"": 125525.99, ""paye"": false, ""date_paiement"": null}, {""numero_echeance"": 5, ""date_echeance"": ""2025-10-07T00:00:00"", ""montant_du"": 125525.99, ""paye"": true, ""date_paiement"": ""2025-10-07T00:00:00""}, {""numero_echeance"": 6, ""date_echeance"": ""2025-11-06T00:00:00"", ""montant_du"": 125525.99, ""paye"": true, ""date_paiement"": ""2025-11-06T00:00:00""}, {""numero_echeance"": 7, ""date_echeance"": ""2025-12-06T00:00:00"", ""montant_du"": 125525.99, ""paye"": false, ""date_paiement"": null}, {""numero_echeance"": 8, ""date_echeance"": ""2026-01-05T00:00:00"", ""montant_du"": 125525.99, ""paye"": false, ""date_paiement"": null}, {""numero_echeance"": 9, ""date_echeance"": ""2026-02-04T00:00:00"", ""montant_du"": 125525.99, ""paye"": true, ""date_paiement"": ""2026-02-04T00:00:00""}, {""numero_echeance"": 10, ""date_echeance"": ""2026-03-06T00:00:00"", ""montant_du"": 125525.99, ""paye"": true, ""date_paiement"": ""2026-03-06T00:00:00""}, {""numero_echeance"": 11, ""date_echeance"": ""2026-04-05T00:00:00"", ""montant_du"": 125525.99, ""paye"": false, ""date_paiement"": null}, {""numero_echeance"": 12, ""date_echeance"": ""2026-05-05T00:00:00"", ""montant_du"": 125525.99, ""paye"": true, ""date_paiement"": ""2026-05-05T00:00:00""}]",MBR-0067,1506311.86,en cours,4.5
PRT-0064,2025-10-22T00:00:00,3,"[{""numero_echeance"": 1, ""date_echeance"": ""2025-11-21T00:00:00"", ""montant_du"": 581536.4, ""paye"": true, ""date_paiement"": ""2025-11-20T00:00:00""}, {""numero_echeance"": 2, ""date_echeance"": ""2025-12-21T00:00:00"", ""montant_du"": 581536.4, ""paye"": true, ""date_paiement"": ""2025-12-21T00:00:00""}, {""numero_echeance"": 3, ""date_echeance"": ""2026-01-20T00:00:00"", ""montant_du"": 581536.4, ""paye"": true, ""date_paiement"": ""2026-01-17T00:00:00""}]",MBR-0141,1744609.2,soldé,6.45
PRT-0065,2025-08-01T00:00:00,6,"[{""numero_echeance"": 1, ""date_echeance"": ""2025-08-31T00:00:00"", ""montant_du"": 72787.72, ""paye"": false, ""date_paiement"": null}, {""numero_echeance"": 2, ""date_echeance"": ""2025-09-30T00:00:00"", ""montant_du"": 72787.72, ""paye"": false, ""date_paiement"": null}, {""numero_echeance"": 3, ""date_echeance"": ""2025-10-30T00:00:00"", ""montant_du"": 72787.72, ""paye"": false, ""date_paiement"": null}, {""numero_echeance"": 4, ""date_echeance"": ""2025-11-29T00:00:00"", ""montant_du"": 72787.72, ""paye"": false, ""date_paiement"": null}, {""numero_echeance"": 5, ""date_echeance"": ""2025-12-29T00:00:00"", ""montant_du"": 72787.72, ""paye"": false, ""date_paiement"": null}, {""numero_echeance"": 6, ""date_echeance"": ""2026-01-28T00:00:00"", ""montant_du"": 72787.72, ""paye"": false, ""date_paiement"": null}]",MBR-0056,436726.32,en retard,6.83
PRT-0066,2024-11-29T00:00:00,3,"[{""numero_echeance"": 1, ""date_echeance"": ""2024-12-29T00:00:00"", ""montant_du"": 644969.81, ""paye"": true, ""date_paiement"": ""2024-12-29T00:00:00""}, {""numero_echeance"": 2, ""date_echeance"": ""2025-01-28T00:00:00"", ""montant_du"": 644969.81, ""paye"": true, ""date_paiement"": ""2025-01-28T00:00:00""}, {""numero_echeance"": 3, ""date_echeance"": ""2025-02-27T00:00:00"", ""montant_du"": 644969.81, ""paye"": true, ""date_paiement"": ""2025-02-27T00:00:00""}]",MBR-0150,1934909.44,en cours,7.76
PRT-0067,2024-11-30T00:00:00,18,"[{""numero_echeance"": 1, ""date_echeance"": ""2024-12-30T00:00:00"", ""montant_du"": 98279.97, ""paye"": false, ""date_paiement"": null}, {""numero_echeance"": 2, ""date_echeance"": ""2025-01-29T00:00:00"", ""montant_du"": 98279.97, ""paye"": false, ""date_paiement"": null}, {""numero_echeance"": 3, ""date_echeance"": ""2025-02-28T00:00:00"", ""montant_du"": 98279.97, ""paye"": false, ""date_paiement"": null}, {""numero_echeance"": 4, ""date_echeance"": ""2025-03-30T00:00:00"", ""montant_du"": 98279.97, ""paye"": false, ""date_paiement"": null}, {""numero_echeance"": 5, ""date_echeance"": ""2025-04-29T00:00:00"", ""montant_du"": 98279.97, ""paye"": false, ""date_paiement"": null}, {""numero_echeance"": 6, ""date_echeance"": ""2025-05-29T00:00:00"", ""montant_du"": 98279.97, ""paye"": false, ""date_paiement"": null}, {""numero_echeance"": 7, ""date_echeance"": ""2025-06-28T00:00:00"", ""montant_du"": 98279.97, ""paye"": false, ""date_paiement"": null}, {""numero_echeance"": 8, ""date_echeance"": ""2025-07-28T00:00:00"", ""montant_du"": 98279.97, ""paye"": false, ""date_paiement"": null}, {""numero_echeance"": 9, ""date_echeance"": ""2025-08-27T00:00:00"", ""montant_du"": 98279.97, ""paye"": false, ""date_paiement"": null}, {""numero_echeance"": 10, ""date_echeance"": ""2025-09-26T00:00:00"", ""montant_du"": 98279.97, ""paye"": false, ""date_paiement"": null}, {""numero_echeance"": 11, ""date_echeance"": ""2025-10-26T00:00:00"", ""montant_du"": 98279.97, ""paye"": false, ""date_paiement"": null}, {""numero_echeance"": 12, ""date_echeance"": ""2025-11-25T00:00:00"", ""montant_du"": 98279.97, ""paye"": false, ""date_paiement"": null}, {""numero_echeance"": 13, ""date_echeance"": ""2025-12-25T00:00:00"", ""montant_du"": 98279.97, ""paye"": false, ""date_paiement"": null}, {""numero_echeance"": 14, ""date_echeance"": ""2026-01-24T00:00:00"", ""montant_du"": 98279.97, ""paye"": false, ""date_paiement"": null}, {""numero_echeance"": 15, ""date_echeance"": ""2026-02-23T00:00:00"", ""montant_du"": 98279.97, ""paye"": false, ""date_paiement"": null}, {""numero_echeance"": 16, ""date_echeance"": ""2026-03-25T00:00:00"", ""montant_du"": 98279.97, ""paye"": false, ""date_paiement"": null}, {""numero_echeance"": 17, ""date_echeance"": ""2026-04-24T00:00:00"", ""montant_du"": 98279.97, ""paye"": false, ""date_paiement"": null}, {""numero_echeance"": 18, ""date_echeance"": ""2026-05-24T00:00:00"", ""montant_du"": 98279.97, ""paye"": false, ""date_paiement"": null}]",MBR-0106,1769039.48,en retard,7.75
PRT-0068,2025-07-17T00:00:00,24,"[{""numero_echeance"": 1, ""date_echeance"": ""2025-08-16T00:00:00"", ""montant_du"": 8206.57, ""paye"": true, ""date_paiement"": ""2025-08-16T00:00:00""}, {""numero_echeance"": 2, ""date_echeance"": ""2025-09-15T00:00:00"", ""montant_du"": 8206.57, ""paye"": true, ""date_paiement"": ""2025-09-15T00:00:00""}, {""numero_echeance"": 3, ""date_echeance"": ""2025-10-15T00:00:00"", ""montant_du"": 8206.57, ""paye"": false, ""date_paiement"": null}, {""numero_echeance"": 4, ""date_echeance"": ""2025-11-14T00:00:00"", ""montant_du"": 8206.57, ""paye"": false, ""date_paiement"": null}, {""numero_echeance"": 5, ""date_echeance"": ""2025-12-14T00:00:00"", ""montant_du"": 8206.57, ""paye"": true, ""date_paiement"": ""2025-12-14T00:00:00""}, {""numero_echeance"": 6, ""date_echeance"": ""2026-01-13T00:00:00"", ""montant_du"": 8206.57, ""paye"": true, ""date_paiement"": ""2026-01-13T00:00:00""}, {""numero_echeance"": 7, ""date_echeance"": ""2026-02-12T00:00:00"", ""montant_du"": 8206.57, ""paye"": false, ""date_paiement"": null}, {""numero_echeance"": 8, ""date_echeance"": ""2026-03-14T00:00:00"", ""montant_du"": 8206.57, ""paye"": false, ""date_paiement"": null}, {""numero_echeance"": 9, ""date_echeance"": ""2026-04-13T00:00:00"", ""montant_du"": 8206.57, ""paye"": false, ""date_paiement"": null}, {""numero_echeance"": 10, ""date_echeance"": ""2026-05-13T00:00:00"", ""montant_du"": 8206.57, ""paye"": false, ""date_paiement"": null}, {""numero_echeance"": 11, ""date_echeance"": ""2026-06-12T00:00:00"", ""montant_du"": 8206.57, ""paye"": true, ""date_paiement"": ""2026-06-12T00:00:00""}, {""numero_echeance"": 12, ""date_echeance"": ""2026-07-12T00:00:00"", ""montant_du"": 8206.57, ""paye"": false, ""date_paiement"": null}, {""numero_echeance"": 13, ""date_echeance"": ""2026-08-11T00:00:00"", ""montant_du"": 8206.57, ""paye"": false, ""date_paiement"": null}, {""numero_echeance"": 14, ""date_echeance"": ""2026-09-10T00:00:00"", ""montant_du"": 8206.57, ""paye"": false, ""date_paiement"": null}, {""numero_echeance"": 15, ""date_echeance"": ""2026-10-10T00:00:00"", ""montant_du"": 8206.57, ""paye"": true, ""date_paiement"": ""2026-10-10T00:00:00""}, {""numero_echeance"": 16, ""date_echeance"": ""2026-11-09T00:00:00"", ""montant_du"": 8206.57, ""paye"": true, ""date_paiement"": ""2026-11-09T00:00:00""}, {""numero_echeance"": 17, ""date_echeance"": ""2026-12-09T00:00:00"", ""montant_du"": 8206.57, ""paye"": false, ""date_paiement"": null}, {""numero_echeance"": 18, ""date_echeance"": ""2027-01-08T00:00:00"", ""montant_du"": 8206.57, ""paye"": false, ""date_paiement"": null}, {""numero_echeance"": 19, ""date_echeance"": ""2027-02-07T00:00:00"", ""montant_du"": 8206.57, ""paye"": true, ""date_paiement"": ""2027-02-07T00:00:00""}, {""numero_echeance"": 20, ""date_echeance"": ""2027-03-09T00:00:00"", ""montant_du"": 8206.57, ""paye"": true, ""date_paiement"": ""2027-03-09T00:00:00""}, {""numero_echeance"": 21, ""date_echeance"": ""2027-04-08T00:00:00"", ""montant_du"": 8206.57, ""paye"": false, ""date_paiement"": null}, {""numero_echeance"": 22, ""date_echeance"": ""2027-05-08T00:00:00"", ""montant_du"": 8206.57, ""paye"": false, ""date_paiement"": null}, {""numero_echeance"": 23, ""date_echeance"": ""2027-06-07T00:00:00"", ""montant_du"": 8206.57, ""paye"": false, ""date_paiement"": null}, {""numero_echeance"": 24, ""date_echeance"": ""2027-07-07T00:00:00"", ""montant_du"": 8206.57, ""paye"": false, ""date_paiement"": null}]",MBR-0150,196957.6,en cours,4.17
PRT-0069,2025-09-10T00:00:00,18,"[{""numero_echeance"": 1, ""date_echeance"": ""2025-10-10T00:00:00"", ""montant_du"": 80289.29, ""paye"": false, ""date_paiement"": null}, {""numero_echeance"": 2, ""date_echeance"": ""2025-11-09T00:00:00"", ""montant_du"": 80289.29, ""paye"": false, ""date_paiement"": null}, {""numero_echeance"": 3, ""date_echeance"": ""2025-12-09T00:00:00"", ""montant_du"": 80289.29, ""paye"": false, ""date_paiement"": null}, {""numero_echeance"": 4, ""date_echeance"": ""2026-01-08T00:00:00"", ""montant_du"": 80289.29, ""paye"": false, ""date_paiement"": null}, {""numero_echeance"": 5, ""date_echeance"": ""2026-02-07T00:00:00"", ""montant_du"": 80289.29, ""paye"": false, ""date_paiement"": null}, {""numero_echeance"": 6, ""date_echeance"": ""2026-03-09T00:00:00"", ""montant_du"": 80289.29, ""paye"": false, ""date_paiement"": null}, {""numero_echeance"": 7, ""date_echeance"": ""2026-04-08T00:00:00"", ""montant_du"": 80289.29, ""paye"": false, ""date_paiement"": null}, {""numero_echeance"": 8, ""date_echeance"": ""2026-05-08T00:00:00"", ""montant_du"": 80289.29, ""paye"": false, ""date_paiement"": null}, {""numero_echeance"": 9, ""date_echeance"": ""2026-06-07T00:00:00"", ""montant_du"": 80289.29, ""paye"": false, ""date_paiement"": null}, {""numero_echeance"": 10, ""date_echeance"": ""2026-07-07T00:00:00"", ""montant_du"": 80289.29, ""paye"": false, ""date_paiement"": null}, {""numero_echeance"": 11, ""date_echeance"": ""2026-08-06T00:00:00"", ""montant_du"": 80289.29, ""paye"": false, ""date_paiement"": null}, {""numero_echeance"": 12, ""date_echeance"": ""2026-09-05T00:00:00"", ""montant_du"": 80289.29, ""paye"": false, ""date_paiement"": null}, {""numero_echeance"": 13, ""date_echeance"": ""2026-10-05T00:00:00"", ""montant_du"": 80289.29, ""paye"": false, ""date_paiement"": null}, {""numero_echeance"": 14, ""date_echeance"": ""2026-11-04T00:00:00"", ""montant_du"": 80289.29, ""paye"": true, ""date_paiement"": ""2026-11-04T00:00:00""}, {""numero_echeance"": 15, ""date_echeance"": ""2026-12-04T00:00:00"", ""montant_du"": 80289.29, ""paye"": true, ""date_paiement"": ""2026-12-04T00:00:00""}, {""numero_echeance"": 16, ""date_echeance"": ""2027-01-03T00:00:00"", ""montant_du"": 80289.29, ""paye"": true, ""date_paiement"": ""2027-01-03T00:00:00""}, {""numero_echeance"": 17, ""date_echeance"": ""2027-02-02T00:00:00"", ""montant_du"": 80289.29, ""paye"": false, ""date_paiement"": null}, {""numero_echeance"": 18, ""date_echeance"": ""2027-03-04T00:00:00"", ""montant_du"": 80289.29, ""paye"": true, ""date_paiement"": ""2027-03-04T00:00:00""}]",MBR-0157,1445207.24,en retard,3.14
PRT-0070,2025-04-24T00:00:00,24,"[{""numero_echeance"": 1, ""date_echeance"": ""2025-05-24T00:00:00"", ""montant_du"": 6587.63, ""paye"": false, ""date_paiement"": null}, {""numero_echeance"": 2, ""date_echeance"": ""2025-06-23T00:00:00"", ""montant_du"": 6587.63, ""paye"": false, ""date_paiement"": null}, {""numero_echeance"": 3, ""date_echeance"": ""2025-07-23T00:00:00"", ""montant_du"": 6587.63, ""paye"": false, ""date_paiement"": null}, {""numero_echeance"": 4, ""date_echeance"": ""2025-08-22T00:00:00"", ""montant_du"": 6587.63, ""paye"": false, ""date_paiement"": null}, {""numero_echeance"": 5, ""date_echeance"": ""2025-09-21T00:00:00"", ""montant_du"": 6587.63, ""paye"": false, ""date_paiement"": null}, {""numero_echeance"": 6, ""date_echeance"": ""2025-10-21T00:00:00"", ""montant_du"": 6587.63, ""paye"": false, ""date_paiement"": null}, {""numero_echeance"": 7, ""date_echeance"": ""2025-11-20T00:00:00"", ""montant_du"": 6587.63, ""paye"": false, ""date_paiement"": null}, {""numero_echeance"": 8, ""date_echeance"": ""2025-12-20T00:00:00"", ""montant_du"": 6587.63, ""paye"": false, ""date_paiement"": null}, {""numero_echeance"": 9, ""date_echeance"": ""2026-01-19T00:00:00"", ""montant_du"": 6587.63, ""paye"": false, ""date_paiement"": null}, {""numero_echeance"": 10, ""date_echeance"": ""2026-02-18T00:00:00"", ""montant_du"": 6587.63, ""paye"": false, ""date_paiement"": null}, {""numero_echeance"": 11, ""date_echeance"": ""2026-03-20T00:00:00"", ""montant_du"": 6587.63, ""paye"": false, ""date_paiement"": null}, {""numero_echeance"": 12, ""date_echeance"": ""2026-04-19T00:00:00"", ""montant_du"": 6587.63, ""paye"": false, ""date_paiement"": null}, {""numero_echeance"": 13, ""date_echeance"": ""2026-05-19T00:00:00"", ""montant_du"": 6587.63, ""paye"": false, ""date_paiement"": null}, {""numero_echeance"": 14, ""date_echeance"": ""2026-06-18T00:00:00"", ""montant_du"": 6587.63, ""paye"": false, ""date_paiement"": null}, {""numero_echeance"": 15, ""date_echeance"": ""2026-07-18T00:00:00"", ""montant_du"": 6587.63, ""paye"": false, ""date_paiement"": null}, {""numero_echeance"": 16, ""date_echeance"": ""2026-08-17T00:00:00"", ""montant_du"": 6587.63, ""paye"": false, ""date_paiement"": null}, {""numero_echeance"": 17, ""date_echeance"": ""2026-09-16T00:00:00"", ""montant_du"": 6587.63, ""paye"": false, ""date_paiement"": null}, {""numero_echeance"": 18, ""date_echeance"": ""2026-10-16T00:00:00"", ""montant_du"": 6587.63, ""paye"": true, ""date_paiement"": ""2026-10-16T00:00:00""}, {""numero_echeance"": 19, ""date_echeance"": ""2026-11-15T00:00:00"", ""montant_du"": 6587.63, ""paye"": true, ""date_paiement"": ""2026-11-15T00:00:00""}, {""numero_echeance"": 20, ""date_echeance"": ""2026-12-15T00:00:00"", ""montant_du"": 6587.63, ""paye"": false, ""date_paiement"": null}, {""numero_echeance"": 21, ""date_echeance"": ""2027-01-14T00:00:00"", ""montant_du"": 6587.63, ""paye"": false, ""date_paiement"": null}, {""numero_echeance"": 22, ""date_echeance"": ""2027-02-13T00:00:00"", ""montant_du"": 6587.63, ""paye"": true, ""date_paiement"": ""2027-02-13T00:00:00""}, {""numero_echeance"": 23, ""date_echeance"": ""2027-03-15T00:00:00"", ""montant_du"": 6587.63, ""paye"": true, ""date_paiement"": ""2027-03-15T00:00:00""}, {""numero_echeance"": 24, ""date_echeance"": ""2027-04-14T00:00:00"", ""montant_du"": 6587.63, ""paye"": true, ""date_paiement"": ""2027-04-14T00:00:00""}]",MBR-0042,158103.17,en retard,3.86
PRT-0071,2024-05-17T00:00:00,3,"[{""numero_echeance"": 1, ""date_echeance"": ""2024-06-16T00:00:00"", ""montant_du"": 34917.61, ""paye"": true, ""date_paiement"": ""2024-06-13T00:00:00""}, {""numero_echeance"": 2, ""date_echeance"": ""2024-07-16T00:00:00"", ""montant_du"": 34917.61, ""paye"": true, ""date_paiement"": ""2024-07-11T00:00:00""}, {""numero_echeance"": 3, ""date_echeance"": ""2024-08-15T00:00:00"", ""montant_du"": 34917.61, ""paye"": true, ""date_paiement"": ""2024-08-10T00:00:00""}]",MBR-0039,104752.83,soldé,6.21
PRT-0072,2024-09-28T00:00:00,3,"[{""numero_echeance"": 1, ""date_echeance"": ""2024-10-28T00:00:00"", ""montant_du"": 372853.33, ""paye"": false, ""date_paiement"": null}, {""numero_echeance"": 2, ""date_echeance"": ""2024-11-27T00:00:00"", ""montant_du"": 372853.33, ""paye"": false, ""date_paiement"": null}, {""numero_echeance"": 3, ""date_echeance"": ""2024-12-27T00:00:00"", ""montant_du"": 372853.33, ""paye"": false, ""date_paiement"": null}]",MBR-0014,1118559.98,en retard,3.45
PRT-0073,2025-06-15T00:00:00,18,"[{""numero_echeance"": 1, ""date_echeance"": ""2025-07-15T00:00:00"", ""montant_du"": 68490.61, ""paye"": false, ""date_paiement"": null}, {""numero_echeance"": 2, ""date_echeance"": ""2025-08-14T00:00:00"", ""montant_du"": 68490.61, ""paye"": false, ""date_paiement"": null}, {""numero_echeance"": 3, ""date_echeance"": ""2025-09-13T00:00:00"", ""montant_du"": 68490.61, ""paye"": false, ""date_paiement"": null}, {""numero_echeance"": 4, ""date_echeance"": ""2025-10-13T00:00:00"", ""montant_du"": 68490.61, ""paye"": false, ""date_paiement"": null}, {""numero_echeance"": 5, ""date_echeance"": ""2025-11-12T00:00:00"", ""montant_du"": 68490.61, ""paye"": false, ""date_paiement"": null}, {""numero_echeance"": 6, ""date_echeance"": ""2025-12-12T00:00:00"", ""montant_du"": 68490.61, ""paye"": false, ""date_paiement"": null}, {""numero_echeance"": 7, ""date_echeance"": ""2026-01-11T00:00:00"", ""montant_du"": 68490.61, ""paye"": false, ""date_paiement"": null}, {""numero_echeance"": 8, ""date_echeance"": ""2026-02-10T00:00:00"", ""montant_du"": 68490.61, ""paye"": false, ""date_paiement"": null}, {""numero_echeance"": 9, ""date_echeance"": ""2026-03-12T00:00:00"", ""montant_du"": 68490.61, ""paye"": false, ""date_paiement"": null}, {""numero_echeance"": 10, ""date_echeance"": ""2026-04-11T00:00:00"", ""montant_du"": 68490.61, ""paye"": false, ""date_paiement"": null}, {""numero_echeance"": 11, ""date_echeance"": ""2026-05-11T00:00:00"", ""montant_du"": 68490.61, ""paye"": false, ""date_paiement"": null}, {""numero_echeance"": 12, ""date_echeance"": ""2026-06-10T00:00:00"", ""montant_du"": 68490.61, ""paye"": false, ""date_paiement"": null}, {""numero_echeance"": 13, ""date_echeance"": ""2026-07-10T00:00:00"", ""montant_du"": 68490.61, ""paye"": false, ""date_paiement"": null}, {""numero_echeance"": 14, ""date_echeance"": ""2026-08-09T00:00:00"", ""montant_du"": 68490.61, ""paye"": false, ""date_paiement"": null}, {""numero_echeance"": 15, ""date_echeance"": ""2026-09-08T00:00:00"", ""montant_du"": 68490.61, ""paye"": false, ""date_paiement"": null}, {""numero_echeance"": 16, ""date_echeance"": ""2026-10-08T00:00:00"", ""montant_du"": 68490.61, ""paye"": false, ""date_paiement"": null}, {""numero_echeance"": 17, ""date_echeance"": ""2026-11-07T00:00:00"", ""montant_du"": 68490.61, ""paye"": true, ""date_paiement"": ""2026-11-07T00:00:00""}, {""numero_echeance"": 18, ""date_echeance"": ""2026-12-07T00:00:00"", ""montant_du"": 68490.61, ""paye"": false, ""date_paiement"": null}]",MBR-0126,1232830.93,en retard,7.67
PRT-0074,2025-02-07T00:00:00,24,"[{""numero_echeance"": 1, ""date_echeance"": ""2025-03-09T00:00:00"", ""montant_du"": 31119.18, ""paye"": true, ""date_paiement"": ""2025-03-09T00:00:00""}, {""numero_echeance"": 2, ""date_echeance"": ""2025-04-08T00:00:00"", ""montant_du"": 31119.18, ""paye"": true, ""date_paiement"": ""2025-04-08T00:00:00""}, {""numero_echeance"": 3, ""date_echeance"": ""2025-05-08T00:00:00"", ""montant_du"": 31119.18, ""paye"": true, ""date_paiement"": ""2025-05-08T00:00:00""}, {""numero_echeance"": 4, ""date_echeance"": ""2025-06-07T00:00:00"", ""montant_du"": 31119.18, ""paye"": false, ""date_paiement"": null}, {""numero_echeance"": 5, ""date_echeance"": ""2025-07-07T00:00:00"", ""montant_du"": 31119.18, ""paye"": false, ""date_paiement"": null}, {""numero_echeance"": 6, ""date_echeance"": ""2025-08-06T00:00:00"", ""montant_du"": 31119.18, ""paye"": true, ""date_paiement"": ""2025-08-06T00:00:00""}, {""numero_echeance"": 7, ""date_echeance"": ""2025-09-05T00:00:00"", ""montant_du"": 31119.18, ""paye"": false, ""date_paiement"": null}, {""numero_echeance"": 8, ""date_echeance"": ""2025-10-05T00:00:00"", ""montant_du"": 31119.18, ""paye"": true, ""date_paiement"": ""2025-10-05T00:00:00""}, {""numero_echeance"": 9, ""date_echeance"": ""2025-11-04T00:00:00"", ""montant_du"": 31119.18, ""paye"": false, ""date_paiement"": null}, {""numero_echeance"": 10, ""date_echeance"": ""2025-12-04T00:00:00"", ""montant_du"": 31119.18, ""paye"": true, ""date_paiement"": ""2025-12-04T00:00:00""}, {""numero_echeance"": 11, ""date_echeance"": ""2026-01-03T00:00:00"", ""montant_du"": 31119.18, ""paye"": false, ""date_paiement"": null}, {""numero_echeance"": 12, ""date_echeance"": ""2026-02-02T00:00:00"", ""montant_du"": 31119.18, ""paye"": true, ""date_paiement"": ""2026-02-02T00:00:00""}, {""numero_echeance"": 13, ""date_echeance"": ""2026-03-04T00:00:00"", ""montant_du"": 31119.18, ""paye"": false, ""date_paiement"": null}, {""numero_echeance"": 14, ""date_echeance"": ""2026-04-03T00:00:00"", ""montant_du"": 31119.18, ""paye"": true, ""date_paiement"": ""2026-04-03T00:00:00""}, {""numero_echeance"": 15, ""date_echeance"": ""2026-05-03T00:00:00"", ""montant_du"": 31119.18, ""paye"": true, ""date_paiement"": ""2026-05-03T00:00:00""}, {""numero_echeance"": 16, ""date_echeance"": ""2026-06-02T00:00:00"", ""montant_du"": 31119.18, ""paye"": true, ""date_paiement"": ""2026-06-02T00:00:00""}, {""numero_echeance"": 17, ""date_echeance"": ""2026-07-02T00:00:00"", ""montant_du"": 31119.18, ""paye"": true, ""date_paiement"": ""2026-07-02T00:00:00""}, {""numero_echeance"": 18, ""date_echeance"": ""2026-08-01T00:00:00"", ""montant_du"": 31119.18, ""paye"": true, ""date_paiement"": ""2026-08-01T00:00:00""}, {""numero_echeance"": 19, ""date_echeance"": ""2026-08-31T00:00:00"", ""montant_du"": 31119.18, ""paye"": true, ""date_paiement"": ""2026-08-31T00:00:00""}, {""numero_echeance"": 20, ""date_echeance"": ""2026-09-30T00:00:00"", ""montant_du"": 31119.18, ""paye"": false, ""date_paiement"": null}, {""numero_echeance"": 21, ""date_echeance"": ""2026-10-30T00:00:00"", ""montant_du"": 31119.18, ""paye"": true, ""date_paiement"": ""2026-10-30T00:00:00""}, {""numero_echeance"": 22, ""date_echeance"": ""2026-11-29T00:00:00"", ""montant_du"": 31119.18, ""paye"": true, ""date_paiement"": ""2026-11-29T00:00:00""}, {""numero_echeance"": 23, ""date_echeance"": ""2026-12-29T00:00:00"", ""montant_du"": 31119.18, ""paye"": false, ""date_paiement"": null}, {""numero_echeance"": 24, ""date_echeance"": ""2027-01-28T00:00:00"", ""montant_du"": 31119.18, ""paye"": true, ""date_paiement"": ""2027-01-28T00:00:00""}]",MBR-0132,746860.32,en cours,3.8
PRT-0075,2024-07-16T00:00:00,24,"[{""numero_echeance"": 1, ""date_echeance"": ""2024-08-15T00:00:00"", ""montant_du"": 24604.55, ""paye"": true, ""date_paiement"": ""2024-08-15T00:00:00""}, {""numero_echeance"": 2, ""date_echeance"": ""2024-09-14T00:00:00"", ""montant_du"": 24604.55, ""paye"": true, ""date_paiement"": ""2024-09-14T00:00:00""}, {""numero_echeance"": 3, ""date_echeance"": ""2024-10-14T00:00:00"", ""montant_du"": 24604.55, ""paye"": false, ""date_paiement"": null}, {""numero_echeance"": 4, ""date_echeance"": ""2024-11-13T00:00:00"", ""montant_du"": 24604.55, ""paye"": false, ""date_paiement"": null}, {""numero_echeance"": 5, ""date_echeance"": ""2024-12-13T00:00:00"", ""montant_du"": 24604.55, ""paye"": true, ""date_paiement"": ""2024-12-13T00:00:00""}, {""numero_echeance"": 6, ""date_echeance"": ""2025-01-12T00:00:00"", ""montant_du"": 24604.55, ""paye"": true, ""date_paiement"": ""2025-01-12T00:00:00""}, {""numero_echeance"": 7, ""date_echeance"": ""2025-02-11T00:00:00"", ""montant_du"": 24604.55, ""paye"": false, ""date_paiement"": null}, {""numero_echeance"": 8, ""date_echeance"": ""2025-03-13T00:00:00"", ""montant_du"": 24604.55, ""paye"": true, ""date_paiement"": ""2025-03-13T00:00:00""}, {""numero_echeance"": 9, ""date_echeance"": ""2025-04-12T00:00:00"", ""montant_du"": 24604.55, ""paye"": true, ""date_paiement"": ""2025-04-12T00:00:00""}, {""numero_echeance"": 10, ""date_echeance"": ""2025-05-12T00:00:00"", ""montant_du"": 24604.55, ""paye"": true, ""date_paiement"": ""2025-05-12T00:00:00""}, {""numero_echeance"": 11, ""date_echeance"": ""2025-06-11T00:00:00"", ""montant_du"": 24604.55, ""paye"": false, ""date_paiement"": null}, {""numero_echeance"": 12, ""date_echeance"": ""2025-07-11T00:00:00"", ""montant_du"": 24604.55, ""paye"": true, ""date_paiement"": ""2025-07-11T00:00:00""}, {""numero_echeance"": 13, ""date_echeance"": ""2025-08-10T00:00:00"", ""montant_du"": 24604.55, ""paye"": true, ""date_paiement"": ""2025-08-10T00:00:00""}, {""numero_echeance"": 14, ""date_echeance"": ""2025-09-09T00:00:00"", ""montant_du"": 24604.55, ""paye"": true, ""date_paiement"": ""2025-09-09T00:00:00""}, {""numero_echeance"": 15, ""date_echeance"": ""2025-10-09T00:00:00"", ""montant_du"": 24604.55, ""paye"": true, ""date_paiement"": ""2025-10-09T00:00:00""}, {""numero_echeance"": 16, ""date_echeance"": ""2025-11-08T00:00:00"", ""montant_du"": 24604.55, ""paye"": true, ""date_paiement"": ""2025-11-08T00:00:00""}, {""numero_echeance"": 17, ""date_echeance"": ""2025-12-08T00:00:00"", ""montant_du"": 24604.55, ""paye"": true, ""date_paiement"": ""2025-12-08T00:00:00""}, {""numero_echeance"": 18, ""date_echeance"": ""2026-01-07T00:00:00"", ""montant_du"": 24604.55, ""paye"": true, ""date_paiement"": ""2026-01-07T00:00:00""}, {""numero_echeance"": 19, ""date_echeance"": ""2026-02-06T00:00:00"", ""montant_du"": 24604.55, ""paye"": false, ""date_paiement"": null}, {""numero_echeance"": 20, ""date_echeance"": ""2026-03-08T00:00:00"", ""montant_du"": 24604.55, ""paye"": false, ""date_paiement"": null}, {""numero_echeance"": 21, ""date_echeance"": ""2026-04-07T00:00:00"", ""montant_du"": 24604.55, ""paye"": false, ""date_paiement"": null}, {""numero_echeance"": 22, ""date_echeance"": ""2026-05-07T00:00:00"", ""montant_du"": 24604.55, ""paye"": true, ""date_paiement"": ""2026-05-07T00:00:00""}, {""numero_echeance"": 23, ""date_echeance"": ""2026-06-06T00:00:00"", ""montant_du"": 24604.55, ""paye"": true, ""date_paiement"": ""2026-06-06T00:00:00""}, {""numero_echeance"": 24, ""date_echeance"": ""2026-07-06T00:00:00"", ""montant_du"": 24604.55, ""paye"": true, ""date_paiement"": ""2026-07-06T00:00:00""}]",MBR-0123,590509.16,en cours,7.27
PRT-0076,2024-04-25T00:00:00,3,"[{""numero_echeance"": 1, ""date_echeance"": ""2024-05-25T00:00:00"", ""montant_du"": 518061.66, ""paye"": true, ""date_paiement"": ""2024-05-22T00:00:00""}, {""numero_echeance"": 2, ""date_echeance"": ""2024-06-24T00:00:00"", ""montant_du"": 518061.66, ""paye"": true, ""date_paiement"": ""2024-06-24T00:00:00""}, {""numero_echeance"": 3, ""date_echeance"": ""2024-07-24T00:00:00"", ""montant_du"": 518061.66, ""paye"": true, ""date_paiement"": ""2024-07-23T00:00:00""}]",MBR-0156,1554184.97,soldé,6.2
PRT-0077,2025-04-02T00:00:00,3,"[{""numero_echeance"": 1, ""date_echeance"": ""2025-05-02T00:00:00"", ""montant_du"": 43869.89, ""paye"": false, ""date_paiement"": null}, {""numero_echeance"": 2, ""date_echeance"": ""2025-06-01T00:00:00"", ""montant_du"": 43869.89, ""paye"": false, ""date_paiement"": null}, {""numero_echeance"": 3, ""date_echeance"": ""2025-07-01T00:00:00"", ""montant_du"": 43869.89, ""paye"": true, ""date_paiement"": ""2025-07-01T00:00:00""}]",MBR-0047,131609.68,en cours,5.9
PRT-0078,2024-02-07T00:00:00,6,"[{""numero_echeance"": 1, ""date_echeance"": ""2024-03-08T00:00:00"", ""montant_du"": 309115.3, ""paye"": true, ""date_paiement"": ""2024-03-04T00:00:00""}, {""numero_echeance"": 2, ""date_echeance"": ""2024-04-07T00:00:00"", ""montant_du"": 309115.3, ""paye"": true, ""date_paiement"": ""2024-04-06T00:00:00""}, {""numero_echeance"": 3, ""date_echeance"": ""2024-05-07T00:00:00"", ""montant_du"": 309115.3, ""paye"": true, ""date_paiement"": ""2024-05-04T00:00:00""}, {""numero_echeance"": 4, ""date_echeance"": ""2024-06-06T00:00:00"", ""montant_du"": 309115.3, ""paye"": true, ""date_paiement"": ""2024-06-03T00:00:00""}, {""numero_echeance"": 5, ""date_echeance"": ""2024-07-06T00:00:00"", ""montant_du"": 309115.3, ""paye"": true, ""date_paiement"": ""2024-07-04T00:00:00""}, {""numero_echeance"": 6, ""date_echeance"": ""2024-08-05T00:00:00"", ""montant_du"": 309115.3, ""paye"": true, ""date_paiement"": ""2024-08-04T00:00:00""}]",MBR-0051,1854691.82,soldé,6.61
PRT-0079,2025-06-17T00:00:00,12,"[{""numero_echeance"": 1, ""date_echeance"": ""2025-07-17T00:00:00"", ""montant_du"": 6345.64, ""paye"": true, ""date_paiement"": ""2025-07-17T00:00:00""}, {""numero_echeance"": 2, ""date_echeance"": ""2025-08-16T00:00:00"", ""montant_du"": 6345.64, ""paye"": false, ""date_paiement"": null}, {""numero_echeance"": 3, ""date_echeance"": ""2025-09-15T00:00:00"", ""montant_du"": 6345.64, ""paye"": true, ""date_paiement"": ""2025-09-15T00:00:00""}, {""numero_echeance"": 4, ""date_echeance"": ""2025-10-15T00:00:00"", ""montant_du"": 6345.64, ""paye"": true, ""date_paiement"": ""2025-10-15T00:00:00""}, {""numero_echeance"": 5, ""date_echeance"": ""2025-11-14T00:00:00"", ""montant_du"": 6345.64, ""paye"": true, ""date_paiement"": ""2025-11-14T00:00:00""}, {""numero_echeance"": 6, ""date_echeance"": ""2025-12-14T00:00:00"", ""montant_du"": 6345.64, ""paye"": false, ""date_paiement"": null}, {""numero_echeance"": 7, ""date_echeance"": ""2026-01-13T00:00:00"", ""montant_du"": 6345.64, ""paye"": true, ""date_paiement"": ""2026-01-13T00:00:00""}, {""numero_echeance"": 8, ""date_echeance"": ""2026-02-12T00:00:00"", ""montant_du"": 6345.64, ""paye"": false, ""date_paiement"": null}, {""numero_echeance"": 9, ""date_echeance"": ""2026-03-14T00:00:00"", ""montant_du"": 6345.64, ""paye"": true, ""date_paiement"": ""2026-03-14T00:00:00""}, {""numero_echeance"": 10, ""date_echeance"": ""2026-04-13T00:00:00"", ""montant_du"": 6345.64, ""paye"": false, ""date_paiement"": null}, {""numero_echeance"": 11, ""date_echeance"": ""2026-05-13T00:00:00"", ""montant_du"": 6345.64, ""paye"": true, ""date_paiement"": ""2026-05-13T00:00:00""}, {""numero_echeance"": 12, ""date_echeance"": ""2026-06-12T00:00:00"", ""montant_du"": 6345.64, ""paye"": false, ""date_paiement"": null}]",MBR-0138,76147.68,en cours,3.48
PRT-0080,2024-01-18T00:00:00,6,"[{""numero_echeance"": 1, ""date_echeance"": ""2024-02-17T00:00:00"", ""montant_du"": 57124.96, ""paye"": false, ""date_paiement"": null}, {""numero_echeance"": 2, ""date_echeance"": ""2024-03-18T00:00:00"", ""montant_du"": 57124.96, ""paye"": false, ""date_paiement"": null}, {""numero_echeance"": 3, ""date_echeance"": ""2024-04-17T00:00:00"", ""montant_du"": 57124.96, ""paye"": false, ""date_paiement"": null}, {""numero_echeance"": 4, ""date_echeance"": ""2024-05-17T00:00:00"", ""montant_du"": 57124.96, ""paye"": false, ""date_paiement"": null}, {""numero_echeance"": 5, ""date_echeance"": ""2024-06-16T00:00:00"", ""montant_du"": 57124.96, ""paye"": false, ""date_paiement"": null}, {""numero_echeance"": 6, ""date_echeance"": ""2024-07-16T00:00:00"", ""montant_du"": 57124.96, ""paye"": false, ""date_paiement"": null}]",MBR-0035,342749.75,en retard,4.08
PRT-0081,2025-01-24T00:00:00,12,"[{""numero_echeance"": 1, ""date_echeance"": ""2025-02-23T00:00:00"", ""montant_du"": 118018.34, ""paye"": true, ""date_paiement"": ""2025-02-23T00:00:00""}, {""numero_echeance"": 2, ""date_echeance"": ""2025-03-25T00:00:00"", ""montant_du"": 118018.34, ""paye"": true, ""date_paiement"": ""2025-03-25T00:00:00""}, {""numero_echeance"": 3, ""date_echeance"": ""2025-04-24T00:00:00"", ""montant_du"": 118018.34, ""paye"": false, ""date_paiement"": null}, {""numero_echeance"": 4, ""date_echeance"": ""2025-05-24T00:00:00"", ""montant_du"": 118018.34, ""paye"": true, ""date_paiement"": ""2025-05-24T00:00:00""}, {""numero_echeance"": 5, ""date_echeance"": ""2025-06-23T00:00:00"", ""montant_du"": 118018.34, ""paye"": false, ""date_paiement"": null}, {""numero_echeance"": 6, ""date_echeance"": ""2025-07-23T00:00:00"", ""montant_du"": 118018.34, ""paye"": true, ""date_paiement"": ""2025-07-23T00:00:00""}, {""numero_echeance"": 7, ""date_echeance"": ""2025-08-22T00:00:00"", ""montant_du"": 118018.34, ""paye"": true, ""date_paiement"": ""2025-08-22T00:00:00""}, {""numero_echeance"": 8, ""date_echeance"": ""2025-09-21T00:00:00"", ""montant_du"": 118018.34, ""paye"": true, ""date_paiement"": ""2025-09-21T00:00:00""}, {""numero_echeance"": 9, ""date_echeance"": ""2025-10-21T00:00:00"", ""montant_du"": 118018.34, ""paye"": false, ""date_paiement"": null}, {""numero_echeance"": 10, ""date_echeance"": ""2025-11-20T00:00:00"", ""montant_du"": 118018.34, ""paye"": true, ""date_paiement"": ""2025-11-20T00:00:00""}, {""numero_echeance"": 11, ""date_echeance"": ""2025-12-20T00:00:00"", ""montant_du"": 118018.34, ""paye"": true, ""date_paiement"": ""2025-12-20T00:00:00""}, {""numero_echeance"": 12, ""date_echeance"": ""2026-01-19T00:00:00"", ""montant_du"": 118018.34, ""paye"": false, ""date_paiement"": null}]",MBR-0050,1416220.1,en cours,4.52
PRT-0082,2025-07-06T00:00:00,12,"[{""numero_echeance"": 1, ""date_echeance"": ""2025-08-05T00:00:00"", ""montant_du"": 73044.26, ""paye"": true, ""date_paiement"": ""2025-08-02T00:00:00""}, {""numero_echeance"": 2, ""date_echeance"": ""2025-09-04T00:00:00"", ""montant_du"": 73044.26, ""paye"": true, ""date_paiement"": ""2025-09-02T00:00:00""}, {""numero_echeance"": 3, ""date_echeance"": ""2025-10-04T00:00:00"", ""montant_du"": 73044.26, ""paye"": true, ""date_paiement"": ""2025-10-03T00:00:00""}, {""numero_echeance"": 4, ""date_echeance"": ""2025-11-03T00:00:00"", ""montant_du"": 73044.26, ""paye"": true, ""date_paiement"": ""2025-11-02T00:00:00""}, {""numero_echeance"": 5, ""date_echeance"": ""2025-12-03T00:00:00"", ""montant_du"": 73044.26, ""paye"": true, ""date_paiement"": ""2025-12-03T00:00:00""}, {""numero_echeance"": 6, ""date_echeance"": ""2026-01-02T00:00:00"", ""montant_du"": 73044.26, ""paye"": true, ""date_paiement"": ""2025-12-31T00:00:00""}, {""numero_echeance"": 7, ""date_echeance"": ""2026-02-01T00:00:00"", ""montant_du"": 73044.26, ""paye"": true, ""date_paiement"": ""2026-02-01T00:00:00""}, {""numero_echeance"": 8, ""date_echeance"": ""2026-03-03T00:00:00"", ""montant_du"": 73044.26, ""paye"": true, ""date_paiement"": ""2026-02-26T00:00:00""}, {""numero_echeance"": 9, ""date_echeance"": ""2026-04-02T00:00:00"", ""montant_du"": 73044.26, ""paye"": true, ""date_paiement"": ""2026-04-01T00:00:00""}, {""numero_echeance"": 10, ""date_echeance"": ""2026-05-02T00:00:00"", ""montant_du"": 73044.26, ""paye"": true, ""date_paiement"": ""2026-05-02T00:00:00""}, {""numero_echeance"": 11, ""date_echeance"": ""2026-06-01T00:00:00"", ""montant_du"": 73044.26, ""paye"": true, ""date_paiement"": ""2026-05-31T00:00:00""}, {""numero_echeance"": 12, ""date_echeance"": ""2026-07-01T00:00:00"", ""montant_du"": 73044.26, ""paye"": true, ""date_paiement"": ""2026-06-28T00:00:00""}]",MBR-0049,876531.14,soldé,4.47
PRT-0083,2025-05-05T00:00:00,6,"[{""numero_echeance"": 1, ""date_echeance"": ""2025-06-04T00:00:00"", ""montant_du"": 145632.76, ""paye"": false, ""date_paiement"": null}, {""numero_echeance"": 2, ""date_echeance"": ""2025-07-04T00:00:00"", ""montant_du"": 145632.76, ""paye"": false, ""date_paiement"": null}, {""numero_echeance"": 3, ""date_echeance"": ""2025-08-03T00:00:00"", ""montant_du"": 145632.76, ""paye"": true, ""date_paiement"": ""2025-08-03T00:00:00""}, {""numero_echeance"": 4, ""date_echeance"": ""2025-09-02T00:00:00"", ""montant_du"": 145632.76, ""paye"": true, ""date_paiement"": ""2025-09-02T00:00:00""}, {""numero_echeance"": 5, ""date_echeance"": ""2025-10-02T00:00:00"", ""montant_du"": 145632.76, ""paye"": true, ""date_paiement"": ""2025-10-02T00:00:00""}, {""numero_echeance"": 6, ""date_echeance"": ""2025-11-01T00:00:00"", ""montant_du"": 145632.76, ""paye"": false, ""date_paiement"": null}]",MBR-0014,873796.59,en cours,4.49
PRT-0084,2025-02-26T00:00:00,3,"[{""numero_echeance"": 1, ""date_echeance"": ""2025-03-28T00:00:00"", ""montant_du"": 296960.9, ""paye"": true, ""date_paiement"": ""2025-03-28T00:00:00""}, {""numero_echeance"": 2, ""date_echeance"": ""2025-04-27T00:00:00"", ""montant_du"": 296960.9, ""paye"": true, ""date_paiement"": ""2025-04-27T00:00:00""}, {""numero_echeance"": 3, ""date_echeance"": ""2025-05-27T00:00:00"", ""montant_du"": 296960.9, ""paye"": false, ""date_paiement"": null}]",MBR-0022,890882.69,en cours,7.24
PRT-0085,2024-11-23T00:00:00,12,"[{""numero_echeance"": 1, ""date_echeance"": ""2024-12-23T00:00:00"", ""montant_du"": 109806.99, ""paye"": true, ""date_paiement"": ""2024-12-22T00:00:00""}, {""numero_echeance"": 2, ""date_echeance"": ""2025-01-22T00:00:00"", ""montant_du"": 109806.99, ""paye"": true, ""date_paiement"": ""2025-01-17T00:00:00""}, {""numero_echeance"": 3, ""date_echeance"": ""2025-02-21T00:00:00"", ""montant_du"": 109806.99, ""paye"": true, ""date_paiement"": ""2025-02-16T00:00:00""}, {""numero_echeance"": 4, ""date_echeance"": ""2025-03-23T00:00:00"", ""montant_du"": 109806.99, ""paye"": true, ""date_paiement"": ""2025-03-18T00:00:00""}, {""numero_echeance"": 5, ""date_echeance"": ""2025-04-22T00:00:00"", ""montant_du"": 109806.99, ""paye"": true, ""date_paiement"": ""2025-04-22T00:00:00""}, {""numero_echeance"": 6, ""date_echeance"": ""2025-05-22T00:00:00"", ""montant_du"": 109806.99, ""paye"": true, ""date_paiement"": ""2025-05-21T00:00:00""}, {""numero_echeance"": 7, ""date_echeance"": ""2025-06-21T00:00:00"", ""montant_du"": 109806.99, ""paye"": true, ""date_paiement"": ""2025-06-16T00:00:00""}, {""numero_echeance"": 8, ""date_echeance"": ""2025-07-21T00:00:00"", ""montant_du"": 109806.99, ""paye"": true, ""date_paiement"": ""2025-07-16T00:00:00""}, {""numero_echeance"": 9, ""date_echeance"": ""2025-08-20T00:00:00"", ""montant_du"": 109806.99, ""paye"": true, ""date_paiement"": ""2025-08-18T00:00:00""}, {""numero_echeance"": 10, ""date_echeance"": ""2025-09-19T00:00:00"", ""montant_du"": 109806.99, ""paye"": true, ""date_paiement"": ""2025-09-19T00:00:00""}, {""numero_echeance"": 11, ""date_echeance"": ""2025-10-19T00:00:00"", ""montant_du"": 109806.99, ""paye"": true, ""date_paiement"": ""2025-10-18T00:00:00""}, {""numero_echeance"": 12, ""date_echeance"": ""2025-11-18T00:00:00"", ""montant_du"": 109806.99, ""paye"": true, ""date_paiement"": ""2025-11-18T00:00:00""}]",MBR-0136,1317683.83,soldé,7.46
PRT-0086,2025-05-23T00:00:00,18,"[{""numero_echeance"": 1, ""date_echeance"": ""2025-06-22T00:00:00"", ""montant_du"": 4604.29, ""paye"": false, ""date_paiement"": null}, {""numero_echeance"": 2, ""date_echeance"": ""2025-07-22T00:00:00"", ""montant_du"": 4604.29, ""paye"": false, ""date_paiement"": null}, {""numero_echeance"": 3, ""date_echeance"": ""2025-08-21T00:00:00"", ""montant_du"": 4604.29, ""paye"": false, ""date_paiement"": null}, {""numero_echeance"": 4, ""date_echeance"": ""2025-09-20T00:00:00"", ""montant_du"": 4604.29, ""paye"": false, ""date_paiement"": null}, {""numero_echeance"": 5, ""date_echeance"": ""2025-10-20T00:00:00"", ""montant_du"": 4604.29, ""paye"": false, ""date_paiement"": null}, {""numero_echeance"": 6, ""date_echeance"": ""2025-11-19T00:00:00"", ""montant_du"": 4604.29, ""paye"": false, ""date_paiement"": null}, {""numero_echeance"": 7, ""date_echeance"": ""2025-12-19T00:00:00"", ""montant_du"": 4604.29, ""paye"": false, ""date_paiement"": null}, {""numero_echeance"": 8, ""date_echeance"": ""2026-01-18T00:00:00"", ""montant_du"": 4604.29, ""paye"": false, ""date_paiement"": null}, {""numero_echeance"": 9, ""date_echeance"": ""2026-02-17T00:00:00"", ""montant_du"": 4604.29, ""paye"": false, ""date_paiement"": null}, {""numero_echeance"": 10, ""date_echeance"": ""2026-03-19T00:00:00"", ""montant_du"": 4604.29, ""paye"": false, ""date_paiement"": null}, {""numero_echeance"": 11, ""date_echeance"": ""2026-04-18T00:00:00"", ""montant_du"": 4604.29, ""paye"": false, ""date_paiement"": null}, {""numero_echeance"": 12, ""date_echeance"": ""2026-05-18T00:00:00"", ""montant_du"": 4604.29, ""paye"": false, ""date_paiement"": null}, {""numero_echeance"": 13, ""date_echeance"": ""2026-06-17T00:00:00"", ""montant_du"": 4604.29, ""paye"": false, ""date_paiement"": null}, {""numero_echeance"": 14, ""date_echeance"": ""2026-07-17T00:00:00"", ""montant_du"": 4604.29, ""paye"": false, ""date_paiement"": null}, {""numero_echeance"": 15, ""date_echeance"": ""2026-08-16T00:00:00"", ""montant_du"": 4604.29, ""paye"": false, ""date_paiement"": null}, {""numero_echeance"": 16, ""date_echeance"": ""2026-09-15T00:00:00"", ""montant_du"": 4604.29, ""paye"": false, ""date_paiement"": null}, {""numero_echeance"": 17, ""date_echeance"": ""2026-10-15T00:00:00"", ""montant_du"": 4604.29, ""paye"": false, ""date_paiement"": null}, {""numero_echeance"": 18, ""date_echeance"": ""2026-11-14T00:00:00"", ""montant_du"": 4604.29, ""paye"": false, ""date_paiement"": null}]",MBR-0032,82877.27,en retard,4.5
PRT-0087,2025-11-24T00:00:00,24,"[{""numero_echeance"": 1, ""date_echeance"": ""2025-12-24T00:00:00"", ""montant_du"": 52694.48, ""paye"": true, ""date_paiement"": ""2025-12-22T00:00:00""}, {""numero_echeance"": 2, ""date_echeance"": ""2026-01-23T00:00:00"", ""montant_du"": 52694.48, ""paye"": true, ""date_paiement"": ""2026-01-21T00:00:00""}, {""numero_echeance"": 3, ""date_echeance"": ""2026-02-22T00:00:00"", ""montant_du"": 52694.48, ""paye"": true, ""date_paiement"": ""2026-02-19T00:00:00""}, {""numero_echeance"": 4, ""date_echeance"": ""2026-03-24T00:00:00"", ""montant_du"": 52694.48, ""paye"": true, ""date_paiement"": ""2026-03-23T00:00:00""}, {""numero_echeance"": 5, ""date_echeance"": ""2026-04-23T00:00:00"", ""montant_du"": 52694.48, ""paye"": true, ""date_paiement"": ""2026-04-22T00:00:00""}, {""numero_echeance"": 6, ""date_echeance"": ""2026-05-23T00:00:00"", ""montant_du"": 52694.48, ""paye"": true, ""date_paiement"": ""2026-05-21T00:00:00""}, {""numero_echeance"": 7, ""date_echeance"": ""2026-06-22T00:00:00"", ""montant_du"": 52694.48, ""paye"": true, ""date_paiement"": ""2026-06-19T00:00:00""}, {""numero_echeance"": 8, ""date_echeance"": ""2026-07-22T00:00:00"", ""montant_du"": 52694.48, ""paye"": true, ""date_paiement"": ""2026-07-22T00:00:00""}, {""numero_echeance"": 9, ""date_echeance"": ""2026-08-21T00:00:00"", ""montant_du"": 52694.48, ""paye"": true, ""date_paiement"": ""2026-08-20T00:00:00""}, {""numero_echeance"": 10, ""date_echeance"": ""2026-09-20T00:00:00"", ""montant_du"": 52694.48, ""paye"": true, ""date_paiement"": ""2026-09-18T00:00:00""}, {""numero_echeance"": 11, ""date_echeance"": ""2026-10-20T00:00:00"", ""montant_du"": 52694.48, ""paye"": true, ""date_paiement"": ""2026-10-17T00:00:00""}, {""numero_echeance"": 12, ""date_echeance"": ""2026-11-19T00:00:00"", ""montant_du"": 52694.48, ""paye"": true, ""date_paiement"": ""2026-11-16T00:00:00""}, {""numero_echeance"": 13, ""date_echeance"": ""2026-12-19T00:00:00"", ""montant_du"": 52694.48, ""paye"": true, ""date_paiement"": ""2026-12-19T00:00:00""}, {""numero_echeance"": 14, ""date_echeance"": ""2027-01-18T00:00:00"", ""montant_du"": 52694.48, ""paye"": true, ""date_paiement"": ""2027-01-18T00:00:00""}, {""numero_echeance"": 15, ""date_echeance"": ""2027-02-17T00:00:00"", ""montant_du"": 52694.48, ""paye"": true, ""date_paiement"": ""2027-02-17T00:00:00""}, {""numero_echeance"": 16, ""date_echeance"": ""2027-03-19T00:00:00"", ""montant_du"": 52694.48, ""paye"": true, ""date_paiement"": ""2027-03-15T00:00:00""}, {""numero_echeance"": 17, ""date_echeance"": ""2027-04-18T00:00:00"", ""montant_du"": 52694.48, ""paye"": true, ""date_paiement"": ""2027-04-18T00:00:00""}, {""numero_echeance"": 18, ""date_echeance"": ""2027-05-18T00:00:00"", ""montant_du"": 52694.48, ""paye"": true, ""date_paiement"": ""2027-05-18T00:00:00""}, {""numero_echeance"": 19, ""date_echeance"": ""2027-06-17T00:00:00"", ""montant_du"": 52694.48, ""paye"": true, ""date_paiement"": ""2027-06-13T00:00:00""}, {""numero_echeance"": 20, ""date_echeance"": ""2027-07-17T00:00:00"", ""montant_du"": 52694.48, ""paye"": true, ""date_paiement"": ""2027-07-17T00:00:00""}, {""numero_echeance"": 21, ""date_echeance"": ""2027-08-16T00:00:00"", ""montant_du"": 52694.48, ""paye"": true, ""date_paiement"": ""2027-08-16T00:00:00""}, {""numero_echeance"": 22, ""date_echeance"": ""2027-09-15T00:00:00"", ""montant_du"": 52694.48, ""paye"": true, ""date_paiement"": ""2027-09-14T00:00:00""}, {""numero_echeance"": 23, ""date_echeance"": ""2027-10-15T00:00:00"", ""montant_du"": 52694.48, ""paye"": true, ""date_paiement"": ""2027-10-15T00:00:00""}, {""numero_echeance"": 24, ""date_echeance"": ""2027-11-14T00:00:00"", ""montant_du"": 52694.48, ""paye"": true, ""date_paiement"": ""2027-11-09T00:00:00""}]",MBR-0079,1264667.5,soldé,4.54
PRT-0088,2024-10-09T00:00:00,18,"[{""numero_echeance"": 1, ""date_echeance"": ""2024-11-08T00:00:00"", ""montant_du"": 62777.47, ""paye"": false, ""date_paiement"": null}, {""numero_echeance"": 2, ""date_echeance"": ""2024-12-08T00:00:00"", ""montant_du"": 62777.47, ""paye"": true, ""date_paiement"": ""2024-12-08T00:00:00""}, {""numero_echeance"": 3, ""date_echeance"": ""2025-01-07T00:00:00"", ""montant_du"": 62777.47, ""paye"": false, ""date_paiement"": null}, {""numero_echeance"": 4, ""date_echeance"": ""2025-02-06T00:00:00"", ""montant_du"": 62777.47, ""paye"": true, ""date_paiement"": ""2025-02-06T00:00:00""}, {""numero_echeance"": 5, ""date_echeance"": ""2025-03-08T00:00:00"", ""montant_du"": 62777.47, ""paye"": true, ""date_paiement"": ""2025-03-08T00:00:00""}, {""numero_echeance"": 6, ""date_echeance"": ""2025-04-07T00:00:00"", ""montant_du"": 62777.47, ""paye"": true, ""date_paiement"": ""2025-04-07T00:00:00""}, {""numero_echeance"": 7, ""date_echeance"": ""2025-05-07T00:00:00"", ""montant_du"": 62777.47, ""paye"": false, ""date_paiement"": null}, {""numero_echeance"": 8, ""date_echeance"": ""2025-06-06T00:00:00"", ""montant_du"": 62777.47, ""paye"": false, ""date_paiement"": null}, {""numero_echeance"": 9, ""date_echeance"": ""2025-07-06T00:00:00"", ""montant_du"": 62777.47, ""paye"": true, ""date_paiement"": ""2025-07-06T00:00:00""}, {""numero_echeance"": 10, ""date_echeance"": ""2025-08-05T00:00:00"", ""montant_du"": 62777.47, ""paye"": true, ""date_paiement"": ""2025-08-05T00:00:00""}, {""numero_echeance"": 11, ""date_echeance"": ""2025-09-04T00:00:00"", ""montant_du"": 62777.47, ""paye"": true, ""date_paiement"": ""2025-09-04T00:00:00""}, {""numero_echeance"": 12, ""date_echeance"": ""2025-10-04T00:00:00"", ""montant_du"": 62777.47, ""paye"": true, ""date_paiement"": ""2025-10-04T00:00:00""}, {""numero_echeance"": 13, ""date_echeance"": ""2025-11-03T00:00:00"", ""montant_du"": 62777.47, ""paye"": false, ""date_paiement"": null}, {""numero_echeance"": 14, ""date_echeance"": ""2025-12-03T00:00:00"", ""montant_du"": 62777.47, ""paye"": true, ""date_paiement"": ""2025-12-03T00:00:00""}, {""numero_echeance"": 15, ""date_echeance"": ""2026-01-02T00:00:00"", ""montant_du"": 62777.47, ""paye"": false, ""date_paiement"": null}, {""numero_echeance"": 16, ""date_echeance"": ""2026-02-01T00:00:00"", ""montant_du"": 62777.47, ""paye"": true, ""date_paiement"": ""2026-02-01T00:00:00""}, {""numero_echeance"": 17, ""date_echeance"": ""2026-03-03T00:00:00"", ""montant_du"": 62777.47, ""paye"": true, ""date_paiement"": ""2026-03-03T00:00:00""}, {""numero_echeance"": 18, ""date_echeance"": ""2026-04-02T00:00:00"", ""montant_du"": 62777.47, ""paye"": true, ""date_paiement"": ""2026-04-02T00:00:00""}]",MBR-0106,1129994.53,en cours,3.05
PRT-0089,2024-08-22T00:00:00,18,"[{""numero_echeance"": 1, ""date_echeance"": ""2024-09-21T00:00:00"", ""montant_du"": 51848.78, ""paye"": true, ""date_paiement"": ""2024-09-21T00:00:00""}, {""numero_echeance"": 2, ""date_echeance"": ""2024-10-21T00:00:00"", ""montant_du"": 51848.78, ""paye"": true, ""date_paiement"": ""2024-10-21T00:00:00""}, {""numero_echeance"": 3, ""date_echeance"": ""2024-11-20T00:00:00"", ""montant_du"": 51848.78, ""paye"": true, ""date_paiement"": ""2024-11-18T00:00:00""}, {""numero_echeance"": 4, ""date_echeance"": ""2024-12-20T00:00:00"", ""montant_du"": 51848.78, ""paye"": true, ""date_paiement"": ""2024-12-18T00:00:00""}, {""numero_echeance"": 5, ""date_echeance"": ""2025-01-19T00:00:00"", ""montant_du"": 51848.78, ""paye"": true, ""date_paiement"": ""2025-01-15T00:00:00""}, {""numero_echeance"": 6, ""date_echeance"": ""2025-02-18T00:00:00"", ""montant_du"": 51848.78, ""paye"": true, ""date_paiement"": ""2025-02-16T00:00:00""}, {""numero_echeance"": 7, ""date_echeance"": ""2025-03-20T00:00:00"", ""montant_du"": 51848.78, ""paye"": true, ""date_paiement"": ""2025-03-17T00:00:00""}, {""numero_echeance"": 8, ""date_echeance"": ""2025-04-19T00:00:00"", ""montant_du"": 51848.78, ""paye"": true, ""date_paiement"": ""2025-04-17T00:00:00""}, {""numero_echeance"": 9, ""date_echeance"": ""2025-05-19T00:00:00"", ""montant_du"": 51848.78, ""paye"": true, ""date_paiement"": ""2025-05-18T00:00:00""}, {""numero_echeance"": 10, ""date_echeance"": ""2025-06-18T00:00:00"", ""montant_du"": 51848.78, ""paye"": true, ""date_paiement"": ""2025-06-15T00:00:00""}, {""numero_echeance"": 11, ""date_echeance"": ""2025-07-18T00:00:00"", ""montant_du"": 51848.78, ""paye"": true, ""date_paiement"": ""2025-07-17T00:00:00""}, {""numero_echeance"": 12, ""date_echeance"": ""2025-08-17T00:00:00"", ""montant_du"": 51848.78, ""paye"": true, ""date_paiement"": ""2025-08-17T00:00:00""}, {""numero_echeance"": 13, ""date_echeance"": ""2025-09-16T00:00:00"", ""montant_du"": 51848.78, ""paye"": true, ""date_paiement"": ""2025-09-11T00:00:00""}, {""numero_echeance"": 14, ""date_echeance"": ""2025-10-16T00:00:00"", ""montant_du"": 51848.78, ""paye"": true, ""date_paiement"": ""2025-10-15T00:00:00""}, {""numero_echeance"": 15, ""date_echeance"": ""2025-11-15T00:00:00"", ""montant_du"": 51848.78, ""paye"": true, ""date_paiement"": ""2025-11-15T00:00:00""}, {""numero_echeance"": 16, ""date_echeance"": ""2025-12-15T00:00:00"", ""montant_du"": 51848.78, ""paye"": true, ""date_paiement"": ""2025-12-15T00:00:00""}, {""numero_echeance"": 17, ""date_echeance"": ""2026-01-14T00:00:00"", ""montant_du"": 51848.78, ""paye"": true, ""date_paiement"": ""2026-01-10T00:00:00""}, {""numero_echeance"": 18, ""date_echeance"": ""2026-02-13T00:00:00"", ""montant_du"": 51848.78, ""paye"": true, ""date_paiement"": ""2026-02-10T00:00:00""}]",MBR-0105,933278.1,soldé,3.86
PRT-0090,2025-04-02T00:00:00,12,"[{""numero_echeance"": 1, ""date_echeance"": ""2025-05-02T00:00:00"", ""montant_du"": 60868.37, ""paye"": true, ""date_paiement"": ""2025-04-27T00:00:00""}, {""numero_echeance"": 2, ""date_echeance"": ""2025-06-01T00:00:00"", ""montant_du"": 60868.37, ""paye"": true, ""date_paiement"": ""2025-05-29T00:00:00""}, {""numero_echeance"": 3, ""date_echeance"": ""2025-07-01T00:00:00"", ""montant_du"": 60868.37, ""paye"": true, ""date_paiement"": ""2025-06-27T00:00:00""}, {""numero_echeance"": 4, ""date_echeance"": ""2025-07-31T00:00:00"", ""montant_du"": 60868.37, ""paye"": true, ""date_paiement"": ""2025-07-29T00:00:00""}, {""numero_echeance"": 5, ""date_echeance"": ""2025-08-30T00:00:00"", ""montant_du"": 60868.37, ""paye"": true, ""date_paiement"": ""2025-08-27T00:00:00""}, {""numero_echeance"": 6, ""date_echeance"": ""2025-09-29T00:00:00"", ""montant_du"": 60868.37, ""paye"": true, ""date_paiement"": ""2025-09-29T00:00:00""}, {""numero_echeance"": 7, ""date_echeance"": ""2025-10-29T00:00:00"", ""montant_du"": 60868.37, ""paye"": true, ""date_paiement"": ""2025-10-28T00:00:00""}, {""numero_echeance"": 8, ""date_echeance"": ""2025-11-28T00:00:00"", ""montant_du"": 60868.37, ""paye"": true, ""date_paiement"": ""2025-11-28T00:00:00""}, {""numero_echeance"": 9, ""date_echeance"": ""2025-12-28T00:00:00"", ""montant_du"": 60868.37, ""paye"": true, ""date_paiement"": ""2025-12-24T00:00:00""}, {""numero_echeance"": 10, ""date_echeance"": ""2026-01-27T00:00:00"", ""montant_du"": 60868.37, ""paye"": true, ""date_paiement"": ""2026-01-27T00:00:00""}, {""numero_echeance"": 11, ""date_echeance"": ""2026-02-26T00:00:00"", ""montant_du"": 60868.37, ""paye"": true, ""date_paiement"": ""2026-02-24T00:00:00""}, {""numero_echeance"": 12, ""date_echeance"": ""2026-03-28T00:00:00"", ""montant_du"": 60868.37, ""paye"": true, ""date_paiement"": ""2026-03-27T00:00:00""}]",MBR-0047,730420.45,soldé,7.23
PRT-0091,2024-09-17T00:00:00,18,"[{""numero_echeance"": 1, ""date_echeance"": ""2024-10-17T00:00:00"", ""montant_du"": 68532.07, ""paye"": true, ""date_paiement"": ""2024-10-14T00:00:00""}, {""numero_echeance"": 2, ""date_echeance"": ""2024-11-16T00:00:00"", ""montant_du"": 68532.07, ""paye"": true, ""date_paiement"": ""2024-11-13T00:00:00""}, {""numero_echeance"": 3, ""date_echeance"": ""2024-12-16T00:00:00"", ""montant_du"": 68532.07, ""paye"": true, ""date_paiement"": ""2024-12-15T00:00:00""}, {""numero_echeance"": 4, ""date_echeance"": ""2025-01-15T00:00:00"", ""montant_du"": 68532.07, ""paye"": true, ""date_paiement"": ""2025-01-15T00:00:00""}, {""numero_echeance"": 5, ""date_echeance"": ""2025-02-14T00:00:00"", ""montant_du"": 68532.07, ""paye"": true, ""date_paiement"": ""2025-02-12T00:00:00""}, {""numero_echeance"": 6, ""date_echeance"": ""2025-03-16T00:00:00"", ""montant_du"": 68532.07, ""paye"": true, ""date_paiement"": ""2025-03-12T00:00:00""}, {""numero_echeance"": 7, ""date_echeance"": ""2025-04-15T00:00:00"", ""montant_du"": 68532.07, ""paye"": true, ""date_paiement"": ""2025-04-15T00:00:00""}, {""numero_echeance"": 8, ""date_echeance"": ""2025-05-15T00:00:00"", ""montant_du"": 68532.07, ""paye"": true, ""date_paiement"": ""2025-05-11T00:00:00""}, {""numero_echeance"": 9, ""date_echeance"": ""2025-06-14T00:00:00"", ""montant_du"": 68532.07, ""paye"": true, ""date_paiement"": ""2025-06-13T00:00:00""}, {""numero_echeance"": 10, ""date_echeance"": ""2025-07-14T00:00:00"", ""montant_du"": 68532.07, ""paye"": true, ""date_paiement"": ""2025-07-13T00:00:00""}, {""numero_echeance"": 11, ""date_echeance"": ""2025-08-13T00:00:00"", ""montant_du"": 68532.07, ""paye"": true, ""date_paiement"": ""2025-08-08T00:00:00""}, {""numero_echeance"": 12, ""date_echeance"": ""2025-09-12T00:00:00"", ""montant_du"": 68532.07, ""paye"": true, ""date_paiement"": ""2025-09-09T00:00:00""}, {""numero_echeance"": 13, ""date_echeance"": ""2025-10-12T00:00:00"", ""montant_du"": 68532.07, ""paye"": true, ""date_paiement"": ""2025-10-12T00:00:00""}, {""numero_echeance"": 14, ""date_echeance"": ""2025-11-11T00:00:00"", ""montant_du"": 68532.07, ""paye"": true, ""date_paiement"": ""2025-11-11T00:00:00""}, {""numero_echeance"": 15, ""date_echeance"": ""2025-12-11T00:00:00"", ""montant_du"": 68532.07, ""paye"": true, ""date_paiement"": ""2025-12-11T00:00:00""}, {""numero_echeance"": 16, ""date_echeance"": ""2026-01-10T00:00:00"", ""montant_du"": 68532.07, ""paye"": true, ""date_paiement"": ""2026-01-08T00:00:00""}, {""numero_echeance"": 17, ""date_echeance"": ""2026-02-09T00:00:00"", ""montant_du"": 68532.07, ""paye"": true, ""date_paiement"": ""2026-02-06T00:00:00""}, {""numero_echeance"": 18, ""date_echeance"": ""2026-03-11T00:00:00"", ""montant_du"": 68532.07, ""paye"": true, ""date_paiement"": ""2026-03-08T00:00:00""}]",MBR-0052,1233577.25,soldé,3.36
PRT-0092,2024-01-26T00:00:00,24,"[{""numero_echeance"": 1, ""date_echeance"": ""2024-02-25T00:00:00"", ""montant_du"": 10221.92, ""paye"": true, ""date_paiement"": ""2024-02-25T00:00:00""}, {""numero_echeance"": 2, ""date_echeance"": ""2024-03-26T00:00:00"", ""montant_du"": 10221.92, ""paye"": true, ""date_paiement"": ""2024-03-26T00:00:00""}, {""numero_echeance"": 3, ""date_echeance"": ""2024-04-25T00:00:00"", ""montant_du"": 10221.92, ""paye"": false, ""date_paiement"": null}, {""numero_echeance"": 4, ""date_echeance"": ""2024-05-25T00:00:00"", ""montant_du"": 10221.92, ""paye"": false, ""date_paiement"": null}, {""numero_echeance"": 5, ""date_echeance"": ""2024-06-24T00:00:00"", ""montant_du"": 10221.92, ""paye"": false, ""date_paiement"": null}, {""numero_echeance"": 6, ""date_echeance"": ""2024-07-24T00:00:00"", ""montant_du"": 10221.92, ""paye"": true, ""date_paiement"": ""2024-07-24T00:00:00""}, {""numero_echeance"": 7, ""date_echeance"": ""2024-08-23T00:00:00"", ""montant_du"": 10221.92, ""paye"": false, ""date_paiement"": null}, {""numero_echeance"": 8, ""date_echeance"": ""2024-09-22T00:00:00"", ""montant_du"": 10221.92, ""paye"": true, ""date_paiement"": ""2024-09-22T00:00:00""}, {""numero_echeance"": 9, ""date_echeance"": ""2024-10-22T00:00:00"", ""montant_du"": 10221.92, ""paye"": true, ""date_paiement"": ""2024-10-22T00:00:00""}, {""numero_echeance"": 10, ""date_echeance"": ""2024-11-21T00:00:00"", ""montant_du"": 10221.92, ""paye"": false, ""date_paiement"": null}, {""numero_echeance"": 11, ""date_echeance"": ""2024-12-21T00:00:00"", ""montant_du"": 10221.92, ""paye"": true, ""date_paiement"": ""2024-12-21T00:00:00""}, {""numero_echeance"": 12, ""date_echeance"": ""2025-01-20T00:00:00"", ""montant_du"": 10221.92, ""paye"": true, ""date_paiement"": ""2025-01-20T00:00:00""}, {""numero_echeance"": 13, ""date_echeance"": ""2025-02-19T00:00:00"", ""montant_du"": 10221.92, ""paye"": false, ""date_paiement"": null}, {""numero_echeance"": 14, ""date_echeance"": ""2025-03-21T00:00:00"", ""montant_du"": 10221.92, ""paye"": true, ""date_paiement"": ""2025-03-21T00:00:00""}, {""numero_echeance"": 15, ""date_echeance"": ""2025-04-20T00:00:00"", ""montant_du"": 10221.92, ""paye"": false, ""date_paiement"": null}, {""numero_echeance"": 16, ""date_echeance"": ""2025-05-20T00:00:00"", ""montant_du"": 10221.92, ""paye"": true, ""date_paiement"": ""2025-05-20T00:00:00""}, {""numero_echeance"": 17, ""date_echeance"": ""2025-06-19T00:00:00"", ""montant_du"": 10221.92, ""paye"": true, ""date_paiement"": ""2025-06-19T00:00:00""}, {""numero_echeance"": 18, ""date_echeance"": ""2025-07-19T00:00:00"", ""montant_du"": 10221.92, ""paye"": false, ""date_paiement"": null}, {""numero_echeance"": 19, ""date_echeance"": ""2025-08-18T00:00:00"", ""montant_du"": 10221.92, ""paye"": true, ""date_paiement"": ""2025-08-18T00:00:00""}, {""numero_echeance"": 20, ""date_echeance"": ""2025-09-17T00:00:00"", ""montant_du"": 10221.92, ""paye"": true, ""date_paiement"": ""2025-09-17T00:00:00""}, {""numero_echeance"": 21, ""date_echeance"": ""2025-10-17T00:00:00"", ""montant_du"": 10221.92, ""paye"": false, ""date_paiement"": null}, {""numero_echeance"": 22, ""date_echeance"": ""2025-11-16T00:00:00"", ""montant_du"": 10221.92, ""paye"": true, ""date_paiement"": ""2025-11-16T00:00:00""}, {""numero_echeance"": 23, ""date_echeance"": ""2025-12-16T00:00:00"", ""montant_du"": 10221.92, ""paye"": false, ""date_paiement"": null}, {""numero_echeance"": 24, ""date_echeance"": ""2026-01-15T00:00:00"", ""montant_du"": 10221.92, ""paye"": false, ""date_paiement"": null}]",MBR-0109,245325.99,en cours,7.81
PRT-0093,2025-10-16T00:00:00,18,"[{""numero_echeance"": 1, ""date_echeance"": ""2025-11-15T00:00:00"", ""montant_du"": 87638.08, ""paye"": true, ""date_paiement"": ""2025-11-15T00:00:00""}, {""numero_echeance"": 2, ""date_echeance"": ""2025-12-15T00:00:00"", ""montant_du"": 87638.08, ""paye"": true, ""date_paiement"": ""2025-12-15T00:00:00""}, {""numero_echeance"": 3, ""date_echeance"": ""2026-01-14T00:00:00"", ""montant_du"": 87638.08, ""paye"": false, ""date_paiement"": null}, {""numero_echeance"": 4, ""date_echeance"": ""2026-02-13T00:00:00"", ""montant_du"": 87638.08, ""paye"": false, ""date_paiement"": null}, {""numero_echeance"": 5, ""date_echeance"": ""2026-03-15T00:00:00"", ""montant_du"": 87638.08, ""paye"": true, ""date_paiement"": ""2026-03-15T00:00:00""}, {""numero_echeance"": 6, ""date_echeance"": ""2026-04-14T00:00:00"", ""montant_du"": 87638.08, ""paye"": false, ""date_paiement"": null}, {""numero_echeance"": 7, ""date_echeance"": ""2026-05-14T00:00:00"", ""montant_du"": 87638.08, ""paye"": false, ""date_paiement"": null}, {""numero_echeance"": 8, ""date_echeance"": ""2026-06-13T00:00:00"", ""montant_du"": 87638.08, ""paye"": false, ""date_paiement"": null}, {""numero_echeance"": 9, ""date_echeance"": ""2026-07-13T00:00:00"", ""montant_du"": 87638.08, ""paye"": true, ""date_paiement"": ""2026-07-13T00:00:00""}, {""numero_echeance"": 10, ""date_echeance"": ""2026-08-12T00:00:00"", ""montant_du"": 87638.08, ""paye"": false, ""date_paiement"": null}, {""numero_echeance"": 11, ""date_echeance"": ""2026-09-11T00:00:00"", ""montant_du"": 87638.08, ""paye"": false, ""date_paiement"": null}, {""numero_echeance"": 12, ""date_echeance"": ""2026-10-11T00:00:00"", ""montant_du"": 87638.08, ""paye"": true, ""date_paiement"": ""2026-10-11T00:00:00""}, {""numero_echeance"": 13, ""date_echeance"": ""2026-11-10T00:00:00"", ""montant_du"": 87638.08, ""paye"": true, ""date_paiement"": ""2026-11-10T00:00:00""}, {""numero_echeance"": 14, ""date_echeance"": ""2026-12-10T00:00:00"", ""montant_du"": 87638.08, ""paye"": true, ""date_paiement"": ""2026-12-10T00:00:00""}, {""numero_echeance"": 15, ""date_echeance"": ""2027-01-09T00:00:00"", ""montant_du"": 87638.08, ""paye"": false, ""date_paiement"": null}, {""numero_echeance"": 16, ""date_echeance"": ""2027-02-08T00:00:00"", ""montant_du"": 87638.08, ""paye"": false, ""date_paiement"": null}, {""numero_echeance"": 17, ""date_echeance"": ""2027-03-10T00:00:00"", ""montant_du"": 87638.08, ""paye"": true, ""date_paiement"": ""2027-03-10T00:00:00""}, {""numero_echeance"": 18, ""date_echeance"": ""2027-04-09T00:00:00"", ""montant_du"": 87638.08, ""paye"": false, ""date_paiement"": null}]",MBR-0102,1577485.43,en cours,5.41
PRT-0094,2024-11-26T00:00:00,6,"[{""numero_echeance"": 1, ""date_echeance"": ""2024-12-26T00:00:00"", ""montant_du"": 193914.15, ""paye"": true, ""date_paiement"": ""2024-12-25T00:00:00""}, {""numero_echeance"": 2, ""date_echeance"": ""2025-01-25T00:00:00"", ""montant_du"": 193914.15, ""paye"": true, ""date_paiement"": ""2025-01-24T00:00:00""}, {""numero_echeance"": 3, ""date_echeance"": ""2025-02-24T00:00:00"", ""montant_du"": 193914.15, ""paye"": true, ""date_paiement"": ""2025-02-19T00:00:00""}, {""numero_echeance"": 4, ""date_echeance"": ""2025-03-26T00:00:00"", ""montant_du"": 193914.15, ""paye"": true, ""date_paiement"": ""2025-03-21T00:00:00""}, {""numero_echeance"": 5, ""date_echeance"": ""2025-04-25T00:00:00"", ""montant_du"": 193914.15, ""paye"": true, ""date_paiement"": ""2025-04-21T00:00:00""}, {""numero_echeance"": 6, ""date_echeance"": ""2025-05-25T00:00:00"", ""montant_du"": 193914.15, ""paye"": true, ""date_paiement"": ""2025-05-20T00:00:00""}]",MBR-0123,1163484.91,soldé,3.87
PRT-0095,2025-09-17T00:00:00,3,"[{""numero_echeance"": 1, ""date_echeance"": ""2025-10-17T00:00:00"", ""montant_du"": 403495.54, ""paye"": true, ""date_paiement"": ""2025-10-17T00:00:00""}, {""numero_echeance"": 2, ""date_echeance"": ""2025-11-16T00:00:00"", ""montant_du"": 403495.54, ""paye"": true, ""date_paiement"": ""2025-11-16T00:00:00""}, {""numero_echeance"": 3, ""date_echeance"": ""2025-12-16T00:00:00"", ""montant_du"": 403495.54, ""paye"": true, ""date_paiement"": ""2025-12-11T00:00:00""}]",MBR-0152,1210486.62,soldé,5.71
PRT-0096,2024-01-27T00:00:00,6,"[{""numero_echeance"": 1, ""date_echeance"": ""2024-02-26T00:00:00"", ""montant_du"": 62004.72, ""paye"": false, ""date_paiement"": null}, {""numero_echeance"": 2, ""date_echeance"": ""2024-03-27T00:00:00"", ""montant_du"": 62004.72, ""paye"": true, ""date_paiement"": ""2024-03-27T00:00:00""}, {""numero_echeance"": 3, ""date_echeance"": ""2024-04-26T00:00:00"", ""montant_du"": 62004.72, ""paye"": false, ""date_paiement"": null}, {""numero_echeance"": 4, ""date_echeance"": ""2024-05-26T00:00:00"", ""montant_du"": 62004.72, ""paye"": true, ""date_paiement"": ""2024-05-26T00:00:00""}, {""numero_echeance"": 5, ""date_echeance"": ""2024-06-25T00:00:00"", ""montant_du"": 62004.72, ""paye"": true, ""date_paiement"": ""2024-06-25T00:00:00""}, {""numero_echeance"": 6, ""date_echeance"": ""2024-07-25T00:00:00"", ""montant_du"": 62004.72, ""paye"": true, ""date_paiement"": ""2024-07-25T00:00:00""}]",MBR-0068,372028.32,en cours,4.87
PRT-0097,2025-10-07T00:00:00,3,"[{""numero_echeance"": 1, ""date_echeance"": ""2025-11-06T00:00:00"", ""montant_du"": 52366.27, ""paye"": false, ""date_paiement"": null}, {""numero_echeance"": 2, ""date_echeance"": ""2025-12-06T00:00:00"", ""montant_du"": 52366.27, ""paye"": false, ""date_paiement"": null}, {""numero_echeance"": 3, ""date_echeance"": ""2026-01-05T00:00:00"", ""montant_du"": 52366.27, ""paye"": false, ""date_paiement"": null}]",MBR-0106,157098.81,en retard,3.37
PRT-0098,2024-03-26T00:00:00,24,"[{""numero_echeance"": 1, ""date_echeance"": ""2024-04-25T00:00:00"", ""montant_du"": 9808.43, ""paye"": false, ""date_paiement"": null}, {""numero_echeance"": 2, ""date_echeance"": ""2024-05-25T00:00:00"", ""montant_du"": 9808.43, ""paye"": false, ""date_paiement"": null}, {""numero_echeance"": 3, ""date_echeance"": ""2024-06-24T00:00:00"", ""montant_du"": 9808.43, ""paye"": true, ""date_paiement"": ""2024-06-24T00:00:00""}, {""numero_echeance"": 4, ""date_echeance"": ""2024-07-24T00:00:00"", ""montant_du"": 9808.43, ""paye"": true, ""date_paiement"": ""2024-07-24T00:00:00""}, {""numero_echeance"": 5, ""date_echeance"": ""2024-08-23T00:00:00"", ""montant_du"": 9808.43, ""paye"": true, ""date_paiement"": ""2024-08-23T00:00:00""}, {""numero_echeance"": 6, ""date_echeance"": ""2024-09-22T00:00:00"", ""montant_du"": 9808.43, ""paye"": false, ""date_paiement"": null}, {""numero_echeance"": 7, ""date_echeance"": ""2024-10-22T00:00:00"", ""montant_du"": 9808.43, ""paye"": true, ""date_paiement"": ""2024-10-22T00:00:00""}, {""numero_echeance"": 8, ""date_echeance"": ""2024-11-21T00:00:00"", ""montant_du"": 9808.43, ""paye"": false, ""date_paiement"": null}, {""numero_echeance"": 9, ""date_echeance"": ""2024-12-21T00:00:00"", ""montant_du"": 9808.43, ""paye"": true, ""date_paiement"": ""2024-12-21T00:00:00""}, {""numero_echeance"": 10, ""date_echeance"": ""2025-01-20T00:00:00"", ""montant_du"": 9808.43, ""paye"": true, ""date_paiement"": ""2025-01-20T00:00:00""}, {""numero_echeance"": 11, ""date_echeance"": ""2025-02-19T00:00:00"", ""montant_du"": 9808.43, ""paye"": false, ""date_paiement"": null}, {""numero_echeance"": 12, ""date_echeance"": ""2025-03-21T00:00:00"", ""montant_du"": 9808.43, ""paye"": false, ""date_paiement"": null}, {""numero_echeance"": 13, ""date_echeance"": ""2025-04-20T00:00:00"", ""montant_du"": 9808.43, ""paye"": false, ""date_paiement"": null}, {""numero_echeance"": 14, ""date_echeance"": ""2025-05-20T00:00:00"", ""montant_du"": 9808.43, ""paye"": true, ""date_paiement"": ""2025-05-20T00:00:00""}, {""numero_echeance"": 15, ""date_echeance"": ""2025-06-19T00:00:00"", ""montant_du"": 9808.43, ""paye"": true, ""date_paiement"": ""2025-06-19T00:00:00""}, {""numero_echeance"": 16, ""date_echeance"": ""2025-07-19T00:00:00"", ""montant_du"": 9808.43, ""paye"": true, ""date_paiement"": ""2025-07-19T00:00:00""}, {""numero_echeance"": 17, ""date_echeance"": ""2025-08-18T00:00:00"", ""montant_du"": 9808.43, ""paye"": false, ""date_paiement"": null}, {""numero_echeance"": 18, ""date_echeance"": ""2025-09-17T00:00:00"", ""montant_du"": 9808.43, ""paye"": false, ""date_paiement"": null}, {""numero_echeance"": 19, ""date_echeance"": ""2025-10-17T00:00:00"", ""montant_du"": 9808.43, ""paye"": true, ""date_paiement"": ""2025-10-17T00:00:00""}, {""numero_echeance"": 20, ""date_echeance"": ""2025-11-16T00:00:00"", ""montant_du"": 9808.43, ""paye"": false, ""date_paiement"": null}, {""numero_echeance"": 21, ""date_echeance"": ""2025-12-16T00:00:00"", ""montant_du"": 9808.43, ""paye"": false, ""date_paiement"": null}, {""numero_echeance"": 22, ""date_echeance"": ""2026-01-15T00:00:00"", ""montant_du"": 9808.43, ""paye"": false, ""date_paiement"": null}, {""numero_echeance"": 23, ""date_echeance"": ""2026-02-14T00:00:00"", ""montant_du"": 9808.43, ""paye"": true, ""date_paiement"": ""2026-02-14T00:00:00""}, {""numero_echeance"": 24, ""date_echeance"": ""2026-03-16T00:00:00"", ""montant_du"": 9808.43, ""paye"": true, ""date_paiement"": ""2026-03-16T00:00:00""}]",MBR-0067,235402.2,en cours,7.62
PRT-0099,2025-03-04T00:00:00,3,"[{""numero_echeance"": 1, ""date_echeance"": ""2025-04-03T00:00:00"", ""montant_du"": 544382.35, ""paye"": true, ""date_paiement"": ""2025-04-01T00:00:00""}, {""numero_echeance"": 2, ""date_echeance"": ""2025-05-03T00:00:00"", ""montant_du"": 544382.35, ""paye"": true, ""date_paiement"": ""2025-04-30T00:00:00""}, {""numero_echeance"": 3, ""date_echeance"": ""2025-06-02T00:00:00"", ""montant_du"": 544382.35, ""paye"": true, ""date_paiement"": ""2025-05-28T00:00:00""}]",MBR-0016,1633147.05,soldé,3.93
PRT-0100,2025-01-24T00:00:00,6,"[{""numero_echeance"": 1, ""date_echeance"": ""2025-02-23T00:00:00"", ""montant_du"": 277696.79, ""paye"": false, ""date_paiement"": null}, {""numero_echeance"": 2, ""date_echeance"": ""2025-03-25T00:00:00"", ""montant_du"": 277696.79, ""paye"": false, ""date_paiement"": null}, {""numero_echeance"": 3, ""date_echeance"": ""2025-04-24T00:00:00"", ""montant_du"": 277696.79, ""paye"": false, ""date_paiement"": null}, {""numero_echeance"": 4, ""date_echeance"": ""2025-05-24T00:00:00"", ""montant_du"": 277696.79, ""paye"": false, ""date_paiement"": null}, {""numero_echeance"": 5, ""date_echeance"": ""2025-06-23T00:00:00"", ""montant_du"": 277696.79, ""paye"": false, ""date_paiement"": null}, {""numero_echeance"": 6, ""date_echeance"": ""2025-07-23T00:00:00"", ""montant_du"": 277696.79, ""paye"": false, ""date_paiement"": null}]",MBR-0024,1666180.75,en retard,3.49
