canal,compte_numero,date,montant,transaction_id,type
agence,CPT-00111,2025-06-14T00:00:00,41738.15,TXN-0000001,dépôt
agence,CPT-00078,2025-12-27T00:00:00,8936.38,TXN-0000002,retrait
agence,CPT-00089,2024-09-13T00:00:00,42450.75,TXN-0000003,virement
agence,CPT-00163,2024-11-06T00:00:00,7133.34,TXN-0000004,virement
agence,CPT-00129,2025-08-17T00:00:00,29998.61,TXN-0000005,retrait
agence,CPT-00044,2025-07-31T00:00:00,42283.97,TXN-0000006,virement
mobile_money,CPT-00212,2025-10-18T00:00:00,4979.92,TXN-0000007,dépôt
agence,CPT-00167,2025-03-02T00:00:00,38580.99,TXN-0000008,retrait
mobile_money,CPT-00128,2024-11-05T00:00:00,32453.46,TXN-0000009,virement
agence,CPT-00063,2024-03-15T00:00:00,15574.26,TXN-0000010,remboursement
agence,CPT-00041,2025-04-20T00:00:00,21365.47,TXN-0000011,remboursement
mobile_money,CPT-00088,2026-01-05T00:00:00,16316.54,TXN-0000012,retrait
mobile_money,CPT-00188,2024-05-13T00:00:00,48793.33,TXN-0000013,virement
agence,CPT-00132,2025-04-22T00:00:00,16636.68,TXN-0000014,dépôt
agence,CPT-00069,2024-04-09T00:00:00,13148.03,TXN-0000015,remboursement
agence,CPT-00075,2025-03-04T00:00:00,43344.03,TXN-0000016,remboursement
mobile_money,CPT-00247,2025-08-14T00:00:00,40860.41,TXN-0000017,retrait
mobile_money,CPT-00049,2025-06-11T00:00:00,25415.01,TXN-0000018,retrait
mobile_money,CPT-00128,2024-04-02T00:00:00,25371.14,TXN-0000019,virement
mobile_money,CPT-00130,2024-08-08T00:00:00,48367.64,TXN-0000020,remboursement
mobile_money,CPT-00013,2025-09-03T00:00:00,14786.46,TXN-0000021,dépôt
agence,CPT-00074,2025-03-17T00:00:00,42511.45,TXN-0000022,dépôt
mobile_money,CPT-00226,2026-02-21T00:00:00,36647.9,TXN-0000023,virement
agence,CPT-00094,2025-08-06T00:00:00,20628.5,TXN-0000024,dépôt
mobile_money,CPT-00093,2025-05-31T00:00:00,4603.06,TXN-0000025,virement
agence,CPT-00196,2025-09-30T00:00:00,41440.25,TXN-0000026,virement
mobile_money,CPT-00033,2024-12-13T00:00:00,20301.28,TXN-0000027,dépôt
mobile_money,CPT-00194,2025-06-05T00:00:00,10753.84,TXN-0000028,retrait
mobile_money,CPT-00129,2024-05-20T00:00:00,3219.86,TXN-0000029,dépôt
agence,CPT-00206,2024-06-01T00:00:00,26447.3,TXN-0000030,remboursement
mobile_money,CPT-00084,2025-09-23T00:00:00,8962.6,TXN-0000031,virement
mobile_money,CPT-00152,2025-06-05T00:00:00,25858.43,TXN-0000032,virement
mobile_money,CPT-00182,2024-01-18T00:00:00,24269.74,TXN-0000033,virement
mobile_money,CPT-00085,2025-08-20T00:00:00,49015.0,TXN-0000034,dépôt
agence,CPT-00204,2024-09-28T00:00:00,30248.57,TXN-0000035,dépôt
mobile_money,CPT-00185,2024-06-23T00:00:00,29592.64,TXN-0000036,dépôt
agence,CPT-00038,2025-12-18T00:00:00,2546.96,TXN-0000037,retrait
agence,CPT-00049,2025-03-04T00:00:00,22610.89,TXN-0000038,dépôt
mobile_money,CPT-00106,2025-09-18T00:00:00,21108.49,TXN-0000039,retrait
agence,CPT-00224,2025-06-15T00:00:00,35582.99,TXN-0000040,dépôt
mobile_money,CPT-00144,2025-05-04T00:00:00,49908.02,TXN-0000041,virement
mobile_money,CPT-00081,2025-06-29T00:00:00,23523.51,TXN-0000042,retrait
mobile_money,CPT-00140,2026-01-08T00:00:00,34117.56,TXN-0000043,virement
mobile_money,CPT-00157,2024-09-09T00:00:00,10420.94,TXN-0000044,remboursement
mobile_money,CPT-00143,2024-10-31T00:00:00,12018.48,TXN-0000045,virement
mobile_money,CPT-00181,2025-05-15T00:00:00,34821.76,TXN-0000046,retrait
mobile_money,CPT-00123,2026-01-08T00:00:00,28463.89,TXN-0000047,virement
mobile_money,CPT-00074,2025-07-10T00:00:00,29100.36,TXN-0000048,dépôt
mobile_money,CPT-00230,2024-05-29T00:00:00,41100.5,TXN-0000049,remboursement
mobile_money,CPT-00011,2024-03-21T00:00:00,47810.37,TXN-0000050,virement
mobile_money,CPT-00237,2026-02-04T00:00:00,33142.63,TXN-0000051,remboursement
mobile_money,CPT-00055,2024-10-04T00:00:00,41569.63,TXN-0000052,retrait
agence,CPT-00036,2025-08-23T00:00:00,31168.17,TXN-0000053,dépôt
agence,CPT-00063,2025-06-27T00:00:00,33821.86,TXN-0000054,dépôt
mobile_money,CPT-00164,2025-02-27T00:00:00,3572.06,TXN-0000055,retrait
agence,CPT-00184,2026-02-28T00:00:00,5926.7,TXN-0000056,remboursement
mobile_money,CPT-00002,2025-05-02T00:00:00,20938.47,TXN-0000057,retrait
mobile_money,CPT-00167,2024-10-21T00:00:00,38039.64,TXN-0000058,retrait
agence,CPT-00074,2024-04-01T00:00:00,45488.91,TXN-0000059,dépôt
mobile_money,CPT-00137,2024-06-28T00:00:00,45748.26,TXN-0000060,dépôt
mobile_money,CPT-00226,2024-02-07T00:00:00,46762.21,TXN-0000061,retrait
mobile_money,CPT-00202,2026-02-05T00:00:00,10129.27,TXN-0000062,remboursement
agence,CPT-00225,2025-08-04T00:00:00,1454.09,TXN-0000063,dépôt
mobile_money,CPT-00238,2025-10-18T00:00:00,14943.52,TXN-0000064,virement
mobile_money,CPT-00228,2025-04-24T00:00:00,42701.93,TXN-0000065,retrait
mobile_money,CPT-00050,2026-01-18T00:00:00,17203.52,TXN-0000066,dépôt
mobile_money,CPT-00166,2024-01-15T00:00:00,36211.31,TXN-0000067,virement
agence,CPT-00203,2026-02-14T00:00:00,28821.28,TXN-0000068,virement
mobile_money,CPT-00045,2025-06-11T00:00:00,41522.5,TXN-0000069,remboursement
agence,CPT-00023,2024-07-08T00:00:00,33793.54,TXN-0000070,remboursement
mobile_money,CPT-00123,2024-01-07T00:00:00,46855.44,TXN-0000071,virement
mobile_money,CPT-00099,2024-09-30T00:00:00,22890.04,TXN-0000072,retrait
agence,CPT-00078,2025-01-03T00:00:00,13816.1,TXN-0000073,dépôt
mobile_money,CPT-00016,2024-06-12T00:00:00,23804.35,TXN-0000074,dépôt
mobile_money,CPT-00176,2025-10-16T00:00:00,34824.23,TXN-0000075,virement
mobile_money,CPT-00095,2024-05-16T00:00:00,11737.3,TXN-0000076,retrait
mobile_money,CPT-00040,2025-09-12T00:00:00,37639.01,TXN-0000077,remboursement
agence,CPT-00107,2025-11-11T00:00:00,38110.18,TXN-0000078,remboursement
agence,CPT-00196,2025-09-02T00:00:00,34336.75,TXN-0000079,retrait
agence,CPT-00135,2025-01-05T00:00:00,26880.48,TXN-0000080,remboursement
agence,CPT-00235,2025-07-14T00:00:00,4026.14,TXN-0000081,dépôt
mobile_money,CPT-00147,2025-06-16T00:00:00,9062.32,TXN-0000082,retrait
agence,CPT-00030,2025-05-15T00:00:00,36128.98,TXN-0000083,retrait
agence,CPT-00231,2025-04-09T00:00:00,40625.91,TXN-0000084,remboursement
mobile_money,CPT-00132,2024-02-29T00:00:00,23383.13,TXN-0000085,remboursement
mobile_money,CPT-00173,2025-02-09T00:00:00,36440.72,TXN-0000086,virement
agence,CPT-00210,2025-08-15T00:00:00,37544.42,TXN-0000087,dépôt
agence,CPT-00012,2024-03-06T00:00:00,17881.91,TXN-0000088,remboursement
agence,CPT-00240,2025-04-28T00:00:00,49320.73,TXN-0000089,dépôt
mobile_money,CPT-00074,2024-05-18T00:00:00,9819.09,TXN-0000090,remboursement
mobile_money,CPT-00096,2025-01-21T00:00:00,22978.32,TXN-0000091,remboursement
agence,CPT-00021,2024-12-22T00:00:00,33023.17,TXN-0000092,retrait
agence,CPT-00046,2026-01-15T00:00:00,26913.28,TXN-0000093,remboursement
mobile_money,CPT-00214,2024-11-01T00:00:00,38052.79,TXN-0000094,dépôt
agence,CPT-00173,2024-08-23T00:00:00,27064.75,TXN-0000095,remboursement
agence,CPT-00118,2024-07-12T00:00:00,8600.95,TXN-0000096,virement
agence,CPT-00009,2024-01-17T00:00:00,31131.24,TXN-0000097,remboursement
mobile_money,CPT-00053,2024-02-04T00:00:00,5943.94,TXN-0000098,dépôt
mobile_money,CPT-00154,2024-02-15T00:00:00,12991.97,TXN-0000099,dépôt
agence,CPT-00113,2026-02-11T00:00:00,27448.23,TXN-0000100,retrait
mobile_money,CPT-00036,2026-01-19T00:00:00,12473.91,TXN-0000101,virement
agence,CPT-00148,2024-05-26T00:00:00,12608.3,TXN-0000102,virement
agence,CPT-00106,2025-07-24T00:00:00,14482.54,TXN-0000103,virement
mobile_money,CPT-00161,2024-02-18T00:00:00,28236.68,TXN-0000104,remboursement
mobile_money,CPT-00242,2024-11-22T00:00:00,39504.43,TXN-0000105,remboursement
mobile_money,CPT-00105,2024-07-07T00:00:00,15694.54,TXN-0000106,retrait
agence,CPT-00062,2025-12-25T00:00:00,15736.08,TXN-0000107,retrait
mobile_money,CPT-00207,2025-07-29T00:00:00,45822.32,TXN-0000108,remboursement
mobile_money,CPT-00248,2024-05-17T00:00:00,28307.05,TXN-0000109,remboursement
agence,CPT-00063,2025-10-24T00:00:00,10963.5,TXN-0000110,virement
agence,CPT-00237,2024-04-04T00:00:00,42509.54,TXN-0000111,remboursement
agence,CPT-00014,2025-09-11T00:00:00,19481.23,TXN-0000112,virement
agence,CPT-00224,2026-02-18T00:00:00,10220.0,TXN-0000113,dépôt
mobile_money,CPT-00123,2024-12-06T00:00:00,43604.22,TXN-0000114,retrait
agence,CPT-00245,2024-07-13T00:00:00,11378.58,TXN-0000115,dépôt
agence,CPT-00192,2025-12-13T00:00:00,45807.62,TXN-0000116,remboursement
mobile_money,CPT-00102,2024-10-16T00:00:00,28051.89,TXN-0000117,retrait
mobile_money,CPT-00120,2025-01-03T00:00:00,16112.69,TXN-0000118,virement
mobile_money,CPT-00120,2026-01-09T00:00:00,40338.01,TXN-0000119,dépôt
mobile_money,CPT-00195,2025-01-14T00:00:00,45802.19,TXN-0000120,virement
agence,CPT-00106,2024-08-14T00:00:00,28563.71,TXN-0000121,dépôt
mobile_money,CPT-00005,2025-08-21T00:00:00,28112.27,TXN-0000122,virement
mobile_money,CPT-00076,2024-08-23T00:00:00,10613.4,TXN-0000123,retrait
mobile_money,CPT-00146,2025-11-01T00:00:00,25465.77,TXN-0000124,retrait
mobile_money,CPT-00066,2025-10-19T00:00:00,48358.91,TXN-0000125,remboursement
agence,CPT-00118,2024-12-26T00:00:00,36905.84,TXN-0000126,retrait
agence,CPT-00036,2025-07-09T00:00:00,10018.34,TXN-0000127,remboursement
agence,CPT-00135,2024-03-17T00:00:00,42114.36,TXN-0000128,dépôt
agence,CPT-00196,2025-10-07T00:00:00,21207.22,TXN-0000129,dépôt
mobile_money,CPT-00018,2025-06-01T00:00:00,1447.93,TXN-0000130,retrait
mobile_money,CPT-00096,2025-11-13T00:00:00,31273.93,TXN-0000131,dépôt
mobile_money,CPT-00169,2025-06-28T00:00:00,1770.86,TXN-0000132,remboursement
mobile_money,CPT-00004,2024-10-08T00:00:00,26941.46,TXN-0000133,dépôt
agence,CPT-00005,2024-07-02T00:00:00,40502.22,TXN-0000134,remboursement
agence,CPT-00236,2024-09-03T00:00:00,26694.88,TXN-0000135,dépôt
mobile_money,CPT-00159,2024-09-30T00:00:00,40945.51,TXN-0000136,virement
agence,CPT-00021,2025-04-15T00:00:00,48005.59,TXN-0000137,virement
agence,CPT-00179,2024-03-23T00:00:00,15698.76,TXN-0000138,retrait
mobile_money,CPT-00024,2025-07-19T00:00:00,19583.94,TXN-0000139,remboursement
mobile_money,CPT-00015,2024-03-25T00:00:00,35439.41,TXN-0000140,dépôt
agence,CPT-00217,2024-12-05T00:00:00,32600.45,TXN-0000141,remboursement
mobile_money,CPT-00230,2025-12-09T00:00:00,12258.56,TXN-0000142,dépôt
mobile_money,CPT-00070,2025-12-01T00:00:00,46283.8,TXN-0000143,dépôt
agence,CPT-00231,2024-11-18T00:00:00,9788.37,TXN-0000144,dépôt
mobile_money,CPT-00247,2026-02-09T00:00:00,29764.77,TXN-0000145,retrait
agence,CPT-00238,2025-07-31T00:00:00,15664.57,TXN-0000146,dépôt
mobile_money,CPT-00146,2025-07-07T00:00:00,34174.71,TXN-0000147,remboursement
agence,CPT-00099,2025-12-06T00:00:00,39734.41,TXN-0000148,retrait
agence,CPT-00129,2025-03-23T00:00:00,3631.13,TXN-0000149,virement
mobile_money,CPT-00215,2026-02-26T00:00:00,17689.04,TXN-0000150,dépôt
mobile_money,CPT-00249,2024-10-06T00:00:00,2451.66,TXN-0000151,virement
mobile_money,CPT-00126,2025-01-19T00:00:00,18434.75,TXN-0000152,retrait
mobile_money,CPT-00048,2025-09-25T00:00:00,5199.01,TXN-0000153,remboursement
mobile_money,CPT-00205,2024-03-25T00:00:00,35942.32,TXN-0000154,retrait
agence,CPT-00040,2025-10-11T00:00:00,35872.18,TXN-0000155,remboursement
agence,CPT-00190,2024-04-19T00:00:00,16517.23,TXN-0000156,remboursement
mobile_money,CPT-00002,2026-02-18T00:00:00,22792.06,TXN-0000157,virement
mobile_money,CPT-00027,2025-03-17T00:00:00,5277.56,TXN-0000158,retrait
mobile_money,CPT-00143,2024-04-01T00:00:00,6061.35,TXN-0000159,remboursement
mobile_money,CPT-00142,2024-11-28T00:00:00,30249.3,TXN-0000160,dépôt
agence,CPT-00004,2024-03-27T00:00:00,21276.69,TXN-0000161,virement
agence,CPT-00147,2024-06-22T00:00:00,34580.48,TXN-0000162,retrait
agence,CPT-00069,2024-05-29T00:00:00,14151.93,TXN-0000163,virement
mobile_money,CPT-00043,2024-11-02T00:00:00,14522.13,TXN-0000164,remboursement
mobile_money,CPT-00201,2024-09-09T00:00:00,18695.12,TXN-0000165,dépôt
mobile_money,CPT-00153,2024-05-18T00:00:00,23435.22,TXN-0000166,retrait
mobile_money,CPT-00002,2025-09-27T00:00:00,17278.64,TXN-0000167,remboursement
agence,CPT-00206,2025-03-16T00:00:00,22570.92,TXN-0000168,virement
agence,CPT-00077,2025-12-12T00:00:00,30557.35,TXN-0000169,virement
mobile_money,CPT-00123,2025-02-11T00:00:00,9704.23,TXN-0000170,virement
mobile_money,CPT-00075,2024-09-05T00:00:00,48420.39,TXN-0000171,remboursement
mobile_money,CPT-00097,2025-02-06T00:00:00,41008.23,TXN-0000172,virement
agence,CPT-00030,2025-07-12T00:00:00,30019.12,TXN-0000173,retrait
agence,CPT-00175,2025-04-17T00:00:00,47697.23,TXN-0000174,dépôt
mobile_money,CPT-00113,2024-03-11T00:00:00,41732.81,TXN-0000175,virement
agence,CPT-00173,2024-11-06T00:00:00,7819.78,TXN-0000176,remboursement
agence,CPT-00065,2025-01-21T00:00:00,36046.58,TXN-0000177,retrait
mobile_money,CPT-00115,2025-07-01T00:00:00,29529.96,TXN-0000178,remboursement
agence,CPT-00140,2025-01-03T00:00:00,39745.32,TXN-0000179,dépôt
agence,CPT-00028,2024-12-29T00:00:00,33222.48,TXN-0000180,retrait
mobile_money,CPT-00166,2025-10-22T00:00:00,28597.79,TXN-0000181,dépôt
agence,CPT-00248,2025-03-16T00:00:00,48320.12,TXN-0000182,virement
agence,CPT-00003,2025-06-06T00:00:00,13678.18,TXN-0000183,dépôt
agence,CPT-00115,2026-03-01T00:00:00,20165.57,TXN-0000184,virement
mobile_money,CPT-00089,2024-10-29T00:00:00,24655.78,TXN-0000185,dépôt
agence,CPT-00236,2026-01-17T00:00:00,6687.4,TXN-0000186,dépôt
mobile_money,CPT-00090,2024-07-30T00:00:00,17810.27,TXN-0000187,virement
mobile_money,CPT-00090,2026-01-09T00:00:00,5783.53,TXN-0000188,remboursement
agence,CPT-00082,2025-12-28T00:00:00,15712.94,TXN-0000189,dépôt
agence,CPT-00006,2025-11-24T00:00:00,32750.53,TXN-0000190,virement
agence,CPT-00239,2025-07-19T00:00:00,26283.7,TXN-0000191,retrait
mobile_money,CPT-00085,2024-08-25T00:00:00,47964.67,TXN-0000192,remboursement
mobile_money,CPT-00162,2025-11-04T00:00:00,10132.96,TXN-0000193,retrait
mobile_money,CPT-00102,2024-07-21T00:00:00,37132.03,TXN-0000194,dépôt
agence,CPT-00152,2025-12-22T00:00:00,20052.95,TXN-0000195,remboursement
agence,CPT-00053,2024-03-05T00:00:00,37863.95,TXN-0000196,virement
mobile_money,CPT-00205,2024-07-20T00:00:00,18923.86,TXN-0000197,retrait
mobile_money,CPT-00030,2025-05-16T00:00:00,33864.37,TXN-0000198,virement
agence,CPT-00153,2025-08-24T00:00:00,30954.11,TXN-0000199,remboursement
agence,CPT-00090,2025-09-24T00:00:00,42430.37,TXN-0000200,virement
agence,CPT-00209,2025-08-27T00:00:00,46015.45,TXN-0000201,virement
mobile_money,CPT-00173,2024-09-01T00:00:00,16346.1,TXN-0000202,retrait
mobile_money,CPT-00030,2024-05-24T00:00:00,19292.0,TXN-0000203,retrait
agence,CPT-00108,2025-03-09T00:00:00,29165.5,TXN-0000204,retrait
mobile_money,CPT-00125,2025-05-16T00:00:00,28190.72,TXN-0000205,retrait
agence,CPT-00036,2025-04-06T00:00:00,16414.42,TXN-0000206,retrait
agence,CPT-00222,2025-05-11T00:00:00,47640.26,TXN-0000207,virement
mobile_money,CPT-00050,2025-06-01T00:00:00,48227.63,TXN-0000208,remboursement
mobile_money,CPT-00105,2025-03-30T00:00:00,21365.89,TXN-0000209,remboursement
agence,CPT-00043,2026-02-18T00:00:00,28704.49,TXN-0000210,dépôt
mobile_money,CPT-00075,2025-07-04T00:00:00,14467.79,TXN-0000211,dépôt
mobile_money,CPT-00044,2026-02-23T00:00:00,28716.87,TXN-0000212,remboursement
mobile_money,CPT-00141,2024-10-01T00:00:00,29062.99,TXN-0000213,dépôt
agence,CPT-00139,2025-03-27T00:00:00,38240.2,TXN-0000214,dépôt
agence,CPT-00109,2025-10-31T00:00:00,37063.45,TXN-0000215,dépôt
agence,CPT-00077,2024-12-22T00:00:00,23036.88,TXN-0000216,dépôt
agence,CPT-00113,2024-08-30T00:00:00,39005.95,TXN-0000217,dépôt
mobile_money,CPT-00208,2025-09-16T00:00:00,43191.39,TXN-0000218,virement
agence,CPT-00043,2024-07-30T00:00:00,39457.62,TXN-0000219,retrait
agence,CPT-00146,2025-09-03T00:00:00,27081.76,TXN-0000220,virement
agence,CPT-00083,2024-09-30T00:00:00,15177.33,TXN-0000221,virement
agence,CPT-00035,2024-10-10T00:00:00,46019.67,TXN-0000222,remboursement
mobile_money,CPT-00180,2025-12-29T00:00:00,13234.18,TXN-0000223,retrait
mobile_money,CPT-00213,2025-11-23T00:00:00,38312.21,TXN-0000224,retrait
mobile_money,CPT-00126,2024-10-02T00:00:00,29293.85,TXN-0000225,retrait
agence,CPT-00097,2026-02-26T00:00:00,4700.3,TXN-0000226,remboursement
mobile_money,CPT-00104,2025-01-12T00:00:00,35040.48,TXN-0000227,virement
agence,CPT-00244,2024-01-03T00:00:00,17037.17,TXN-0000228,remboursement
mobile_money,CPT-00188,2025-12-15T00:00:00,32107.19,TXN-0000229,remboursement
agence,CPT-00218,2025-02-11T00:00:00,39988.22,TXN-0000230,dépôt
mobile_money,CPT-00248,2025-05-21T00:00:00,41417.53,TXN-0000231,remboursement
agence,CPT-00083,2025-08-14T00:00:00,17550.0,TXN-0000232,virement
agence,CPT-00145,2025-11-29T00:00:00,39626.88,TXN-0000233,remboursement
agence,CPT-00012,2025-04-15T00:00:00,31682.8,TXN-0000234,dépôt
mobile_money,CPT-00032,2024-01-01T00:00:00,22623.01,TXN-0000235,retrait
agence,CPT-00052,2024-11-05T00:00:00,44225.24,TXN-0000236,retrait
mobile_money,CPT-00224,2025-01-04T00:00:00,5573.66,TXN-0000237,virement
agence,CPT-00022,2025-10-26T00:00:00,33560.93,TXN-0000238,virement
agence,CPT-00014,2026-01-13T00:00:00,31654.61,TXN-0000239,remboursement
agence,CPT-00110,2024-01-02T00:00:00,35481.2,TXN-0000240,dépôt
mobile_money,CPT-00123,2024-08-19T00:00:00,7502.29,TXN-0000241,dépôt
mobile_money,CPT-00003,2024-05-03T00:00:00,35084.26,TXN-0000242,dépôt
mobile_money,CPT-00178,2024-08-22T00:00:00,24407.31,TXN-0000243,retrait
mobile_money,CPT-00023,2025-01-11T00:00:00,6056.88,TXN-0000244,dépôt
agence,CPT-00036,2026-02-10T00:00:00,38899.56,TXN-0000245,remboursement
agence,CPT-00165,2025-07-30T00:00:00,4352.17,TXN-0000246,retrait
agence,CPT-00157,2026-01-09T00:00:00,22564.87,TXN-0000247,retrait
mobile_money,CPT-00161,2025-09-22T00:00:00,46074.81,TXN-0000248,retrait
agence,CPT-00221,2024-04-12T00:00:00,5247.71,TXN-0000249,retrait
mobile_money,CPT-00193,2025-01-28T00:00:00,29889.12,TXN-0000250,dépôt
agence,CPT-00247,2024-05-23T00:00:00,16410.68,TXN-0000251,remboursement
mobile_money,CPT-00071,2025-09-07T00:00:00,13160.18,TXN-0000252,dépôt
mobile_money,CPT-00200,2025-11-05T00:00:00,42546.71,TXN-0000253,dépôt
agence,CPT-00053,2024-10-29T00:00:00,37644.34,TXN-0000254,retrait
agence,CPT-00201,2024-04-25T00:00:00,25249.5,TXN-0000255,retrait
mobile_money,CPT-00128,2024-01-13T00:00:00,26886.04,TXN-0000256,dépôt
mobile_money,CPT-00240,2025-08-05T00:00:00,7467.16,TXN-0000257,virement
agence,CPT-00094,2026-02-27T00:00:00,38373.57,TXN-0000258,retrait
agence,CPT-00005,2024-08-08T00:00:00,1675.88,TXN-0000259,dépôt
mobile_money,CPT-00237,2025-02-11T00:00:00,47485.32,TXN-0000260,dépôt
agence,CPT-00161,2025-02-15T00:00:00,21755.19,TXN-0000261,remboursement
agence,CPT-00164,2024-11-13T00:00:00,14595.92,TXN-0000262,retrait
mobile_money,CPT-00131,2024-06-08T00:00:00,48741.36,TXN-0000263,retrait
agence,CPT-00101,2025-03-23T00:00:00,16198.31,TXN-0000264,dépôt
agence,CPT-00015,2025-03-20T00:00:00,5224.43,TXN-0000265,retrait
agence,CPT-00117,2026-01-29T00:00:00,16155.21,TXN-0000266,dépôt
agence,CPT-00031,2025-12-19T00:00:00,35687.13,TXN-0000267,dépôt
mobile_money,CPT-00042,2025-06-19T00:00:00,47697.79,TXN-0000268,remboursement
agence,CPT-00043,2024-10-02T00:00:00,7219.6,TXN-0000269,virement
mobile_money,CPT-00198,2025-03-15T00:00:00,17415.54,TXN-0000270,dépôt
agence,CPT-00135,2025-08-13T00:00:00,13884.53,TXN-0000271,dépôt
mobile_money,CPT-00128,2024-02-26T00:00:00,26028.31,TXN-0000272,remboursement
agence,CPT-00220,2024-09-18T00:00:00,19016.7,TXN-0000273,retrait
agence,CPT-00229,2025-06-05T00:00:00,12191.82,TXN-0000274,dépôt
mobile_money,CPT-00012,2025-04-28T00:00:00,12983.02,TXN-0000275,dépôt
mobile_money,CPT-00099,2024-02-06T00:00:00,9769.09,TXN-0000276,retrait
mobile_money,CPT-00058,2026-01-07T00:00:00,13164.9,TXN-0000277,virement
agence,CPT-00070,2024-05-02T00:00:00,29005.26,TXN-0000278,dépôt
mobile_money,CPT-00046,2024-02-17T00:00:00,40412.56,TXN-0000279,retrait
mobile_money,CPT-00018,2024-11-14T00:00:00,43435.58,TXN-0000280,remboursement
mobile_money,CPT-00023,2024-07-24T00:00:00,1390.49,TXN-0000281,remboursement
mobile_money,CPT-00145,2024-09-05T00:00:00,37239.22,TXN-0000282,virement
agence,CPT-00095,2024-07-19T00:00:00,49891.57,TXN-0000283,remboursement
agence,CPT-00039,2024-01-25T00:00:00,46687.48,TXN-0000284,dépôt
agence,CPT-00139,2025-12-11T00:00:00,32161.15,TXN-0000285,virement
mobile_money,CPT-00244,2025-11-04T00:00:00,1071.64,TXN-0000286,virement
agence,CPT-00218,2025-06-26T00:00:00,6093.5,TXN-0000287,virement
mobile_money,CPT-00108,2024-05-25T00:00:00,48098.07,TXN-0000288,remboursement
mobile_money,CPT-00024,2025-06-16T00:00:00,46142.45,TXN-0000289,dépôt
agence,CPT-00180,2026-02-04T00:00:00,23464.44,TXN-0000290,virement
mobile_money,CPT-00149,2025-10-14T00:00:00,25765.96,TXN-0000291,dépôt
agence,CPT-00020,2024-05-13T00:00:00,22314.16,TXN-0000292,dépôt
mobile_money,CPT-00075,2025-02-06T00:00:00,42694.77,TXN-0000293,virement
agence,CPT-00082,2024-03-17T00:00:00,14325.84,TXN-0000294,remboursement
mobile_money,CPT-00035,2024-06-17T00:00:00,8615.12,TXN-0000295,dépôt
mobile_money,CPT-00120,2025-07-02T00:00:00,20919.12,TXN-0000296,virement
mobile_money,CPT-00247,2025-04-19T00:00:00,23143.94,TXN-0000297,retrait
mobile_money,CPT-00219,2025-12-03T00:00:00,5430.62,TXN-0000298,dépôt
agence,CPT-00212,2024-12-01T00:00:00,11536.02,TXN-0000299,dépôt
agence,CPT-00024,2025-02-09T00:00:00,48451.6,TXN-0000300,retrait
agence,CPT-00174,2024-06-27T00:00:00,13748.17,TXN-0000301,virement
agence,CPT-00244,2025-07-23T00:00:00,42875.46,TXN-0000302,remboursement
agence,CPT-00025,2024-05-23T00:00:00,5993.46,TXN-0000303,remboursement
agence,CPT-00004,2024-08-15T00:00:00,41688.24,TXN-0000304,dépôt
agence,CPT-00051,2025-10-07T00:00:00,19239.75,TXN-0000305,remboursement
agence,CPT-00150,2024-03-17T00:00:00,45954.0,TXN-0000306,virement
agence,CPT-00017,2025-03-30T00:00:00,45222.31,TXN-0000307,retrait
agence,CPT-00024,2025-04-17T00:00:00,7003.86,TXN-0000308,virement
mobile_money,CPT-00044,2025-02-08T00:00:00,41262.58,TXN-0000309,remboursement
mobile_money,CPT-00008,2024-06-25T00:00:00,34477.43,TXN-0000310,remboursement
agence,CPT-00055,2025-04-01T00:00:00,14474.11,TXN-0000311,retrait
mobile_money,CPT-00009,2025-05-25T00:00:00,32716.64,TXN-0000312,retrait
mobile_money,CPT-00226,2024-10-13T00:00:00,3987.97,TXN-0000313,remboursement
agence,CPT-00036,2025-06-22T00:00:00,10773.43,TXN-0000314,remboursement
mobile_money,CPT-00162,2025-12-31T00:00:00,49480.78,TXN-0000315,dépôt
mobile_money,CPT-00123,2025-08-02T00:00:00,17857.67,TXN-0000316,remboursement
agence,CPT-00100,2024-11-22T00:00:00,9810.98,TXN-0000317,virement
mobile_money,CPT-00008,2025-04-28T00:00:00,3870.97,TXN-0000318,virement
agence,CPT-00197,2024-04-12T00:00:00,48725.01,TXN-0000319,retrait
agence,CPT-00169,2026-01-24T00:00:00,14059.82,TXN-0000320,retrait
mobile_money,CPT-00196,2025-02-01T00:00:00,29208.91,TXN-0000321,retrait
mobile_money,CPT-00240,2025-08-29T00:00:00,9628.92,TXN-0000322,retrait
mobile_money,CPT-00207,2024-01-29T00:00:00,45785.02,TXN-0000323,virement
mobile_money,CPT-00243,2024-07-11T00:00:00,28592.34,TXN-0000324,retrait
agence,CPT-00139,2024-02-08T00:00:00,9602.28,TXN-0000325,virement
mobile_money,CPT-00015,2024-01-21T00:00:00,30481.48,TXN-0000326,retrait
agence,CPT-00001,2024-07-25T00:00:00,45976.91,TXN-0000327,virement
agence,CPT-00088,2024-11-27T00:00:00,46020.26,TXN-0000328,retrait
agence,CPT-00006,2024-05-25T00:00:00,29743.85,TXN-0000329,retrait
mobile_money,CPT-00217,2025-01-17T00:00:00,48067.38,TXN-0000330,virement
agence,CPT-00151,2024-11-26T00:00:00,17491.49,TXN-0000331,dépôt
mobile_money,CPT-00250,2025-03-23T00:00:00,36885.25,TXN-0000332,retrait
mobile_money,CPT-00167,2025-07-29T00:00:00,9535.93,TXN-0000333,virement
mobile_money,CPT-00058,2026-01-21T00:00:00,19540.82,TXN-0000334,retrait
mobile_money,CPT-00033,2025-12-19T00:00:00,36712.72,TXN-0000335,retrait
agence,CPT-00218,2024-11-21T00:00:00,9922.01,TXN-0000336,dépôt
mobile_money,CPT-00164,2024-05-24T00:00:00,46897.7,TXN-0000337,dépôt
agence,CPT-00191,2024-11-23T00:00:00,12661.8,TXN-0000338,dépôt
mobile_money,CPT-00163,2025-11-17T00:00:00,41261.43,TXN-0000339,dépôt
agence,CPT-00115,2024-09-12T00:00:00,13995.41,TXN-0000340,dépôt
agence,CPT-00090,2026-01-07T00:00:00,39563.98,TXN-0000341,virement
agence,CPT-00013,2025-03-05T00:00:00,22472.79,TXN-0000342,remboursement
mobile_money,CPT-00227,2025-01-22T00:00:00,25161.02,TXN-0000343,remboursement
agence,CPT-00140,2025-05-05T00:00:00,5970.0,TXN-0000344,remboursement
mobile_money,CPT-00042,2024-02-04T00:00:00,4611.76,TXN-0000345,remboursement
agence,CPT-00006,2024-04-17T00:00:00,13795.26,TXN-0000346,virement
agence,CPT-00088,2024-06-13T00:00:00,44508.63,TXN-0000347,retrait
mobile_money,CPT-00141,2025-09-20T00:00:00,17559.58,TXN-0000348,dépôt
agence,CPT-00181,2025-10-31T00:00:00,22134.84,TXN-0000349,dépôt
mobile_money,CPT-00156,2024-04-13T00:00:00,8698.09,TXN-0000350,remboursement
mobile_money,CPT-00053,2025-07-21T00:00:00,21054.71,TXN-0000351,retrait
agence,CPT-00170,2024-04-08T00:00:00,15572.63,TXN-0000352,virement
agence,CPT-00101,2025-01-04T00:00:00,8525.91,TXN-0000353,remboursement
mobile_money,CPT-00110,2025-11-08T00:00:00,15432.92,TXN-0000354,dépôt
mobile_money,CPT-00052,2024-06-23T00:00:00,2261.05,TXN-0000355,dépôt
mobile_money,CPT-00021,2024-11-11T00:00:00,42344.68,TXN-0000356,remboursement
agence,CPT-00121,2024-09-28T00:00:00,44849.0,TXN-0000357,remboursement
mobile_money,CPT-00165,2025-01-25T00:00:00,10059.18,TXN-0000358,remboursement
mobile_money,CPT-00048,2025-03-26T00:00:00,3186.23,TXN-0000359,remboursement
agence,CPT-00068,2025-07-31T00:00:00,42016.86,TXN-0000360,retrait
mobile_money,CPT-00039,2024-12-18T00:00:00,5199.66,TXN-0000361,dépôt
mobile_money,CPT-00249,2025-01-31T00:00:00,28126.49,TXN-0000362,retrait
mobile_money,CPT-00248,2024-08-29T00:00:00,29063.0,TXN-0000363,remboursement
agence,CPT-00077,2026-01-01T00:00:00,20345.41,TXN-0000364,dépôt
mobile_money,CPT-00129,2026-02-14T00:00:00,6893.81,TXN-0000365,retrait
agence,CPT-00045,2024-07-16T00:00:00,48636.08,TXN-0000366,retrait
mobile_money,CPT-00011,2025-11-30T00:00:00,4840.06,TXN-0000367,remboursement
mobile_money,CPT-00052,2024-09-21T00:00:00,41871.3,TXN-0000368,retrait
mobile_money,CPT-00234,2025-07-23T00:00:00,5264.34,TXN-0000369,dépôt
mobile_money,CPT-00142,2025-06-16T00:00:00,42974.58,TXN-0000370,virement
mobile_money,CPT-00235,2025-09-30T00:00:00,39540.98,TXN-0000371,dépôt
agence,CPT-00029,2025-08-03T00:00:00,8332.47,TXN-0000372,remboursement
mobile_money,CPT-00237,2024-04-13T00:00:00,28571.5,TXN-0000373,dépôt
mobile_money,CPT-00223,2024-09-27T00:00:00,44016.78,TXN-0000374,virement
agence,CPT-00168,2025-04-29T00:00:00,29029.14,TXN-0000375,remboursement
mobile_money,CPT-00045,2025-09-25T00:00:00,20745.72,TXN-0000376,virement
agence,CPT-00010,2024-12-05T00:00:00,44589.14,TXN-0000377,remboursement
agence,CPT-00013,2025-01-16T00:00:00,46120.91,TXN-0000378,remboursement
agence,CPT-00087,2025-05-18T00:00:00,16236.52,TXN-0000379,virement
mobile_money,CPT-00249,2026-01-31T00:00:00,7584.89,TXN-0000380,retrait
agence,CPT-00199,2025-03-02T00:00:00,14201.58,TXN-0000381,virement
mobile_money,CPT-00049,2025-02-20T00:00:00,11358.13,TXN-0000382,remboursement
agence,CPT-00195,2025-06-11T00:00:00,41229.85,TXN-0000383,virement
agence,CPT-00017,2025-02-17T00:00:00,35768.9,TXN-0000384,virement
agence,CPT-00200,2024-07-24T00:00:00,9513.13,TXN-0000385,dépôt
agence,CPT-00064,2025-01-04T00:00:00,23365.98,TXN-0000386,dépôt
mobile_money,CPT-00071,2025-06-01T00:00:00,41351.81,TXN-0000387,virement
mobile_money,CPT-00163,2024-09-04T00:00:00,34377.54,TXN-0000388,dépôt
mobile_money,CPT-00126,2025-04-30T00:00:00,9701.6,TXN-0000389,remboursement
agence,CPT-00089,2024-09-21T00:00:00,42045.03,TXN-0000390,retrait
agence,CPT-00073,2024-06-15T00:00:00,19941.72,TXN-0000391,dépôt
agence,CPT-00220,2025-11-24T00:00:00,32721.61,TXN-0000392,retrait
agence,CPT-00069,2026-02-24T00:00:00,26150.78,TXN-0000393,remboursement
agence,CPT-00122,2025-09-07T00:00:00,32721.21,TXN-0000394,retrait
mobile_money,CPT-00058,2024-11-08T00:00:00,30808.85,TXN-0000395,virement
mobile_money,CPT-00109,2025-04-15T00:00:00,42727.72,TXN-0000396,remboursement
mobile_money,CPT-00056,2025-06-17T00:00:00,15805.11,TXN-0000397,remboursement
mobile_money,CPT-00150,2025-11-09T00:00:00,1360.03,TXN-0000398,dépôt
mobile_money,CPT-00144,2024-04-20T00:00:00,15625.32,TXN-0000399,virement
mobile_money,CPT-00017,2025-10-17T00:00:00,49429.69,TXN-0000400,virement
mobile_money,CPT-00221,2025-12-29T00:00:00,13796.2,TXN-0000401,virement
agence,CPT-00049,2024-09-03T00:00:00,26347.39,TXN-0000402,retrait
agence,CPT-00207,2025-11-28T00:00:00,33365.99,TXN-0000403,remboursement
mobile_money,CPT-00185,2024-10-29T00:00:00,33114.63,TXN-0000404,dépôt
agence,CPT-00233,2026-01-24T00:00:00,20825.35,TXN-0000405,remboursement
agence,CPT-00150,2025-12-31T00:00:00,17815.19,TXN-0000406,retrait
mobile_money,CPT-00176,2025-11-18T00:00:00,45419.8,TXN-0000407,remboursement
agence,CPT-00130,2025-11-04T00:00:00,42425.54,TXN-0000408,virement
mobile_money,CPT-00076,2026-01-28T00:00:00,24068.26,TXN-0000409,dépôt
agence,CPT-00186,2024-12-09T00:00:00,47399.25,TXN-0000410,retrait
mobile_money,CPT-00057,2024-11-10T00:00:00,11943.07,TXN-0000411,virement
mobile_money,CPT-00202,2025-08-22T00:00:00,19212.44,TXN-0000412,virement
agence,CPT-00119,2025-10-11T00:00:00,24056.29,TXN-0000413,dépôt
mobile_money,CPT-00121,2025-11-28T00:00:00,25523.39,TXN-0000414,retrait
agence,CPT-00136,2024-06-03T00:00:00,21242.26,TXN-0000415,virement
mobile_money,CPT-00052,2025-08-06T00:00:00,21050.4,TXN-0000416,virement
agence,CPT-00037,2024-07-03T00:00:00,43257.3,TXN-0000417,virement
mobile_money,CPT-00125,2024-06-30T00:00:00,31920.61,TXN-0000418,virement
agence,CPT-00163,2024-10-07T00:00:00,1230.96,TXN-0000419,dépôt
mobile_money,CPT-00195,2024-06-11T00:00:00,29237.67,TXN-0000420,retrait
mobile_money,CPT-00202,2025-03-20T00:00:00,7340.89,TXN-0000421,dépôt
agence,CPT-00104,2025-01-27T00:00:00,48301.06,TXN-0000422,remboursement
mobile_money,CPT-00010,2024-01-15T00:00:00,36802.29,TXN-0000423,retrait
agence,CPT-00194,2024-01-05T00:00:00,1877.89,TXN-0000424,retrait
mobile_money,CPT-00058,2024-04-15T00:00:00,16292.52,TXN-0000425,virement
mobile_money,CPT-00129,2024-02-16T00:00:00,9183.99,TXN-0000426,virement
mobile_money,CPT-00243,2025-06-16T00:00:00,23340.39,TXN-0000427,virement
mobile_money,CPT-00112,2025-05-16T00:00:00,17793.91,TXN-0000428,retrait
agence,CPT-00193,2025-02-17T00:00:00,9079.29,TXN-0000429,retrait
agence,CPT-00059,2024-05-14T00:00:00,36631.27,TXN-0000430,retrait
agence,CPT-00188,2024-06-22T00:00:00,29894.95,TXN-0000431,dépôt
mobile_money,CPT-00094,2025-10-17T00:00:00,19384.43,TXN-0000432,dépôt
agence,CPT-00198,2024-02-19T00:00:00,30102.28,TXN-0000433,dépôt
mobile_money,CPT-00168,2024-04-28T00:00:00,3363.52,TXN-0000434,dépôt
mobile_money,CPT-00114,2024-09-15T00:00:00,7056.16,TXN-0000435,remboursement
agence,CPT-00180,2025-12-03T00:00:00,11069.25,TXN-0000436,retrait
mobile_money,CPT-00078,2025-11-09T00:00:00,33421.56,TXN-0000437,remboursement
agence,CPT-00160,2024-04-17T00:00:00,21522.46,TXN-0000438,retrait
agence,CPT-00073,2025-05-24T00:00:00,39453.24,TXN-0000439,dépôt
agence,CPT-00156,2025-06-19T00:00:00,39119.99,TXN-0000440,retrait
mobile_money,CPT-00092,2024-02-10T00:00:00,15472.21,TXN-0000441,remboursement
mobile_money,CPT-00234,2025-05-07T00:00:00,34721.99,TXN-0000442,retrait
agence,CPT-00061,2024-04-01T00:00:00,1624.72,TXN-0000443,dépôt
agence,CPT-00214,2024-04-02T00:00:00,8308.08,TXN-0000444,remboursement
agence,CPT-00186,2025-10-21T00:00:00,45334.19,TXN-0000445,dépôt
agence,CPT-00117,2024-02-21T00:00:00,13942.13,TXN-0000446,virement
mobile_money,CPT-00209,2024-10-24T00:00:00,43832.88,TXN-0000447,retrait
agence,CPT-00206,2024-04-28T00:00:00,21873.77,TXN-0000448,virement
agence,CPT-00218,2024-05-21T00:00:00,1473.94,TXN-0000449,dépôt
mobile_money,CPT-00085,2025-09-28T00:00:00,44831.85,TXN-0000450,virement
agence,CPT-00225,2024-12-16T00:00:00,19258.49,TXN-0000451,dépôt
mobile_money,CPT-00030,2025-04-12T00:00:00,20612.26,TXN-0000452,remboursement
mobile_money,CPT-00214,2025-05-04T00:00:00,34805.22,TXN-0000453,remboursement
agence,CPT-00167,2025-12-13T00:00:00,6539.77,TXN-0000454,retrait
mobile_money,CPT-00242,2025-08-27T00:00:00,6081.94,TXN-0000455,retrait
mobile_money,CPT-00206,2025-01-23T00:00:00,9881.77,TXN-0000456,remboursement
agence,CPT-00157,2026-01-14T00:00:00,43266.21,TXN-0000457,dépôt
mobile_money,CPT-00124,2025-02-25T00:00:00,6533.94,TXN-0000458,remboursement
agence,CPT-00012,2024-11-17T00:00:00,13819.03,TXN-0000459,dépôt
mobile_money,CPT-00181,2025-11-16T00:00:00,48916.88,TXN-0000460,retrait
agence,CPT-00133,2026-01-14T00:00:00,22209.55,TXN-0000461,dépôt
mobile_money,CPT-00124,2025-10-18T00:00:00,33521.82,TXN-0000462,virement
mobile_money,CPT-00039,2024-06-09T00:00:00,1570.6,TXN-0000463,dépôt
mobile_money,CPT-00219,2024-03-17T00:00:00,43601.37,TXN-0000464,remboursement
agence,CPT-00083,2024-10-11T00:00:00,17213.85,TXN-0000465,retrait
mobile_money,CPT-00130,2025-01-22T00:00:00,27974.28,TXN-0000466,retrait
mobile_money,CPT-00210,2025-03-30T00:00:00,4862.7,TXN-0000467,retrait
mobile_money,CPT-00023,2024-05-01T00:00:00,22906.34,TXN-0000468,remboursement
agence,CPT-00191,2025-02-26T00:00:00,6029.52,TXN-0000469,dépôt
mobile_money,CPT-00143,2025-09-10T00:00:00,41469.53,TXN-0000470,dépôt
mobile_money,CPT-00228,2025-04-12T00:00:00,33075.2,TXN-0000471,retrait
mobile_money,CPT-00094,2025-04-10T00:00:00,41012.85,TXN-0000472,dépôt
mobile_money,CPT-00144,2025-01-07T00:00:00,36116.25,TXN-0000473,remboursement
agence,CPT-00030,2024-08-15T00:00:00,38206.68,TXN-0000474,dépôt
mobile_money,CPT-00088,2024-10-25T00:00:00,41664.31,TXN-0000475,virement
mobile_money,CPT-00180,2024-06-17T00:00:00,3243.13,TXN-0000476,dépôt
agence,CPT-00036,2025-09-17T00:00:00,6241.11,TXN-0000477,remboursement
agence,CPT-00049,2025-02-06T00:00:00,46580.6,TXN-0000478,dépôt
mobile_money,CPT-00118,2024-04-20T00:00:00,36122.61,TXN-0000479,retrait
mobile_money,CPT-00012,2025-04-06T00:00:00,38835.11,TXN-0000480,dépôt
agence,CPT-00169,2024-01-05T00:00:00,48228.88,TXN-0000481,retrait
agence,CPT-00142,2025-05-09T00:00:00,42101.99,TXN-0000482,remboursement
agence,CPT-00178,2024-05-11T00:00:00,36794.24,TXN-0000483,retrait
mobile_money,CPT-00100,2025-01-28T00:00:00,25701.4,TXN-0000484,virement
mobile_money,CPT-00156,2024-12-17T00:00:00,14406.2,TXN-0000485,retrait
mobile_money,CPT-00116,2025-09-08T00:00:00,7770.82,TXN-0000486,retrait
agence,CPT-00216,2025-07-20T00:00:00,35881.84,TXN-0000487,virement
mobile_money,CPT-00052,2024-10-24T00:00:00,31584.21,TXN-0000488,retrait
agence,CPT-00236,2025-10-27T00:00:00,49085.44,TXN-0000489,retrait
mobile_money,CPT-00129,2026-02-18T00:00:00,35807.28,TXN-0000490,virement
mobile_money,CPT-00144,2025-11-14T00:00:00,29557.51,TXN-0000491,remboursement
agence,CPT-00173,2025-03-08T00:00:00,43996.38,TXN-0000492,virement
agence,CPT-00134,2024-05-28T00:00:00,2238.33,TXN-0000493,dépôt
agence,CPT-00172,2026-02-07T00:00:00,10795.22,TXN-0000494,dépôt
mobile_money,CPT-00074,2024-03-04T00:00:00,8174.99,TXN-0000495,virement
agence,CPT-00053,2025-04-08T00:00:00,18575.44,TXN-0000496,dépôt
mobile_money,CPT-00158,2025-07-28T00:00:00,37378.22,TXN-0000497,retrait
mobile_money,CPT-00061,2024-02-18T00:00:00,34953.87,TXN-0000498,virement
mobile_money,CPT-00100,2025-12-02T00:00:00,47878.4,TXN-0000499,remboursement
agence,CPT-00248,2024-09-14T00:00:00,1635.3,TXN-0000500,dépôt
mobile_money,CPT-00159,2025-10-10T00:00:00,41669.19,TXN-0000501,remboursement
mobile_money,CPT-00194,2024-07-17T00:00:00,39031.19,TXN-0000502,retrait
agence,CPT-00115,2024-03-17T00:00:00,49189.21,TXN-0000503,retrait
mobile_money,CPT-00247,2024-05-02T00:00:00,37018.89,TXN-0000504,retrait
agence,CPT-00011,2024-09-27T00:00:00,14676.5,TXN-0000505,remboursement
agence,CPT-00042,2025-04-22T00:00:00,1276.61,TXN-0000506,virement
agence,CPT-00011,2025-09-03T00:00:00,46502.78,TXN-0000507,retrait
mobile_money,CPT-00199,2025-08-09T00:00:00,25037.0,TXN-0000508,virement
agence,CPT-00019,2024-07-07T00:00:00,26744.36,TXN-0000509,virement
mobile_money,CPT-00202,2025-07-03T00:00:00,21380.63,TXN-0000510,retrait
mobile_money,CPT-00024,2024-08-06T00:00:00,11838.71,TXN-0000511,virement
mobile_money,CPT-00085,2026-02-09T00:00:00,15385.14,TXN-0000512,virement
mobile_money,CPT-00144,2024-12-20T00:00:00,6621.38,TXN-0000513,dépôt
mobile_money,CPT-00062,2025-11-29T00:00:00,47985.94,TXN-0000514,retrait
mobile_money,CPT-00098,2025-07-07T00:00:00,19907.92,TXN-0000515,dépôt
mobile_money,CPT-00007,2025-06-04T00:00:00,26201.14,TXN-0000516,virement
agence,CPT-00125,2025-10-29T00:00:00,15525.26,TXN-0000517,dépôt
agence,CPT-00083,2024-06-20T00:00:00,47462.38,TXN-0000518,dépôt
agence,CPT-00161,2025-10-06T00:00:00,11328.29,TXN-0000519,dépôt
mobile_money,CPT-00222,2024-07-29T00:00:00,41947.59,TXN-0000520,remboursement
agence,CPT-00166,2024-06-06T00:00:00,37597.65,TXN-0000521,dépôt
agence,CPT-00118,2024-03-16T00:00:00,2856.43,TXN-0000522,virement
agence,CPT-00046,2025-08-11T00:00:00,28346.13,TXN-0000523,virement
mobile_money,CPT-00234,2025-04-06T00:00:00,20974.01,TXN-0000524,virement
agence,CPT-00111,2025-11-20T00:00:00,1827.66,TXN-0000525,virement
agence,CPT-00137,2025-09-25T00:00:00,32429.71,TXN-0000526,dépôt
mobile_money,CPT-00194,2024-03-15T00:00:00,35343.22,TXN-0000527,dépôt
mobile_money,CPT-00238,2025-12-03T00:00:00,15201.99,TXN-0000528,dépôt
mobile_money,CPT-00156,2025-03-24T00:00:00,14794.35,TXN-0000529,dépôt
agence,CPT-00102,2025-06-30T00:00:00,24225.4,TXN-0000530,dépôt
mobile_money,CPT-00035,2025-07-12T00:00:00,40041.75,TXN-0000531,remboursement
mobile_money,CPT-00246,2026-01-16T00:00:00,15604.77,TXN-0000532,retrait
agence,CPT-00246,2025-07-22T00:00:00,28122.69,TXN-0000533,dépôt
mobile_money,CPT-00032,2025-09-02T00:00:00,1246.46,TXN-0000534,dépôt
mobile_money,CPT-00138,2026-02-05T00:00:00,15929.87,TXN-0000535,dépôt
agence,CPT-00055,2025-06-08T00:00:00,45375.77,TXN-0000536,remboursement
agence,CPT-00042,2024-09-15T00:00:00,11818.61,TXN-0000537,retrait
agence,CPT-00030,2025-08-03T00:00:00,33877.92,TXN-0000538,retrait
mobile_money,CPT-00218,2024-03-15T00:00:00,32589.05,TXN-0000539,remboursement
mobile_money,CPT-00172,2024-07-21T00:00:00,13283.69,TXN-0000540,dépôt
agence,CPT-00244,2025-11-18T00:00:00,18499.78,TXN-0000541,virement
mobile_money,CPT-00026,2024-07-17T00:00:00,31356.27,TXN-0000542,virement
mobile_money,CPT-00125,2025-11-06T00:00:00,17088.96,TXN-0000543,remboursement
mobile_money,CPT-00178,2025-01-08T00:00:00,28712.05,TXN-0000544,retrait
agence,CPT-00246,2024-11-16T00:00:00,9263.34,TXN-0000545,remboursement
mobile_money,CPT-00202,2025-10-18T00:00:00,35897.76,TXN-0000546,retrait
mobile_money,CPT-00071,2026-01-20T00:00:00,7580.99,TXN-0000547,virement
mobile_money,CPT-00225,2025-01-02T00:00:00,23679.57,TXN-0000548,remboursement
agence,CPT-00125,2025-09-13T00:00:00,9612.74,TXN-0000549,dépôt
agence,CPT-00216,2024-05-23T00:00:00,43076.97,TXN-0000550,virement
agence,CPT-00068,2024-01-20T00:00:00,36643.84,TXN-0000551,dépôt
agence,CPT-00209,2024-08-05T00:00:00,38690.81,TXN-0000552,remboursement
mobile_money,CPT-00142,2025-07-06T00:00:00,27630.0,TXN-0000553,virement
mobile_money,CPT-00168,2024-08-16T00:00:00,18925.11,TXN-0000554,retrait
mobile_money,CPT-00035,2024-04-02T00:00:00,25555.04,TXN-0000555,remboursement
agence,CPT-00094,2025-09-20T00:00:00,33471.25,TXN-0000556,dépôt
agence,CPT-00194,2024-07-02T00:00:00,22864.8,TXN-0000557,retrait
agence,CPT-00189,2024-02-11T00:00:00,47019.59,TXN-0000558,remboursement
mobile_money,CPT-00195,2024-09-27T00:00:00,12355.75,TXN-0000559,remboursement
mobile_money,CPT-00060,2025-06-14T00:00:00,33760.69,TXN-0000560,dépôt
agence,CPT-00100,2024-02-17T00:00:00,45977.2,TXN-0000561,remboursement
mobile_money,CPT-00167,2025-06-17T00:00:00,6058.03,TXN-0000562,virement
agence,CPT-00214,2025-08-06T00:00:00,29352.94,TXN-0000563,virement
agence,CPT-00097,2025-10-31T00:00:00,18899.54,TXN-0000564,remboursement
mobile_money,CPT-00133,2024-08-16T00:00:00,19440.11,TXN-0000565,virement
agence,CPT-00091,2025-05-08T00:00:00,24856.22,TXN-0000566,virement
agence,CPT-00129,2024-08-23T00:00:00,22555.04,TXN-0000567,retrait
agence,CPT-00132,2024-07-10T00:00:00,11364.34,TXN-0000568,virement
mobile_money,CPT-00093,2025-02-28T00:00:00,33394.37,TXN-0000569,dépôt
mobile_money,CPT-00185,2025-05-05T00:00:00,24594.32,TXN-0000570,dépôt
agence,CPT-00054,2025-02-24T00:00:00,32715.7,TXN-0000571,retrait
agence,CPT-00063,2025-08-29T00:00:00,7266.37,TXN-0000572,dépôt
agence,CPT-00035,2024-05-30T00:00:00,44649.09,TXN-0000573,dépôt
mobile_money,CPT-00043,2025-06-13T00:00:00,46199.9,TXN-0000574,virement
mobile_money,CPT-00154,2026-01-15T00:00:00,44046.94,TXN-0000575,dépôt
mobile_money,CPT-00243,2025-09-13T00:00:00,11613.08,TXN-0000576,dépôt
agence,CPT-00223,2025-02-24T00:00:00,9357.77,TXN-0000577,remboursement
mobile_money,CPT-00204,2025-06-07T00:00:00,31537.38,TXN-0000578,retrait
agence,CPT-00043,2025-09-02T00:00:00,46195.25,TXN-0000579,virement
agence,CPT-00059,2024-04-21T00:00:00,19887.63,TXN-0000580,remboursement
agence,CPT-00052,2025-09-12T00:00:00,41499.2,TXN-0000581,remboursement
agence,CPT-00046,2025-09-06T00:00:00,45178.8,TXN-0000582,remboursement
agence,CPT-00225,2025-11-06T00:00:00,5566.31,TXN-0000583,dépôt
mobile_money,CPT-00231,2025-11-25T00:00:00,44951.48,TXN-0000584,dépôt
mobile_money,CPT-00134,2024-02-14T00:00:00,19148.5,TXN-0000585,remboursement
mobile_money,CPT-00059,2025-01-25T00:00:00,39688.22,TXN-0000586,remboursement
mobile_money,CPT-00151,2024-09-17T00:00:00,21848.98,TXN-0000587,dépôt
mobile_money,CPT-00197,2024-03-26T00:00:00,45594.18,TXN-0000588,retrait
agence,CPT-00154,2024-01-06T00:00:00,13632.44,TXN-0000589,remboursement
agence,CPT-00148,2025-01-19T00:00:00,26468.33,TXN-0000590,dépôt
agence,CPT-00177,2024-04-19T00:00:00,21033.41,TXN-0000591,virement
mobile_money,CPT-00110,2025-07-02T00:00:00,13803.84,TXN-0000592,virement
mobile_money,CPT-00145,2025-11-27T00:00:00,30982.15,TXN-0000593,virement
mobile_money,CPT-00194,2025-07-24T00:00:00,21248.18,TXN-0000594,retrait
mobile_money,CPT-00046,2025-05-10T00:00:00,28395.6,TXN-0000595,virement
agence,CPT-00079,2025-02-11T00:00:00,38935.53,TXN-0000596,virement
agence,CPT-00219,2025-04-02T00:00:00,37642.9,TXN-0000597,dépôt
agence,CPT-00026,2024-12-12T00:00:00,25908.83,TXN-0000598,retrait
agence,CPT-00042,2024-01-06T00:00:00,48263.94,TXN-0000599,remboursement
mobile_money,CPT-00211,2025-09-06T00:00:00,24111.76,TXN-0000600,retrait
agence,CPT-00023,2025-01-14T00:00:00,13891.51,TXN-0000601,dépôt
mobile_money,CPT-00156,2025-02-14T00:00:00,36500.24,TXN-0000602,dépôt
mobile_money,CPT-00183,2024-06-28T00:00:00,47340.08,TXN-0000603,dépôt
mobile_money,CPT-00113,2025-11-03T00:00:00,10883.65,TXN-0000604,dépôt
agence,CPT-00050,2025-06-06T00:00:00,39414.01,TXN-0000605,dépôt
agence,CPT-00158,2025-01-03T00:00:00,34027.19,TXN-0000606,retrait
mobile_money,CPT-00168,2024-03-29T00:00:00,48806.65,TXN-0000607,dépôt
mobile_money,CPT-00200,2025-02-08T00:00:00,18303.26,TXN-0000608,remboursement
agence,CPT-00151,2026-01-24T00:00:00,26369.39,TXN-0000609,retrait
mobile_money,CPT-00236,2026-01-13T00:00:00,27930.04,TXN-0000610,dépôt
mobile_money,CPT-00089,2024-07-18T00:00:00,12088.48,TXN-0000611,virement
agence,CPT-00239,2024-09-24T00:00:00,29170.43,TXN-0000612,remboursement
mobile_money,CPT-00105,2025-05-30T00:00:00,28372.9,TXN-0000613,dépôt
mobile_money,CPT-00088,2024-09-20T00:00:00,40344.17,TXN-0000614,dépôt
mobile_money,CPT-00178,2025-07-30T00:00:00,48336.72,TXN-0000615,remboursement
mobile_money,CPT-00198,2025-04-14T00:00:00,38116.19,TXN-0000616,retrait
agence,CPT-00230,2024-09-21T00:00:00,24616.54,TXN-0000617,dépôt
mobile_money,CPT-00098,2024-08-23T00:00:00,34168.74,TXN-0000618,retrait
mobile_money,CPT-00106,2024-01-10T00:00:00,26308.71,TXN-0000619,virement
mobile_money,CPT-00064,2025-11-20T00:00:00,5557.46,TXN-0000620,virement
agence,CPT-00020,2024-12-28T00:00:00,24351.22,TXN-0000621,retrait
agence,CPT-00229,2026-02-03T00:00:00,9956.44,TXN-0000622,virement
mobile_money,CPT-00128,2024-09-04T00:00:00,12508.21,TXN-0000623,retrait
mobile_money,CPT-00053,2024-09-12T00:00:00,10935.56,TXN-0000624,retrait
mobile_money,CPT-00040,2024-03-21T00:00:00,6874.05,TXN-0000625,dépôt
agence,CPT-00158,2025-07-08T00:00:00,38447.97,TXN-0000626,dépôt
mobile_money,CPT-00218,2024-11-18T00:00:00,19188.63,TXN-0000627,remboursement
mobile_money,CPT-00230,2026-02-21T00:00:00,25049.46,TXN-0000628,virement
agence,CPT-00102,2024-05-11T00:00:00,37758.3,TXN-0000629,retrait
agence,CPT-00135,2025-07-07T00:00:00,24437.68,TXN-0000630,remboursement
agence,CPT-00129,2025-12-03T00:00:00,20292.13,TXN-0000631,virement
mobile_money,CPT-00118,2025-04-16T00:00:00,35213.98,TXN-0000632,dépôt
mobile_money,CPT-00177,2024-08-03T00:00:00,1579.18,TXN-0000633,dépôt
mobile_money,CPT-00149,2025-09-19T00:00:00,16946.37,TXN-0000634,dépôt
mobile_money,CPT-00048,2025-04-27T00:00:00,12619.82,TXN-0000635,virement
mobile_money,CPT-00094,2024-08-03T00:00:00,25439.73,TXN-0000636,retrait
mobile_money,CPT-00180,2025-02-14T00:00:00,18888.82,TXN-0000637,virement
agence,CPT-00116,2025-08-12T00:00:00,28999.08,TXN-0000638,retrait
mobile_money,CPT-00209,2024-08-29T00:00:00,36319.96,TXN-0000639,dépôt
agence,CPT-00220,2026-01-26T00:00:00,10607.1,TXN-0000640,remboursement
agence,CPT-00122,2025-05-26T00:00:00,9653.76,TXN-0000641,dépôt
mobile_money,CPT-00229,2024-11-03T00:00:00,39481.31,TXN-0000642,virement
agence,CPT-00144,2025-12-08T00:00:00,20521.69,TXN-0000643,dépôt
agence,CPT-00016,2025-05-02T00:00:00,40877.09,TXN-0000644,retrait
mobile_money,CPT-00116,2025-01-03T00:00:00,13728.69,TXN-0000645,virement
agence,CPT-00089,2024-12-25T00:00:00,21176.28,TXN-0000646,dépôt
mobile_money,CPT-00148,2024-10-18T00:00:00,48989.28,TXN-0000647,retrait
agence,CPT-00084,2025-04-02T00:00:00,38962.47,TXN-0000648,remboursement
agence,CPT-00098,2024-05-28T00:00:00,23723.85,TXN-0000649,virement
mobile_money,CPT-00164,2025-09-19T00:00:00,21669.01,TXN-0000650,virement
agence,CPT-00218,2024-12-17T00:00:00,4876.48,TXN-0000651,dépôt
mobile_money,CPT-00081,2025-12-28T00:00:00,32997.64,TXN-0000652,virement
mobile_money,CPT-00155,2025-03-31T00:00:00,14291.16,TXN-0000653,remboursement
agence,CPT-00192,2024-07-07T00:00:00,21285.46,TXN-0000654,remboursement
agence,CPT-00033,2026-01-31T00:00:00,33439.1,TXN-0000655,retrait
agence,CPT-00054,2024-04-07T00:00:00,20455.23,TXN-0000656,retrait
mobile_money,CPT-00240,2024-01-27T00:00:00,27873.25,TXN-0000657,remboursement
agence,CPT-00135,2025-09-24T00:00:00,6092.49,TXN-0000658,dépôt
mobile_money,CPT-00022,2024-09-10T00:00:00,16159.16,TXN-0000659,remboursement
agence,CPT-00114,2024-06-23T00:00:00,7432.58,TXN-0000660,retrait
mobile_money,CPT-00009,2024-11-29T00:00:00,43158.07,TXN-0000661,virement
agence,CPT-00120,2024-05-18T00:00:00,27878.72,TXN-0000662,virement
mobile_money,CPT-00152,2025-10-13T00:00:00,31921.33,TXN-0000663,remboursement
agence,CPT-00135,2025-05-08T00:00:00,45537.23,TXN-0000664,virement
mobile_money,CPT-00207,2025-01-09T00:00:00,22651.15,TXN-0000665,dépôt
agence,CPT-00067,2024-01-01T00:00:00,15875.07,TXN-0000666,retrait
mobile_money,CPT-00089,2024-01-09T00:00:00,23990.7,TXN-0000667,virement
mobile_money,CPT-00243,2026-02-23T00:00:00,15680.92,TXN-0000668,remboursement
mobile_money,CPT-00205,2024-01-08T00:00:00,30253.18,TXN-0000669,virement
mobile_money,CPT-00049,2025-03-23T00:00:00,44225.94,TXN-0000670,remboursement
mobile_money,CPT-00064,2025-10-23T00:00:00,36031.96,TXN-0000671,retrait
mobile_money,CPT-00213,2024-03-22T00:00:00,11809.03,TXN-0000672,remboursement
mobile_money,CPT-00161,2025-09-19T00:00:00,26313.89,TXN-0000673,retrait
agence,CPT-00073,2024-03-11T00:00:00,21232.29,TXN-0000674,virement
mobile_money,CPT-00035,2025-04-11T00:00:00,6407.46,TXN-0000675,virement
agence,CPT-00070,2024-01-20T00:00:00,10201.68,TXN-0000676,remboursement
mobile_money,CPT-00013,2024-04-14T00:00:00,10110.94,TXN-0000677,dépôt
agence,CPT-00069,2026-01-14T00:00:00,36044.6,TXN-0000678,retrait
agence,CPT-00060,2025-05-20T00:00:00,8383.5,TXN-0000679,dépôt
mobile_money,CPT-00088,2025-05-25T00:00:00,16267.26,TXN-0000680,remboursement
agence,CPT-00119,2026-02-07T00:00:00,17182.18,TXN-0000681,dépôt
mobile_money,CPT-00015,2024-03-14T00:00:00,39006.99,TXN-0000682,virement
mobile_money,CPT-00047,2024-09-13T00:00:00,44889.25,TXN-0000683,retrait
agence,CPT-00213,2026-02-25T00:00:00,6976.12,TXN-0000684,dépôt
agence,CPT-00099,2024-02-04T00:00:00,13110.95,TXN-0000685,remboursement
mobile_money,CPT-00118,2024-08-01T00:00:00,26535.82,TXN-0000686,dépôt
agence,CPT-00100,2024-06-11T00:00:00,46874.55,TXN-0000687,virement
mobile_money,CPT-00191,2025-10-15T00:00:00,13412.32,TXN-0000688,dépôt
agence,CPT-00051,2025-11-13T00:00:00,44488.46,TXN-0000689,virement
mobile_money,CPT-00250,2025-03-20T00:00:00,12562.33,TXN-0000690,dépôt
agence,CPT-00004,2025-08-21T00:00:00,39925.13,TXN-0000691,retrait
mobile_money,CPT-00102,2024-02-13T00:00:00,1437.56,TXN-0000692,retrait
agence,CPT-00177,2024-04-01T00:00:00,19198.53,TXN-0000693,retrait
mobile_money,CPT-00041,2025-09-25T00:00:00,5478.68,TXN-0000694,remboursement
agence,CPT-00239,2025-10-22T00:00:00,3928.98,TXN-0000695,dépôt
mobile_money,CPT-00180,2024-08-26T00:00:00,7165.55,TXN-0000696,dépôt
agence,CPT-00143,2025-03-25T00:00:00,40470.74,TXN-0000697,virement
mobile_money,CPT-00006,2024-05-17T00:00:00,18550.21,TXN-0000698,remboursement
mobile_money,CPT-00231,2025-03-24T00:00:00,24779.8,TXN-0000699,dépôt
mobile_money,CPT-00139,2024-07-10T00:00:00,10299.02,TXN-0000700,remboursement
agence,CPT-00083,2025-09-05T00:00:00,14490.9,TXN-0000701,remboursement
mobile_money,CPT-00018,2024-09-26T00:00:00,23019.83,TXN-0000702,retrait
mobile_money,CPT-00117,2025-06-02T00:00:00,39019.98,TXN-0000703,dépôt
mobile_money,CPT-00188,2025-09-26T00:00:00,44263.69,TXN-0000704,retrait
mobile_money,CPT-00199,2024-03-05T00:00:00,16714.01,TXN-0000705,retrait
mobile_money,CPT-00049,2024-06-06T00:00:00,38520.97,TXN-0000706,remboursement
agence,CPT-00083,2024-04-23T00:00:00,32404.29,TXN-0000707,remboursement
agence,CPT-00134,2024-05-12T00:00:00,3145.09,TXN-0000708,dépôt
agence,CPT-00224,2025-05-12T00:00:00,10901.87,TXN-0000709,dépôt
mobile_money,CPT-00026,2025-02-01T00:00:00,28979.6,TXN-0000710,dépôt
agence,CPT-00135,2024-08-14T00:00:00,3405.2,TXN-0000711,virement
mobile_money,CPT-00004,2024-03-22T00:00:00,33131.72,TXN-0000712,retrait
mobile_money,CPT-00206,2026-01-31T00:00:00,18685.38,TXN-0000713,dépôt
mobile_money,CPT-00211,2024-02-29T00:00:00,39918.23,TXN-0000714,virement
agence,CPT-00136,2024-11-07T00:00:00,36980.72,TXN-0000715,dépôt
agence,CPT-00242,2024-04-09T00:00:00,48068.75,TXN-0000716,retrait
agence,CPT-00186,2024-07-13T00:00:00,27051.39,TXN-0000717,retrait
mobile_money,CPT-00135,2024-07-02T00:00:00,28931.36,TXN-0000718,retrait
mobile_money,CPT-00192,2025-08-13T00:00:00,38547.89,TXN-0000719,dépôt
agence,CPT-00173,2025-03-13T00:00:00,35424.97,TXN-0000720,remboursement
mobile_money,CPT-00043,2025-05-31T00:00:00,27948.31,TXN-0000721,retrait
mobile_money,CPT-00169,2025-09-06T00:00:00,27161.12,TXN-0000722,retrait
mobile_money,CPT-00239,2025-07-17T00:00:00,45221.76,TXN-0000723,virement
mobile_money,CPT-00217,2025-10-10T00:00:00,21204.82,TXN-0000724,virement
agence,CPT-00212,2025-07-30T00:00:00,30812.26,TXN-0000725,virement
mobile_money,CPT-00097,2025-04-08T00:00:00,18640.42,TXN-0000726,virement
mobile_money,CPT-00246,2024-02-05T00:00:00,1009.59,TXN-0000727,remboursement
agence,CPT-00153,2024-11-05T00:00:00,26362.86,TXN-0000728,dépôt
agence,CPT-00077,2024-11-18T00:00:00,11526.32,TXN-0000729,retrait
agence,CPT-00198,2025-06-07T00:00:00,46036.49,TXN-0000730,virement
agence,CPT-00025,2024-06-08T00:00:00,23558.12,TXN-0000731,dépôt
agence,CPT-00068,2024-09-12T00:00:00,44591.64,TXN-0000732,virement
agence,CPT-00066,2025-02-13T00:00:00,5503.35,TXN-0000733,virement
agence,CPT-00188,2025-05-09T00:00:00,36455.45,TXN-0000734,dépôt
agence,CPT-00125,2024-11-03T00:00:00,30166.33,TXN-0000735,dépôt
mobile_money,CPT-00188,2024-02-27T00:00:00,4845.39,TXN-0000736,remboursement
agence,CPT-00090,2024-05-03T00:00:00,21409.56,TXN-0000737,remboursement
mobile_money,CPT-00192,2025-10-09T00:00:00,32060.47,TXN-0000738,dépôt
agence,CPT-00014,2024-11-22T00:00:00,26694.78,TXN-0000739,virement
mobile_money,CPT-00084,2025-11-20T00:00:00,8506.68,TXN-0000740,retrait
agence,CPT-00249,2025-08-12T00:00:00,37889.17,TXN-0000741,remboursement
agence,CPT-00057,2025-02-07T00:00:00,15199.37,TXN-0000742,remboursement
agence,CPT-00034,2025-08-08T00:00:00,5044.71,TXN-0000743,virement
mobile_money,CPT-00141,2025-02-12T00:00:00,13865.34,TXN-0000744,remboursement
agence,CPT-00199,2025-05-07T00:00:00,38339.61,TXN-0000745,retrait
agence,CPT-00125,2024-07-19T00:00:00,32960.17,TXN-0000746,remboursement
mobile_money,CPT-00063,2025-03-16T00:00:00,14046.6,TXN-0000747,dépôt
mobile_money,CPT-00176,2025-02-27T00:00:00,6513.96,TXN-0000748,dépôt
agence,CPT-00094,2024-12-18T00:00:00,10334.0,TXN-0000749,virement
mobile_money,CPT-00198,2024-12-24T00:00:00,9293.51,TXN-0000750,virement
agence,CPT-00160,2024-08-27T00:00:00,22582.71,TXN-0000751,retrait
agence,CPT-00176,2026-01-15T00:00:00,8643.57,TXN-0000752,virement
agence,CPT-00029,2025-09-27T00:00:00,12909.37,TXN-0000753,dépôt
agence,CPT-00223,2025-12-11T00:00:00,1672.93,TXN-0000754,virement
agence,CPT-00079,2024-12-05T00:00:00,24088.32,TXN-0000755,remboursement
mobile_money,CPT-00190,2025-06-19T00:00:00,10986.27,TXN-0000756,retrait
agence,CPT-00141,2024-05-24T00:00:00,31529.06,TXN-0000757,remboursement
mobile_money,CPT-00097,2024-03-02T00:00:00,13517.36,TXN-0000758,dépôt
agence,CPT-00052,2025-11-01T00:00:00,3601.18,TXN-0000759,virement
mobile_money,CPT-00018,2025-11-09T00:00:00,33358.27,TXN-0000760,remboursement
mobile_money,CPT-00222,2025-10-26T00:00:00,1934.84,TXN-0000761,dépôt
agence,CPT-00060,2025-12-27T00:00:00,25918.48,TXN-0000762,remboursement
agence,CPT-00232,2025-09-03T00:00:00,24748.45,TXN-0000763,virement
agence,CPT-00048,2025-04-13T00:00:00,25531.89,TXN-0000764,retrait
mobile_money,CPT-00011,2024-11-08T00:00:00,46191.24,TXN-0000765,retrait
mobile_money,CPT-00126,2024-01-19T00:00:00,37475.15,TXN-0000766,remboursement
agence,CPT-00176,2024-11-05T00:00:00,18413.53,TXN-0000767,virement
mobile_money,CPT-00129,2025-10-02T00:00:00,40782.75,TXN-0000768,virement
mobile_money,CPT-00225,2024-01-31T00:00:00,44629.7,TXN-0000769,remboursement
agence,CPT-00058,2025-02-06T00:00:00,17747.52,TXN-0000770,retrait
agence,CPT-00023,2025-11-25T00:00:00,26515.17,TXN-0000771,remboursement
mobile_money,CPT-00107,2025-03-12T00:00:00,29072.03,TXN-0000772,retrait
agence,CPT-00233,2024-05-14T00:00:00,23009.29,TXN-0000773,virement
agence,CPT-00168,2025-12-01T00:00:00,29470.5,TXN-0000774,retrait
agence,CPT-00221,2025-12-23T00:00:00,16140.92,TXN-0000775,retrait
agence,CPT-00111,2025-08-01T00:00:00,33155.36,TXN-0000776,retrait
agence,CPT-00082,2026-01-06T00:00:00,28309.67,TXN-0000777,dépôt
agence,CPT-00048,2024-05-29T00:00:00,42136.6,TXN-0000778,virement
mobile_money,CPT-00196,2025-02-27T00:00:00,44126.46,TXN-0000779,virement
mobile_money,CPT-00078,2025-10-14T00:00:00,37534.88,TXN-0000780,remboursement
agence,CPT-00039,2024-07-08T00:00:00,6231.8,TXN-0000781,retrait
agence,CPT-00196,2025-09-19T00:00:00,30674.62,TXN-0000782,virement
mobile_money,CPT-00153,2024-01-27T00:00:00,12314.71,TXN-0000783,retrait
mobile_money,CPT-00021,2025-09-11T00:00:00,7570.24,TXN-0000784,remboursement
mobile_money,CPT-00183,2025-01-31T00:00:00,10014.85,TXN-0000785,virement
agence,CPT-00122,2024-08-19T00:00:00,9025.53,TXN-0000786,retrait
agence,CPT-00105,2025-02-26T00:00:00,46346.32,TXN-0000787,dépôt
agence,CPT-00191,2024-03-08T00:00:00,38131.05,TXN-0000788,retrait
mobile_money,CPT-00238,2025-05-16T00:00:00,43489.32,TXN-0000789,remboursement
mobile_money,CPT-00222,2025-03-13T00:00:00,44491.76,TXN-0000790,remboursement
mobile_money,CPT-00199,2025-01-24T00:00:00,30788.57,TXN-0000791,dépôt
mobile_money,CPT-00101,2025-04-07T00:00:00,26511.81,TXN-0000792,dépôt
mobile_money,CPT-00212,2024-09-08T00:00:00,44011.22,TXN-0000793,dépôt
agence,CPT-00189,2025-06-12T00:00:00,28327.35,TXN-0000794,dépôt
mobile_money,CPT-00049,2024-11-07T00:00:00,22538.14,TXN-0000795,virement
agence,CPT-00119,2025-09-19T00:00:00,21700.65,TXN-0000796,retrait
mobile_money,CPT-00177,2025-10-23T00:00:00,23715.37,TXN-0000797,retrait
agence,CPT-00024,2025-08-22T00:00:00,9808.8,TXN-0000798,dépôt
agence,CPT-00101,2024-01-26T00:00:00,16849.59,TXN-0000799,remboursement
mobile_money,CPT-00117,2024-04-02T00:00:00,44244.87,TXN-0000800,retrait
agence,CPT-00083,2024-05-06T00:00:00,36200.36,TXN-0000801,retrait
mobile_money,CPT-00030,2024-03-28T00:00:00,32069.55,TXN-0000802,remboursement
agence,CPT-00187,2025-01-24T00:00:00,19555.25,TXN-0000803,retrait
agence,CPT-00197,2025-08-02T00:00:00,45700.39,TXN-0000804,retrait
agence,CPT-00042,2025-12-30T00:00:00,9764.47,TXN-0000805,retrait
mobile_money,CPT-00108,2026-02-26T00:00:00,16166.4,TXN-0000806,virement
agence,CPT-00074,2024-05-14T00:00:00,6760.14,TXN-0000807,retrait
mobile_money,CPT-00001,2025-05-24T00:00:00,1598.18,TXN-0000808,virement
agence,CPT-00140,2025-05-20T00:00:00,30791.21,TXN-0000809,dépôt
agence,CPT-00056,2025-03-28T00:00:00,23233.19,TXN-0000810,remboursement
mobile_money,CPT-00154,2025-07-14T00:00:00,12990.95,TXN-0000811,dépôt
agence,CPT-00159,2024-05-31T00:00:00,3397.02,TXN-0000812,retrait
mobile_money,CPT-00168,2024-02-03T00:00:00,2799.33,TXN-0000813,virement
agence,CPT-00085,2025-03-02T00:00:00,3402.54,TXN-0000814,dépôt
agence,CPT-00042,2025-12-09T00:00:00,30943.4,TXN-0000815,virement
agence,CPT-00248,2025-01-03T00:00:00,37717.41,TXN-0000816,remboursement
agence,CPT-00024,2025-01-23T00:00:00,16818.27,TXN-0000817,virement
mobile_money,CPT-00195,2024-03-07T00:00:00,42322.17,TXN-0000818,remboursement
mobile_money,CPT-00121,2024-10-08T00:00:00,6979.14,TXN-0000819,retrait
agence,CPT-00135,2025-12-13T00:00:00,26707.66,TXN-0000820,remboursement
agence,CPT-00157,2026-01-17T00:00:00,6355.81,TXN-0000821,dépôt
mobile_money,CPT-00124,2024-11-20T00:00:00,21925.63,TXN-0000822,virement
mobile_money,CPT-00135,2025-09-21T00:00:00,46428.16,TXN-0000823,virement
agence,CPT-00134,2024-07-03T00:00:00,25132.72,TXN-0000824,remboursement
agence,CPT-00182,2024-01-02T00:00:00,48983.63,TXN-0000825,virement
agence,CPT-00007,2024-04-30T00:00:00,31647.58,TXN-0000826,remboursement
mobile_money,CPT-00205,2024-12-07T00:00:00,21288.02,TXN-0000827,remboursement
mobile_money,CPT-00144,2024-07-25T00:00:00,1553.57,TXN-0000828,retrait
mobile_money,CPT-00066,2025-06-02T00:00:00,16080.85,TXN-0000829,dépôt
mobile_money,CPT-00197,2024-12-07T00:00:00,6578.0,TXN-0000830,dépôt
mobile_money,CPT-00102,2024-07-17T00:00:00,41770.1,TXN-0000831,dépôt
mobile_money,CPT-00214,2025-05-05T00:00:00,46191.71,TXN-0000832,virement
agence,CPT-00205,2025-05-08T00:00:00,32636.96,TXN-0000833,dépôt
mobile_money,CPT-00161,2025-07-03T00:00:00,44710.86,TXN-0000834,remboursement
mobile_money,CPT-00119,2024-02-27T00:00:00,46461.71,TXN-0000835,remboursement
agence,CPT-00145,2024-01-20T00:00:00,28203.68,TXN-0000836,virement
agence,CPT-00148,2024-12-28T00:00:00,40177.23,TXN-0000837,virement
mobile_money,CPT-00249,2024-02-01T00:00:00,14742.54,TXN-0000838,retrait
agence,CPT-00097,2025-02-02T00:00:00,28978.1,TXN-0000839,retrait
mobile_money,CPT-00153,2026-02-08T00:00:00,43365.09,TXN-0000840,dépôt
mobile_money,CPT-00181,2024-10-05T00:00:00,35782.16,TXN-0000841,virement
mobile_money,CPT-00023,2025-01-15T00:00:00,43975.39,TXN-0000842,remboursement
agence,CPT-00213,2024-11-05T00:00:00,11590.85,TXN-0000843,virement
agence,CPT-00029,2024-07-25T00:00:00,39462.26,TXN-0000844,virement
agence,CPT-00114,2025-05-27T00:00:00,40152.24,TXN-0000845,dépôt
mobile_money,CPT-00049,2026-01-20T00:00:00,46258.2,TXN-0000846,virement
agence,CPT-00199,2024-04-10T00:00:00,8021.46,TXN-0000847,virement
agence,CPT-00053,2025-12-31T00:00:00,23509.05,TXN-0000848,dépôt
agence,CPT-00002,2025-12-04T00:00:00,46684.53,TXN-0000849,virement
mobile_money,CPT-00086,2024-04-15T00:00:00,44570.11,TXN-0000850,remboursement
mobile_money,CPT-00006,2024-08-02T00:00:00,32303.69,TXN-0000851,virement
mobile_money,CPT-00052,2025-06-29T00:00:00,15041.8,TXN-0000852,retrait
agence,CPT-00198,2024-10-06T00:00:00,33885.08,TXN-0000853,remboursement
agence,CPT-00041,2025-09-29T00:00:00,6608.56,TXN-0000854,virement
agence,CPT-00053,2024-10-04T00:00:00,27918.92,TXN-0000855,virement
agence,CPT-00242,2024-06-24T00:00:00,29130.06,TXN-0000856,virement
agence,CPT-00080,2024-02-21T00:00:00,27488.28,TXN-0000857,virement
agence,CPT-00008,2024-02-21T00:00:00,45261.33,TXN-0000858,remboursement
agence,CPT-00099,2025-02-05T00:00:00,5219.86,TXN-0000859,dépôt
mobile_money,CPT-00181,2024-11-15T00:00:00,31199.45,TXN-0000860,remboursement
agence,CPT-00210,2025-11-17T00:00:00,35932.04,TXN-0000861,retrait
mobile_money,CPT-00250,2024-04-05T00:00:00,28821.68,TXN-0000862,remboursement
mobile_money,CPT-00025,2025-10-21T00:00:00,16209.19,TXN-0000863,remboursement
mobile_money,CPT-00121,2024-05-27T00:00:00,47424.97,TXN-0000864,retrait
mobile_money,CPT-00234,2025-12-17T00:00:00,20211.77,TXN-0000865,virement
agence,CPT-00202,2024-01-31T00:00:00,23210.87,TXN-0000866,virement
agence,CPT-00122,2025-04-17T00:00:00,18220.6,TXN-0000867,dépôt
agence,CPT-00073,2024-05-10T00:00:00,30617.57,TXN-0000868,virement
agence,CPT-00104,2025-10-27T00:00:00,16967.62,TXN-0000869,dépôt
mobile_money,CPT-00203,2025-02-14T00:00:00,27104.53,TXN-0000870,virement
mobile_money,CPT-00062,2025-05-08T00:00:00,27849.5,TXN-0000871,retrait
mobile_money,CPT-00017,2025-12-11T00:00:00,11203.67,TXN-0000872,virement
agence,CPT-00201,2024-12-16T00:00:00,28793.35,TXN-0000873,remboursement
mobile_money,CPT-00045,2025-12-29T00:00:00,37228.99,TXN-0000874,dépôt
mobile_money,CPT-00030,2024-04-09T00:00:00,16943.53,TXN-0000875,remboursement
agence,CPT-00046,2024-03-12T00:00:00,47838.29,TXN-0000876,virement
agence,CPT-00176,2025-10-22T00:00:00,17043.0,TXN-0000877,remboursement
agence,CPT-00024,2025-08-17T00:00:00,41034.65,TXN-0000878,retrait
mobile_money,CPT-00194,2025-04-08T00:00:00,33383.19,TXN-0000879,retrait
mobile_money,CPT-00100,2025-11-28T00:00:00,10587.66,TXN-0000880,remboursement
mobile_money,CPT-00077,2025-03-21T00:00:00,46006.58,TXN-0000881,virement
mobile_money,CPT-00023,2025-06-06T00:00:00,30963.05,TXN-0000882,dépôt
mobile_money,CPT-00217,2024-03-04T00:00:00,42772.75,TXN-0000883,retrait
mobile_money,CPT-00231,2025-07-27T00:00:00,1041.32,TXN-0000884,dépôt
mobile_money,CPT-00029,2024-08-28T00:00:00,43418.3,TXN-0000885,virement
mobile_money,CPT-00180,2025-12-29T00:00:00,31635.5,TXN-0000886,remboursement
agence,CPT-00104,2024-08-04T00:00:00,22324.31,TXN-0000887,remboursement
mobile_money,CPT-00122,2025-01-28T00:00:00,10223.12,TXN-0000888,retrait
agence,CPT-00216,2025-11-17T00:00:00,8559.1,TXN-0000889,remboursement
agence,CPT-00035,2024-01-17T00:00:00,4515.55,TXN-0000890,dépôt
agence,CPT-00185,2024-05-19T00:00:00,33238.41,TXN-0000891,remboursement
mobile_money,CPT-00036,2025-12-13T00:00:00,43147.49,TXN-0000892,remboursement
mobile_money,CPT-00160,2025-03-10T00:00:00,23265.32,TXN-0000893,retrait
agence,CPT-00099,2025-03-10T00:00:00,12061.31,TXN-0000894,virement
mobile_money,CPT-00148,2024-08-30T00:00:00,42493.39,TXN-0000895,remboursement
mobile_money,CPT-00106,2024-02-08T00:00:00,2639.63,TXN-0000896,virement
agence,CPT-00181,2025-05-08T00:00:00,6545.05,TXN-0000897,virement
agence,CPT-00037,2024-03-21T00:00:00,23781.88,TXN-0000898,virement
agence,CPT-00063,2025-11-10T00:00:00,31902.48,TXN-0000899,remboursement
agence,CPT-00176,2024-12-17T00:00:00,31038.92,TXN-0000900,virement
mobile_money,CPT-00121,2025-04-25T00:00:00,26120.49,TXN-0000901,remboursement
mobile_money,CPT-00108,2024-10-28T00:00:00,48068.48,TXN-0000902,virement
mobile_money,CPT-00043,2025-09-03T00:00:00,35057.51,TXN-0000903,dépôt
agence,CPT-00187,2025-04-29T00:00:00,4009.47,TXN-0000904,virement
agence,CPT-00147,2024-10-25T00:00:00,33159.67,TXN-0000905,dépôt
agence,CPT-00074,2025-06-01T00:00:00,5043.0,TXN-0000906,remboursement
mobile_money,CPT-00218,2025-09-22T00:00:00,13350.5,TXN-0000907,virement
agence,CPT-00071,2024-04-24T00:00:00,1695.95,TXN-0000908,virement
agence,CPT-00233,2025-01-13T00:00:00,33298.63,TXN-0000909,retrait
agence,CPT-00067,2025-06-24T00:00:00,24761.01,TXN-0000910,retrait
agence,CPT-00088,2025-09-01T00:00:00,48399.94,TXN-0000911,dépôt
mobile_money,CPT-00215,2025-02-26T00:00:00,37885.3,TXN-0000912,remboursement
agence,CPT-00061,2024-06-20T00:00:00,36573.96,TXN-0000913,remboursement
agence,CPT-00148,2024-09-27T00:00:00,3661.96,TXN-0000914,virement
mobile_money,CPT-00014,2025-05-02T00:00:00,23736.73,TXN-0000915,retrait
mobile_money,CPT-00122,2025-12-23T00:00:00,19610.24,TXN-0000916,retrait
agence,CPT-00122,2025-03-21T00:00:00,8112.34,TXN-0000917,virement
agence,CPT-00074,2024-11-19T00:00:00,19718.2,TXN-0000918,remboursement
mobile_money,CPT-00025,2025-03-18T00:00:00,47853.0,TXN-0000919,virement
mobile_money,CPT-00086,2024-04-10T00:00:00,14087.3,TXN-0000920,virement
agence,CPT-00168,2025-11-22T00:00:00,23594.32,TXN-0000921,remboursement
agence,CPT-00188,2025-11-24T00:00:00,26477.66,TXN-0000922,retrait
agence,CPT-00081,2024-03-10T00:00:00,33967.29,TXN-0000923,dépôt
mobile_money,CPT-00106,2025-12-02T00:00:00,26737.95,TXN-0000924,dépôt
agence,CPT-00090,2024-09-14T00:00:00,36537.28,TXN-0000925,retrait
agence,CPT-00009,2024-02-28T00:00:00,31350.46,TXN-0000926,dépôt
agence,CPT-00244,2024-05-02T00:00:00,35695.68,TXN-0000927,dépôt
agence,CPT-00220,2026-02-21T00:00:00,19421.96,TXN-0000928,retrait
mobile_money,CPT-00230,2024-09-16T00:00:00,35087.03,TXN-0000929,dépôt
mobile_money,CPT-00120,2024-10-10T00:00:00,32300.24,TXN-0000930,dépôt
mobile_money,CPT-00178,2024-03-16T00:00:00,13609.49,TXN-0000931,virement
agence,CPT-00199,2024-12-06T00:00:00,19757.15,TXN-0000932,dépôt
mobile_money,CPT-00067,2024-03-12T00:00:00,9718.54,TXN-0000933,virement
mobile_money,CPT-00238,2024-07-01T00:00:00,30904.79,TXN-0000934,retrait
agence,CPT-00028,2025-03-17T00:00:00,27490.98,TXN-0000935,retrait
mobile_money,CPT-00158,2026-01-02T00:00:00,45717.85,TXN-0000936,dépôt
mobile_money,CPT-00027,2025-08-08T00:00:00,4573.06,TXN-0000937,dépôt
agence,CPT-00199,2025-05-24T00:00:00,1919.47,TXN-0000938,remboursement
mobile_money,CPT-00168,2025-11-11T00:00:00,46711.79,TXN-0000939,dépôt
agence,CPT-00069,2025-02-04T00:00:00,35302.7,TXN-0000940,retrait
agence,CPT-00132,2025-02-17T00:00:00,24428.83,TXN-0000941,remboursement
mobile_money,CPT-00139,2025-12-06T00:00:00,1162.06,TXN-0000942,retrait
mobile_money,CPT-00032,2024-11-06T00:00:00,17338.55,TXN-0000943,virement
agence,CPT-00015,2024-12-14T00:00:00,18902.41,TXN-0000944,dépôt
agence,CPT-00216,2024-10-23T00:00:00,38262.2,TXN-0000945,remboursement
agence,CPT-00046,2025-11-07T00:00:00,48408.14,TXN-0000946,dépôt
mobile_money,CPT-00077,2025-10-07T00:00:00,44926.57,TXN-0000947,remboursement
agence,CPT-00125,2025-03-24T00:00:00,44375.49,TXN-0000948,dépôt
agence,CPT-00036,2026-01-07T00:00:00,10461.54,TXN-0000949,dépôt
mobile_money,CPT-00126,2025-07-07T00:00:00,4086.64,TXN-0000950,remboursement
agence,CPT-00128,2024-01-17T00:00:00,48362.13,TXN-0000951,remboursement
agence,CPT-00087,2026-01-08T00:00:00,17548.21,TXN-0000952,dépôt
mobile_money,CPT-00104,2025-10-31T00:00:00,11372.23,TXN-0000953,dépôt
agence,CPT-00241,2024-08-26T00:00:00,37311.52,TXN-0000954,retrait
mobile_money,CPT-00010,2024-01-20T00:00:00,24955.84,TXN-0000955,retrait
agence,CPT-00233,2025-10-26T00:00:00,12891.45,TXN-0000956,dépôt
agence,CPT-00004,2024-11-10T00:00:00,32000.41,TXN-0000957,retrait
agence,CPT-00117,2024-03-06T00:00:00,41932.26,TXN-0000958,retrait
agence,CPT-00030,2025-09-22T00:00:00,30153.89,TXN-0000959,remboursement
mobile_money,CPT-00017,2026-01-25T00:00:00,21884.36,TXN-0000960,retrait
agence,CPT-00084,2025-08-12T00:00:00,48816.81,TXN-0000961,dépôt
agence,CPT-00083,2025-08-30T00:00:00,38447.17,TXN-0000962,retrait
mobile_money,CPT-00086,2024-05-24T00:00:00,6916.53,TXN-0000963,dépôt
agence,CPT-00044,2025-03-25T00:00:00,28116.98,TXN-0000964,virement
mobile_money,CPT-00237,2025-10-09T00:00:00,7535.17,TXN-0000965,dépôt
agence,CPT-00200,2025-05-13T00:00:00,1765.89,TXN-0000966,retrait
mobile_money,CPT-00002,2024-04-01T00:00:00,9791.23,TXN-0000967,dépôt
agence,CPT-00107,2024-07-30T00:00:00,34925.56,TXN-0000968,remboursement
agence,CPT-00164,2025-02-25T00:00:00,26631.26,TXN-0000969,virement
agence,CPT-00241,2024-02-08T00:00:00,30916.36,TXN-0000970,retrait
mobile_money,CPT-00184,2024-03-31T00:00:00,30990.44,TXN-0000971,remboursement
agence,CPT-00090,2024-08-29T00:00:00,1223.93,TXN-0000972,remboursement
agence,CPT-00031,2026-02-18T00:00:00,31327.13,TXN-0000973,dépôt
agence,CPT-00119,2024-07-17T00:00:00,14544.9,TXN-0000974,retrait
mobile_money,CPT-00204,2025-04-30T00:00:00,34576.94,TXN-0000975,retrait
agence,CPT-00046,2024-02-14T00:00:00,33836.99,TXN-0000976,retrait
mobile_money,CPT-00166,2025-03-21T00:00:00,14968.16,TXN-0000977,virement
agence,CPT-00086,2026-01-28T00:00:00,3122.56,TXN-0000978,remboursement
mobile_money,CPT-00237,2024-01-30T00:00:00,8744.23,TXN-0000979,retrait
mobile_money,CPT-00132,2024-08-28T00:00:00,4472.12,TXN-0000980,dépôt
mobile_money,CPT-00152,2026-02-04T00:00:00,21534.25,TXN-0000981,virement
agence,CPT-00059,2024-04-10T00:00:00,16980.48,TXN-0000982,dépôt
agence,CPT-00189,2025-01-19T00:00:00,43624.43,TXN-0000983,remboursement
mobile_money,CPT-00019,2024-02-25T00:00:00,29669.52,TXN-0000984,remboursement
agence,CPT-00038,2025-04-10T00:00:00,46466.47,TXN-0000985,retrait
agence,CPT-00100,2026-01-07T00:00:00,7683.83,TXN-0000986,virement
mobile_money,CPT-00162,2024-07-26T00:00:00,48802.24,TXN-0000987,virement
mobile_money,CPT-00033,2024-03-02T00:00:00,34918.32,TXN-0000988,dépôt
mobile_money,CPT-00035,2025-04-14T00:00:00,42730.92,TXN-0000989,dépôt
agence,CPT-00044,2024-10-29T00:00:00,11772.82,TXN-0000990,virement
agence,CPT-00203,2025-07-20T00:00:00,29327.95,TXN-0000991,retrait
agence,CPT-00023,2025-05-15T00:00:00,42991.71,TXN-0000992,remboursement
agence,CPT-00152,2024-10-12T00:00:00,42012.46,TXN-0000993,remboursement
agence,CPT-00187,2024-09-09T00:00:00,37072.76,TXN-0000994,remboursement
agence,CPT-00084,2025-08-28T00:00:00,29393.88,TXN-0000995,remboursement
agence,CPT-00234,2024-02-15T00:00:00,21470.82,TXN-0000996,dépôt
mobile_money,CPT-00121,2025-02-07T00:00:00,21859.18,TXN-0000997,dépôt
agence,CPT-00208,2024-09-03T00:00:00,23169.63,TXN-0000998,dépôt
agence,CPT-00143,2025-02-20T00:00:00,34964.83,TXN-0000999,dépôt
agence,CPT-00034,2025-10-25T00:00:00,15493.73,TXN-0001000,virement
mobile_money,CPT-00005,2024-06-14T00:00:00,33782.74,TXN-0001001,remboursement
agence,CPT-00220,2025-04-19T00:00:00,48844.62,TXN-0001002,dépôt
mobile_money,CPT-00224,2025-01-14T00:00:00,10062.34,TXN-0001003,remboursement
mobile_money,CPT-00181,2024-03-13T00:00:00,43158.75,TXN-0001004,dépôt
mobile_money,CPT-00229,2024-10-30T00:00:00,27015.1,TXN-0001005,virement
agence,CPT-00193,2025-09-19T00:00:00,35204.69,TXN-0001006,virement
agence,CPT-00202,2024-12-09T00:00:00,31402.31,TXN-0001007,dépôt
mobile_money,CPT-00132,2024-04-23T00:00:00,44510.92,TXN-0001008,virement
mobile_money,CPT-00094,2025-01-09T00:00:00,31337.54,TXN-0001009,remboursement
agence,CPT-00045,2024-07-28T00:00:00,28477.15,TXN-0001010,dépôt
mobile_money,CPT-00086,2025-10-26T00:00:00,27442.06,TXN-0001011,retrait
agence,CPT-00189,2026-02-18T00:00:00,37905.5,TXN-0001012,retrait
mobile_money,CPT-00083,2025-05-30T00:00:00,44998.72,TXN-0001013,virement
mobile_money,CPT-00071,2024-12-19T00:00:00,4105.09,TXN-0001014,dépôt
mobile_money,CPT-00125,2025-06-28T00:00:00,24038.03,TXN-0001015,dépôt
agence,CPT-00116,2025-12-10T00:00:00,40195.29,TXN-0001016,virement
agence,CPT-00049,2025-02-04T00:00:00,5278.13,TXN-0001017,remboursement
agence,CPT-00074,2024-10-09T00:00:00,6358.88,TXN-0001018,dépôt
agence,CPT-00179,2024-07-28T00:00:00,25320.11,TXN-0001019,retrait
agence,CPT-00076,2025-07-08T00:00:00,48509.16,TXN-0001020,remboursement
agence,CPT-00122,2026-01-25T00:00:00,21586.37,TXN-0001021,virement
mobile_money,CPT-00075,2024-08-25T00:00:00,4084.53,TXN-0001022,retrait
mobile_money,CPT-00106,2024-11-30T00:00:00,33132.26,TXN-0001023,virement
agence,CPT-00152,2025-08-03T00:00:00,23442.35,TXN-0001024,remboursement
agence,CPT-00230,2024-09-23T00:00:00,9415.12,TXN-0001025,virement
agence,CPT-00124,2026-02-27T00:00:00,48565.48,TXN-0001026,virement
agence,CPT-00038,2024-06-19T00:00:00,14934.72,TXN-0001027,virement
agence,CPT-00183,2024-06-28T00:00:00,9931.75,TXN-0001028,virement
agence,CPT-00042,2024-11-20T00:00:00,6728.95,TXN-0001029,retrait
agence,CPT-00113,2024-07-29T00:00:00,19113.94,TXN-0001030,virement
mobile_money,CPT-00171,2024-05-31T00:00:00,48923.11,TXN-0001031,virement
agence,CPT-00115,2024-05-04T00:00:00,27148.5,TXN-0001032,retrait
mobile_money,CPT-00104,2025-04-14T00:00:00,38657.39,TXN-0001033,remboursement
mobile_money,CPT-00040,2025-07-13T00:00:00,48537.36,TXN-0001034,dépôt
agence,CPT-00166,2024-10-23T00:00:00,24221.62,TXN-0001035,virement
mobile_money,CPT-00205,2024-04-25T00:00:00,17595.54,TXN-0001036,remboursement
agence,CPT-00231,2025-07-18T00:00:00,7831.74,TXN-0001037,dépôt
mobile_money,CPT-00079,2024-08-13T00:00:00,20679.87,TXN-0001038,dépôt
agence,CPT-00092,2025-09-14T00:00:00,16991.96,TXN-0001039,dépôt
mobile_money,CPT-00150,2026-02-24T00:00:00,39282.88,TXN-0001040,retrait
agence,CPT-00051,2025-04-01T00:00:00,5095.89,TXN-0001041,dépôt
agence,CPT-00250,2024-11-21T00:00:00,10528.05,TXN-0001042,remboursement
mobile_money,CPT-00233,2026-01-03T00:00:00,20480.34,TXN-0001043,virement
mobile_money,CPT-00095,2024-10-18T00:00:00,19268.73,TXN-0001044,remboursement
agence,CPT-00090,2025-07-28T00:00:00,48898.66,TXN-0001045,virement
mobile_money,CPT-00056,2025-03-01T00:00:00,37334.86,TXN-0001046,remboursement
mobile_money,CPT-00074,2025-03-10T00:00:00,40477.97,TXN-0001047,retrait
mobile_money,CPT-00036,2024-11-06T00:00:00,8038.32,TXN-0001048,dépôt
mobile_money,CPT-00223,2025-08-27T00:00:00,4239.67,TXN-0001049,virement
mobile_money,CPT-00023,2024-10-06T00:00:00,21063.57,TXN-0001050,dépôt
agence,CPT-00045,2026-02-12T00:00:00,35802.1,TXN-0001051,remboursement
mobile_money,CPT-00052,2024-10-23T00:00:00,41781.9,TXN-0001052,retrait
mobile_money,CPT-00011,2024-11-07T00:00:00,41894.67,TXN-0001053,virement
agence,CPT-00144,2024-01-03T00:00:00,12001.49,TXN-0001054,remboursement
mobile_money,CPT-00068,2025-10-13T00:00:00,47845.3,TXN-0001055,virement
agence,CPT-00032,2025-05-18T00:00:00,21440.68,TXN-0001056,virement
agence,CPT-00008,2025-05-19T00:00:00,38471.2,TXN-0001057,dépôt
mobile_money,CPT-00154,2025-08-02T00:00:00,29472.22,TXN-0001058,virement
agence,CPT-00223,2025-05-02T00:00:00,31771.81,TXN-0001059,virement
agence,CPT-00096,2024-06-15T00:00:00,42418.72,TXN-0001060,dépôt
agence,CPT-00038,2025-12-10T00:00:00,23591.15,TXN-0001061,virement
mobile_money,CPT-00092,2025-01-04T00:00:00,3591.53,TXN-0001062,retrait
agence,CPT-00163,2024-10-25T00:00:00,3387.03,TXN-0001063,virement
agence,CPT-00132,2024-07-06T00:00:00,38555.68,TXN-0001064,retrait
mobile_money,CPT-00154,2024-11-19T00:00:00,27641.9,TXN-0001065,retrait
mobile_money,CPT-00070,2025-08-16T00:00:00,5695.84,TXN-0001066,virement
mobile_money,CPT-00211,2025-06-14T00:00:00,1631.99,TXN-0001067,retrait
agence,CPT-00096,2024-06-15T00:00:00,21187.73,TXN-0001068,remboursement
agence,CPT-00056,2024-07-11T00:00:00,25665.76,TXN-0001069,retrait
agence,CPT-00107,2024-04-29T00:00:00,45885.53,TXN-0001070,remboursement
mobile_money,CPT-00237,2024-11-15T00:00:00,24496.39,TXN-0001071,dépôt
mobile_money,CPT-00036,2025-09-03T00:00:00,44596.59,TXN-0001072,remboursement
agence,CPT-00045,2024-05-01T00:00:00,2409.22,TXN-0001073,virement
agence,CPT-00033,2024-11-10T00:00:00,34714.31,TXN-0001074,retrait
agence,CPT-00054,2025-03-11T00:00:00,49074.37,TXN-0001075,retrait
mobile_money,CPT-00020,2026-02-14T00:00:00,38959.92,TXN-0001076,dépôt
agence,CPT-00011,2025-11-06T00:00:00,6283.05,TXN-0001077,retrait
agence,CPT-00121,2024-02-14T00:00:00,45517.94,TXN-0001078,dépôt
agence,CPT-00078,2024-05-06T00:00:00,37972.96,TXN-0001079,dépôt
agence,CPT-00151,2024-12-25T00:00:00,10054.31,TXN-0001080,retrait
mobile_money,CPT-00024,2024-10-11T00:00:00,42447.21,TXN-0001081,retrait
agence,CPT-00091,2026-01-16T00:00:00,42901.77,TXN-0001082,retrait
agence,CPT-00130,2025-08-15T00:00:00,5856.18,TXN-0001083,dépôt
agence,CPT-00136,2024-10-15T00:00:00,36074.77,TXN-0001084,retrait
agence,CPT-00231,2024-04-11T00:00:00,48705.42,TXN-0001085,dépôt
agence,CPT-00236,2025-08-26T00:00:00,18956.69,TXN-0001086,remboursement
mobile_money,CPT-00113,2024-12-29T00:00:00,9861.58,TXN-0001087,dépôt
agence,CPT-00109,2025-02-21T00:00:00,26198.3,TXN-0001088,retrait
agence,CPT-00195,2024-04-22T00:00:00,7057.15,TXN-0001089,virement
agence,CPT-00127,2025-07-24T00:00:00,35531.81,TXN-0001090,virement
mobile_money,CPT-00022,2025-01-29T00:00:00,25191.93,TXN-0001091,virement
agence,CPT-00117,2025-03-30T00:00:00,34665.28,TXN-0001092,virement
agence,CPT-00142,2025-03-14T00:00:00,15238.88,TXN-0001093,remboursement
mobile_money,CPT-00220,2025-05-02T00:00:00,44842.98,TXN-0001094,dépôt
agence,CPT-00046,2025-05-18T00:00:00,49937.44,TXN-0001095,dépôt
agence,CPT-00102,2025-11-23T00:00:00,26610.46,TXN-0001096,remboursement
agence,CPT-00031,2025-12-12T00:00:00,20345.76,TXN-0001097,retrait
mobile_money,CPT-00190,2024-07-22T00:00:00,4170.81,TXN-0001098,retrait
mobile_money,CPT-00052,2025-03-10T00:00:00,7015.35,TXN-0001099,remboursement
mobile_money,CPT-00072,2025-10-21T00:00:00,38058.84,TXN-0001100,virement
mobile_money,CPT-00092,2025-02-18T00:00:00,33667.17,TXN-0001101,remboursement
agence,CPT-00131,2025-04-10T00:00:00,8221.33,TXN-0001102,virement
agence,CPT-00032,2024-08-24T00:00:00,24977.73,TXN-0001103,virement
mobile_money,CPT-00008,2024-03-10T00:00:00,37152.12,TXN-0001104,dépôt
mobile_money,CPT-00174,2025-01-26T00:00:00,48631.55,TXN-0001105,dépôt
agence,CPT-00040,2024-04-08T00:00:00,31476.37,TXN-0001106,virement
mobile_money,CPT-00170,2024-07-25T00:00:00,39843.84,TXN-0001107,remboursement
mobile_money,CPT-00170,2024-09-24T00:00:00,25022.27,TXN-0001108,remboursement
mobile_money,CPT-00208,2024-02-02T00:00:00,47676.44,TXN-0001109,dépôt
mobile_money,CPT-00226,2024-11-18T00:00:00,19797.86,TXN-0001110,dépôt
mobile_money,CPT-00114,2024-06-30T00:00:00,2763.07,TXN-0001111,remboursement
mobile_money,CPT-00227,2024-05-17T00:00:00,25082.5,TXN-0001112,retrait
mobile_money,CPT-00184,2024-04-22T00:00:00,24885.29,TXN-0001113,remboursement
agence,CPT-00169,2024-06-09T00:00:00,24319.64,TXN-0001114,remboursement
mobile_money,CPT-00101,2025-01-21T00:00:00,25239.87,TXN-0001115,virement
agence,CPT-00197,2024-01-29T00:00:00,16703.66,TXN-0001116,virement
agence,CPT-00033,2026-01-29T00:00:00,18094.96,TXN-0001117,virement
mobile_money,CPT-00196,2025-03-14T00:00:00,19648.1,TXN-0001118,virement
agence,CPT-00092,2025-11-08T00:00:00,18212.19,TXN-0001119,remboursement
agence,CPT-00064,2025-08-29T00:00:00,32756.06,TXN-0001120,retrait
mobile_money,CPT-00234,2024-04-27T00:00:00,43578.06,TXN-0001121,dépôt
mobile_money,CPT-00044,2024-02-08T00:00:00,27382.42,TXN-0001122,dépôt
mobile_money,CPT-00169,2025-03-07T00:00:00,28834.42,TXN-0001123,remboursement
mobile_money,CPT-00006,2024-11-20T00:00:00,29811.47,TXN-0001124,remboursement
mobile_money,CPT-00147,2024-04-10T00:00:00,16798.65,TXN-0001125,remboursement
mobile_money,CPT-00026,2025-05-29T00:00:00,17462.41,TXN-0001126,retrait
agence,CPT-00043,2025-03-22T00:00:00,18803.38,TXN-0001127,virement
agence,CPT-00128,2025-07-02T00:00:00,42178.64,TXN-0001128,dépôt
mobile_money,CPT-00074,2025-08-10T00:00:00,3329.04,TXN-0001129,virement
agence,CPT-00206,2024-04-04T00:00:00,31604.04,TXN-0001130,retrait
mobile_money,CPT-00152,2025-08-03T00:00:00,14394.88,TXN-0001131,virement
mobile_money,CPT-00110,2024-03-19T00:00:00,18018.51,TXN-0001132,retrait
mobile_money,CPT-00130,2025-07-06T00:00:00,22212.61,TXN-0001133,virement
mobile_money,CPT-00052,2025-10-01T00:00:00,20712.75,TXN-0001134,remboursement
agence,CPT-00172,2025-10-04T00:00:00,44163.93,TXN-0001135,retrait
mobile_money,CPT-00148,2026-01-30T00:00:00,11434.69,TXN-0001136,remboursement
agence,CPT-00069,2026-01-14T00:00:00,46797.16,TXN-0001137,remboursement
agence,CPT-00134,2024-05-31T00:00:00,18849.46,TXN-0001138,retrait
mobile_money,CPT-00039,2025-02-24T00:00:00,42361.98,TXN-0001139,virement
mobile_money,CPT-00221,2025-02-26T00:00:00,32062.45,TXN-0001140,dépôt
agence,CPT-00211,2024-09-19T00:00:00,32656.09,TXN-0001141,virement
agence,CPT-00104,2024-07-15T00:00:00,6564.37,TXN-0001142,retrait
mobile_money,CPT-00063,2025-07-27T00:00:00,23743.83,TXN-0001143,virement
agence,CPT-00109,2024-10-06T00:00:00,10897.53,TXN-0001144,dépôt
agence,CPT-00008,2024-10-11T00:00:00,39693.82,TXN-0001145,virement
agence,CPT-00165,2025-05-12T00:00:00,48225.56,TXN-0001146,dépôt
agence,CPT-00015,2024-11-01T00:00:00,16381.33,TXN-0001147,dépôt
agence,CPT-00231,2025-11-18T00:00:00,44941.89,TXN-0001148,remboursement
agence,CPT-00102,2025-08-07T00:00:00,12566.02,TXN-0001149,retrait
agence,CPT-00134,2024-04-02T00:00:00,25326.1,TXN-0001150,virement
mobile_money,CPT-00154,2024-11-16T00:00:00,38886.35,TXN-0001151,dépôt
agence,CPT-00214,2026-01-31T00:00:00,40486.24,TXN-0001152,remboursement
agence,CPT-00240,2024-04-19T00:00:00,11682.41,TXN-0001153,remboursement
agence,CPT-00055,2024-09-17T00:00:00,22534.3,TXN-0001154,virement
mobile_money,CPT-00126,2024-04-25T00:00:00,35281.27,TXN-0001155,virement
mobile_money,CPT-00140,2024-09-09T00:00:00,24267.85,TXN-0001156,remboursement
mobile_money,CPT-00226,2026-01-02T00:00:00,18786.9,TXN-0001157,retrait
agence,CPT-00211,2025-09-12T00:00:00,2032.64,TXN-0001158,virement
agence,CPT-00216,2025-11-18T00:00:00,34843.44,TXN-0001159,dépôt
mobile_money,CPT-00065,2025-12-18T00:00:00,16154.16,TXN-0001160,remboursement
mobile_money,CPT-00232,2024-08-30T00:00:00,27210.62,TXN-0001161,dépôt
mobile_money,CPT-00100,2025-02-06T00:00:00,45579.67,TXN-0001162,dépôt
agence,CPT-00078,2026-02-13T00:00:00,46879.8,TXN-0001163,dépôt
mobile_money,CPT-00077,2024-06-13T00:00:00,43111.42,TXN-0001164,retrait
mobile_money,CPT-00162,2026-02-24T00:00:00,44093.9,TXN-0001165,virement
mobile_money,CPT-00203,2024-03-23T00:00:00,14427.79,TXN-0001166,dépôt
mobile_money,CPT-00121,2024-12-06T00:00:00,46398.36,TXN-0001167,remboursement
mobile_money,CPT-00225,2025-12-16T00:00:00,41395.64,TXN-0001168,dépôt
mobile_money,CPT-00130,2025-09-08T00:00:00,18240.96,TXN-0001169,dépôt
agence,CPT-00117,2025-10-18T00:00:00,38336.8,TXN-0001170,dépôt
agence,CPT-00162,2024-05-19T00:00:00,39759.95,TXN-0001171,remboursement
agence,CPT-00103,2024-11-17T00:00:00,31786.52,TXN-0001172,retrait
agence,CPT-00029,2025-12-31T00:00:00,13230.57,TXN-0001173,retrait
mobile_money,CPT-00217,2024-11-23T00:00:00,39839.47,TXN-0001174,remboursement
mobile_money,CPT-00123,2025-12-04T00:00:00,13773.31,TXN-0001175,retrait
mobile_money,CPT-00205,2025-02-28T00:00:00,10734.52,TXN-0001176,virement
agence,CPT-00047,2025-08-07T00:00:00,43943.11,TXN-0001177,remboursement
agence,CPT-00006,2025-10-24T00:00:00,46232.51,TXN-0001178,dépôt
mobile_money,CPT-00233,2024-07-22T00:00:00,48732.25,TXN-0001179,dépôt
mobile_money,CPT-00180,2025-09-24T00:00:00,3439.37,TXN-0001180,retrait
agence,CPT-00154,2025-01-11T00:00:00,8313.31,TXN-0001181,virement
mobile_money,CPT-00243,2025-06-22T00:00:00,1691.63,TXN-0001182,dépôt
agence,CPT-00198,2025-05-21T00:00:00,41535.62,TXN-0001183,remboursement
mobile_money,CPT-00058,2024-09-29T00:00:00,10336.66,TXN-0001184,retrait
agence,CPT-00192,2025-03-17T00:00:00,19721.6,TXN-0001185,remboursement
agence,CPT-00154,2024-10-16T00:00:00,49765.17,TXN-0001186,retrait
agence,CPT-00108,2024-05-29T00:00:00,21017.68,TXN-0001187,retrait
agence,CPT-00075,2025-04-06T00:00:00,12538.8,TXN-0001188,virement
agence,CPT-00095,2025-04-25T00:00:00,5201.2,TXN-0001189,remboursement
agence,CPT-00224,2025-02-11T00:00:00,48745.56,TXN-0001190,virement
mobile_money,CPT-00183,2026-01-23T00:00:00,35714.21,TXN-0001191,remboursement
mobile_money,CPT-00019,2024-02-23T00:00:00,28293.0,TXN-0001192,dépôt
agence,CPT-00239,2024-12-28T00:00:00,24075.69,TXN-0001193,retrait
mobile_money,CPT-00002,2025-01-25T00:00:00,25722.56,TXN-0001194,virement
agence,CPT-00102,2025-07-26T00:00:00,7479.67,TXN-0001195,virement
mobile_money,CPT-00149,2025-05-30T00:00:00,13754.29,TXN-0001196,retrait
agence,CPT-00239,2024-05-15T00:00:00,44016.94,TXN-0001197,virement
mobile_money,CPT-00082,2024-04-29T00:00:00,7947.99,TXN-0001198,remboursement
mobile_money,CPT-00012,2024-10-14T00:00:00,25461.32,TXN-0001199,retrait
mobile_money,CPT-00238,2024-09-26T00:00:00,14863.35,TXN-0001200,remboursement
mobile_money,CPT-00133,2024-06-17T00:00:00,22352.99,TXN-0001201,virement
mobile_money,CPT-00189,2024-06-03T00:00:00,38420.1,TXN-0001202,remboursement
agence,CPT-00014,2024-08-23T00:00:00,8282.42,TXN-0001203,retrait
mobile_money,CPT-00010,2025-12-23T00:00:00,13750.97,TXN-0001204,remboursement
agence,CPT-00112,2025-05-21T00:00:00,49764.89,TXN-0001205,dépôt
mobile_money,CPT-00114,2025-07-28T00:00:00,49452.11,TXN-0001206,virement
agence,CPT-00118,2026-01-07T00:00:00,6512.05,TXN-0001207,remboursement
agence,CPT-00032,2024-10-17T00:00:00,5585.32,TXN-0001208,virement
agence,CPT-00214,2024-10-06T00:00:00,37746.9,TXN-0001209,retrait
agence,CPT-00150,2025-08-07T00:00:00,26774.75,TXN-0001210,dépôt
agence,CPT-00107,2025-05-25T00:00:00,13061.71,TXN-0001211,dépôt
agence,CPT-00228,2025-11-28T00:00:00,2272.15,TXN-0001212,virement
mobile_money,CPT-00101,2024-04-18T00:00:00,29926.59,TXN-0001213,virement
mobile_money,CPT-00040,2025-12-25T00:00:00,4972.1,TXN-0001214,dépôt
mobile_money,CPT-00117,2024-01-06T00:00:00,30116.01,TXN-0001215,virement
mobile_money,CPT-00249,2025-04-08T00:00:00,33152.47,TXN-0001216,dépôt
mobile_money,CPT-00243,2024-02-19T00:00:00,11356.98,TXN-0001217,retrait
mobile_money,CPT-00083,2025-07-14T00:00:00,37446.2,TXN-0001218,dépôt
mobile_money,CPT-00024,2024-09-02T00:00:00,13503.03,TXN-0001219,remboursement
mobile_money,CPT-00023,2024-06-15T00:00:00,42764.95,TXN-0001220,dépôt
agence,CPT-00200,2026-02-09T00:00:00,14961.86,TXN-0001221,remboursement
mobile_money,CPT-00031,2025-03-18T00:00:00,25051.41,TXN-0001222,virement
mobile_money,CPT-00232,2024-04-08T00:00:00,18593.17,TXN-0001223,retrait
mobile_money,CPT-00132,2025-02-01T00:00:00,24991.53,TXN-0001224,retrait
mobile_money,CPT-00069,2025-03-08T00:00:00,5420.9,TXN-0001225,remboursement
agence,CPT-00158,2025-03-12T00:00:00,22271.19,TXN-0001226,retrait
agence,CPT-00011,2025-11-23T00:00:00,48690.32,TXN-0001227,virement
agence,CPT-00166,2025-06-23T00:00:00,46602.71,TXN-0001228,retrait
mobile_money,CPT-00075,2025-05-04T00:00:00,22430.42,TXN-0001229,remboursement
agence,CPT-00039,2024-11-03T00:00:00,34531.38,TXN-0001230,retrait
agence,CPT-00134,2024-02-18T00:00:00,15478.6,TXN-0001231,remboursement
mobile_money,CPT-00235,2025-06-06T00:00:00,26157.31,TXN-0001232,dépôt
mobile_money,CPT-00106,2026-01-07T00:00:00,23768.17,TXN-0001233,dépôt
agence,CPT-00091,2026-02-26T00:00:00,29692.83,TXN-0001234,virement
mobile_money,CPT-00030,2024-07-05T00:00:00,9798.06,TXN-0001235,remboursement
mobile_money,CPT-00012,2025-12-22T00:00:00,21396.33,TXN-0001236,dépôt
mobile_money,CPT-00081,2025-04-05T00:00:00,38110.36,TXN-0001237,remboursement
mobile_money,CPT-00088,2024-03-21T00:00:00,11342.35,TXN-0001238,retrait
agence,CPT-00224,2024-01-19T00:00:00,22256.15,TXN-0001239,dépôt
mobile_money,CPT-00102,2025-11-02T00:00:00,1651.93,TXN-0001240,dépôt
mobile_money,CPT-00118,2026-02-01T00:00:00,43570.25,TXN-0001241,remboursement
mobile_money,CPT-00078,2025-12-07T00:00:00,34842.45,TXN-0001242,virement
agence,CPT-00206,2024-05-18T00:00:00,5294.12,TXN-0001243,virement
agence,CPT-00049,2025-12-13T00:00:00,40982.44,TXN-0001244,dépôt
agence,CPT-00220,2025-10-26T00:00:00,11252.24,TXN-0001245,dépôt
agence,CPT-00167,2025-10-03T00:00:00,22353.64,TXN-0001246,retrait
mobile_money,CPT-00023,2024-05-31T00:00:00,38716.34,TXN-0001247,virement
mobile_money,CPT-00109,2024-06-05T00:00:00,6706.48,TXN-0001248,dépôt
agence,CPT-00247,2025-04-05T00:00:00,24102.97,TXN-0001249,remboursement
agence,CPT-00052,2025-02-05T00:00:00,28902.09,TXN-0001250,virement
mobile_money,CPT-00086,2025-12-31T00:00:00,6030.51,TXN-0001251,dépôt
mobile_money,CPT-00107,2025-09-02T00:00:00,37116.84,TXN-0001252,remboursement
mobile_money,CPT-00010,2025-06-09T00:00:00,20584.34,TXN-0001253,remboursement
mobile_money,CPT-00060,2025-03-08T00:00:00,26887.13,TXN-0001254,dépôt
mobile_money,CPT-00142,2025-10-25T00:00:00,14124.59,TXN-0001255,dépôt
mobile_money,CPT-00228,2025-09-29T00:00:00,6730.1,TXN-0001256,remboursement
agence,CPT-00115,2024-10-21T00:00:00,2019.54,TXN-0001257,remboursement
agence,CPT-00121,2025-06-03T00:00:00,22467.42,TXN-0001258,virement
mobile_money,CPT-00151,2026-01-02T00:00:00,46165.04,TXN-0001259,virement
mobile_money,CPT-00034,2025-02-03T00:00:00,36426.76,TXN-0001260,virement
agence,CPT-00214,2024-06-14T00:00:00,40002.66,TXN-0001261,virement
agence,CPT-00073,2024-05-12T00:00:00,33685.77,TXN-0001262,dépôt
mobile_money,CPT-00052,2024-04-13T00:00:00,30681.7,TXN-0001263,retrait
agence,CPT-00242,2024-08-02T00:00:00,15878.94,TXN-0001264,remboursement
agence,CPT-00005,2024-12-31T00:00:00,44164.4,TXN-0001265,virement
mobile_money,CPT-00045,2024-12-11T00:00:00,40533.96,TXN-0001266,dépôt
mobile_money,CPT-00030,2024-08-17T00:00:00,6913.71,TXN-0001267,retrait
agence,CPT-00067,2026-02-26T00:00:00,39459.4,TXN-0001268,virement
agence,CPT-00198,2025-12-07T00:00:00,44919.57,TXN-0001269,virement
mobile_money,CPT-00181,2025-03-24T00:00:00,46404.97,TXN-0001270,dépôt
agence,CPT-00247,2025-09-17T00:00:00,48758.33,TXN-0001271,dépôt
agence,CPT-00211,2024-06-20T00:00:00,25857.98,TXN-0001272,dépôt
mobile_money,CPT-00223,2024-06-09T00:00:00,45638.3,TXN-0001273,retrait
agence,CPT-00182,2025-05-25T00:00:00,38336.27,TXN-0001274,remboursement
agence,CPT-00040,2024-05-21T00:00:00,17395.77,TXN-0001275,virement
agence,CPT-00218,2025-03-01T00:00:00,22516.31,TXN-0001276,retrait
agence,CPT-00063,2025-06-01T00:00:00,17724.68,TXN-0001277,remboursement
mobile_money,CPT-00022,2026-02-11T00:00:00,19249.38,TXN-0001278,virement
mobile_money,CPT-00093,2026-02-10T00:00:00,8428.95,TXN-0001279,retrait
mobile_money,CPT-00202,2025-03-15T00:00:00,7761.72,TXN-0001280,retrait
mobile_money,CPT-00236,2025-06-12T00:00:00,45005.2,TXN-0001281,remboursement
agence,CPT-00242,2026-02-27T00:00:00,22686.36,TXN-0001282,dépôt
mobile_money,CPT-00184,2024-11-18T00:00:00,5154.13,TXN-0001283,dépôt
agence,CPT-00198,2025-02-06T00:00:00,22269.54,TXN-0001284,retrait
mobile_money,CPT-00170,2024-02-29T00:00:00,45223.05,TXN-0001285,retrait
mobile_money,CPT-00108,2025-12-18T00:00:00,44403.36,TXN-0001286,remboursement
mobile_money,CPT-00185,2024-01-09T00:00:00,45552.31,TXN-0001287,virement
agence,CPT-00231,2025-04-01T00:00:00,35314.46,TXN-0001288,retrait
mobile_money,CPT-00228,2025-10-26T00:00:00,35176.08,TXN-0001289,remboursement
agence,CPT-00199,2024-03-27T00:00:00,44167.76,TXN-0001290,retrait
agence,CPT-00138,2026-01-06T00:00:00,20109.68,TXN-0001291,virement
mobile_money,CPT-00134,2025-06-07T00:00:00,11472.99,TXN-0001292,virement
agence,CPT-00134,2024-06-12T00:00:00,38095.27,TXN-0001293,virement
mobile_money,CPT-00008,2024-11-07T00:00:00,12825.65,TXN-0001294,virement
mobile_money,CPT-00130,2025-01-16T00:00:00,36867.32,TXN-0001295,dépôt
agence,CPT-00161,2026-02-13T00:00:00,7066.84,TXN-0001296,virement
mobile_money,CPT-00115,2024-01-06T00:00:00,29049.33,TXN-0001297,virement
agence,CPT-00087,2025-08-18T00:00:00,40463.99,TXN-0001298,retrait
agence,CPT-00090,2026-01-02T00:00:00,14942.24,TXN-0001299,virement
agence,CPT-00183,2024-09-10T00:00:00,26463.67,TXN-0001300,remboursement
mobile_money,CPT-00084,2025-01-04T00:00:00,41319.29,TXN-0001301,retrait
agence,CPT-00026,2025-02-25T00:00:00,35870.38,TXN-0001302,retrait
mobile_money,CPT-00024,2024-05-13T00:00:00,21819.45,TXN-0001303,dépôt
mobile_money,CPT-00055,2025-11-24T00:00:00,4825.56,TXN-0001304,remboursement
mobile_money,CPT-00151,2025-08-21T00:00:00,43728.72,TXN-0001305,remboursement
mobile_money,CPT-00163,2025-12-06T00:00:00,49829.08,TXN-0001306,remboursement
agence,CPT-00188,2024-05-27T00:00:00,41366.78,TXN-0001307,remboursement
agence,CPT-00125,2025-12-22T00:00:00,7339.87,TXN-0001308,remboursement
agence,CPT-00178,2024-02-03T00:00:00,23316.19,TXN-0001309,retrait
mobile_money,CPT-00242,2024-05-01T00:00:00,46163.17,TXN-0001310,virement
agence,CPT-00029,2024-10-23T00:00:00,19109.71,TXN-0001311,dépôt
mobile_money,CPT-00134,2024-11-08T00:00:00,6769.37,TXN-0001312,retrait
agence,CPT-00078,2024-05-26T00:00:00,24810.35,TXN-0001313,virement
mobile_money,CPT-00201,2024-11-08T00:00:00,3383.9,TXN-0001314,remboursement
agence,CPT-00056,2025-05-15T00:00:00,41137.13,TXN-0001315,retrait
mobile_money,CPT-00032,2024-02-15T00:00:00,4310.66,TXN-0001316,virement
mobile_money,CPT-00124,2024-12-11T00:00:00,28722.43,TXN-0001317,virement
mobile_money,CPT-00122,2025-05-31T00:00:00,38335.61,TXN-0001318,retrait
mobile_money,CPT-00195,2024-06-01T00:00:00,33693.82,TXN-0001319,remboursement
mobile_money,CPT-00023,2025-02-08T00:00:00,19974.52,TXN-0001320,remboursement
mobile_money,CPT-00139,2025-03-29T00:00:00,47945.9,TXN-0001321,dépôt
agence,CPT-00166,2025-12-25T00:00:00,43431.73,TXN-0001322,dépôt
agence,CPT-00147,2024-05-06T00:00:00,28491.17,TXN-0001323,virement
agence,CPT-00050,2025-06-18T00:00:00,47907.35,TXN-0001324,dépôt
agence,CPT-00193,2024-01-20T00:00:00,25629.3,TXN-0001325,remboursement
agence,CPT-00169,2024-10-08T00:00:00,48156.46,TXN-0001326,retrait
mobile_money,CPT-00063,2025-06-30T00:00:00,5147.75,TXN-0001327,remboursement
mobile_money,CPT-00103,2024-01-24T00:00:00,25082.18,TXN-0001328,dépôt
mobile_money,CPT-00112,2025-06-24T00:00:00,21331.88,TXN-0001329,retrait
agence,CPT-00098,2024-04-11T00:00:00,5460.23,TXN-0001330,virement
agence,CPT-00074,2026-02-25T00:00:00,9950.78,TXN-0001331,retrait
agence,CPT-00040,2025-11-25T00:00:00,47656.07,TXN-0001332,virement
agence,CPT-00016,2025-12-31T00:00:00,9891.43,TXN-0001333,virement
mobile_money,CPT-00077,2024-05-25T00:00:00,5838.47,TXN-0001334,remboursement
agence,CPT-00229,2024-05-03T00:00:00,13638.78,TXN-0001335,virement
agence,CPT-00052,2025-08-23T00:00:00,37854.55,TXN-0001336,retrait
agence,CPT-00127,2024-10-02T00:00:00,47518.5,TXN-0001337,remboursement
mobile_money,CPT-00082,2024-03-08T00:00:00,28102.93,TXN-0001338,remboursement
mobile_money,CPT-00008,2024-01-20T00:00:00,32043.52,TXN-0001339,remboursement
agence,CPT-00142,2025-07-22T00:00:00,13069.49,TXN-0001340,dépôt
agence,CPT-00078,2025-10-13T00:00:00,22853.13,TXN-0001341,remboursement
agence,CPT-00201,2024-06-21T00:00:00,19291.96,TXN-0001342,retrait
mobile_money,CPT-00138,2025-07-22T00:00:00,48106.25,TXN-0001343,remboursement
mobile_money,CPT-00011,2025-09-27T00:00:00,40819.54,TXN-0001344,dépôt
mobile_money,CPT-00168,2025-05-08T00:00:00,1026.6,TXN-0001345,retrait
mobile_money,CPT-00154,2025-01-24T00:00:00,42134.9,TXN-0001346,virement
mobile_money,CPT-00216,2025-06-06T00:00:00,29672.8,TXN-0001347,retrait
agence,CPT-00012,2025-07-30T00:00:00,37219.96,TXN-0001348,retrait
agence,CPT-00077,2024-05-05T00:00:00,20369.94,TXN-0001349,dépôt
mobile_money,CPT-00186,2024-08-03T00:00:00,44035.69,TXN-0001350,virement
mobile_money,CPT-00227,2026-02-09T00:00:00,32123.32,TXN-0001351,virement
mobile_money,CPT-00070,2024-11-25T00:00:00,33451.57,TXN-0001352,retrait
agence,CPT-00054,2024-12-02T00:00:00,47990.64,TXN-0001353,remboursement
mobile_money,CPT-00234,2024-01-03T00:00:00,32675.72,TXN-0001354,retrait
mobile_money,CPT-00002,2025-02-27T00:00:00,33962.61,TXN-0001355,dépôt
agence,CPT-00196,2025-10-26T00:00:00,27368.44,TXN-0001356,remboursement
mobile_money,CPT-00138,2025-11-18T00:00:00,44736.04,TXN-0001357,dépôt
mobile_money,CPT-00173,2025-01-20T00:00:00,18296.74,TXN-0001358,dépôt
agence,CPT-00100,2025-12-14T00:00:00,42118.14,TXN-0001359,retrait
mobile_money,CPT-00032,2024-07-16T00:00:00,19153.55,TXN-0001360,remboursement
mobile_money,CPT-00003,2026-02-15T00:00:00,37414.08,TXN-0001361,retrait
mobile_money,CPT-00175,2025-09-20T00:00:00,10384.07,TXN-0001362,virement
mobile_money,CPT-00207,2025-05-20T00:00:00,12478.64,TXN-0001363,retrait
agence,CPT-00010,2025-12-21T00:00:00,25149.06,TXN-0001364,virement
mobile_money,CPT-00002,2025-10-15T00:00:00,49228.91,TXN-0001365,retrait
agence,CPT-00029,2025-05-20T00:00:00,28886.01,TXN-0001366,virement
agence,CPT-00142,2025-08-02T00:00:00,33332.08,TXN-0001367,retrait
mobile_money,CPT-00017,2024-05-10T00:00:00,37552.7,TXN-0001368,retrait
mobile_money,CPT-00239,2026-01-16T00:00:00,44169.15,TXN-0001369,retrait
mobile_money,CPT-00050,2025-12-10T00:00:00,49605.62,TXN-0001370,dépôt
agence,CPT-00175,2025-03-13T00:00:00,1095.79,TXN-0001371,remboursement
mobile_money,CPT-00219,2025-02-20T00:00:00,22194.86,TXN-0001372,virement
agence,CPT-00032,2025-06-13T00:00:00,25283.16,TXN-0001373,remboursement
mobile_money,CPT-00227,2025-03-06T00:00:00,3301.27,TXN-0001374,retrait
agence,CPT-00081,2024-12-08T00:00:00,20201.09,TXN-0001375,dépôt
mobile_money,CPT-00226,2024-08-19T00:00:00,49522.97,TXN-0001376,dépôt
agence,CPT-00246,2024-07-20T00:00:00,45932.77,TXN-0001377,dépôt
agence,CPT-00085,2025-10-02T00:00:00,4079.36,TXN-0001378,virement
mobile_money,CPT-00008,2024-01-25T00:00:00,22165.5,TXN-0001379,remboursement
agence,CPT-00216,2025-04-29T00:00:00,13110.52,TXN-0001380,virement
agence,CPT-00246,2024-12-07T00:00:00,41793.36,TXN-0001381,virement
mobile_money,CPT-00242,2025-09-26T00:00:00,39011.72,TXN-0001382,dépôt
agence,CPT-00196,2025-08-15T00:00:00,31642.09,TXN-0001383,dépôt
mobile_money,CPT-00022,2025-01-21T00:00:00,45919.0,TXN-0001384,dépôt
mobile_money,CPT-00228,2024-03-04T00:00:00,39349.67,TXN-0001385,dépôt
agence,CPT-00015,2025-03-18T00:00:00,30926.19,TXN-0001386,virement
mobile_money,CPT-00027,2024-10-28T00:00:00,28403.64,TXN-0001387,dépôt
agence,CPT-00103,2025-02-24T00:00:00,31247.8,TXN-0001388,dépôt
mobile_money,CPT-00222,2025-04-20T00:00:00,23217.15,TXN-0001389,dépôt
agence,CPT-00226,2025-11-22T00:00:00,17641.21,TXN-0001390,dépôt
agence,CPT-00117,2024-04-20T00:00:00,29802.85,TXN-0001391,virement
agence,CPT-00004,2024-07-17T00:00:00,30051.44,TXN-0001392,dépôt
mobile_money,CPT-00164,2025-05-07T00:00:00,18414.17,TXN-0001393,virement
agence,CPT-00048,2024-02-15T00:00:00,7745.96,TXN-0001394,retrait
mobile_money,CPT-00033,2025-06-09T00:00:00,29641.59,TXN-0001395,virement
mobile_money,CPT-00080,2024-11-12T00:00:00,8223.04,TXN-0001396,retrait
agence,CPT-00075,2025-06-14T00:00:00,48543.28,TXN-0001397,virement
agence,CPT-00015,2025-07-26T00:00:00,25848.29,TXN-0001398,retrait
agence,CPT-00109,2024-07-24T00:00:00,10574.95,TXN-0001399,virement
mobile_money,CPT-00202,2025-11-14T00:00:00,17736.04,TXN-0001400,dépôt
mobile_money,CPT-00178,2024-12-05T00:00:00,30388.35,TXN-0001401,remboursement
agence,CPT-00158,2024-06-15T00:00:00,21516.07,TXN-0001402,virement
agence,CPT-00117,2024-01-04T00:00:00,25300.6,TXN-0001403,dépôt
agence,CPT-00178,2024-08-06T00:00:00,23860.3,TXN-0001404,retrait
agence,CPT-00124,2025-01-19T00:00:00,40556.29,TXN-0001405,virement
mobile_money,CPT-00103,2024-01-07T00:00:00,41478.13,TXN-0001406,retrait
agence,CPT-00003,2025-07-22T00:00:00,18536.45,TXN-0001407,dépôt
mobile_money,CPT-00037,2025-10-08T00:00:00,22580.0,TXN-0001408,virement
agence,CPT-00012,2024-10-17T00:00:00,10757.02,TXN-0001409,dépôt
agence,CPT-00057,2024-12-13T00:00:00,36223.0,TXN-0001410,virement
agence,CPT-00046,2024-09-25T00:00:00,2053.11,TXN-0001411,retrait
mobile_money,CPT-00006,2024-04-23T00:00:00,19567.22,TXN-0001412,retrait
mobile_money,CPT-00240,2024-09-02T00:00:00,15948.55,TXN-0001413,retrait
mobile_money,CPT-00208,2025-06-23T00:00:00,33384.53,TXN-0001414,virement
agence,CPT-00225,2024-05-13T00:00:00,6806.17,TXN-0001415,dépôt
mobile_money,CPT-00050,2024-11-21T00:00:00,35023.34,TXN-0001416,remboursement
agence,CPT-00163,2026-02-20T00:00:00,46129.67,TXN-0001417,retrait
agence,CPT-00219,2024-12-01T00:00:00,39689.8,TXN-0001418,virement
mobile_money,CPT-00014,2025-06-04T00:00:00,43769.72,TXN-0001419,virement
agence,CPT-00054,2025-11-10T00:00:00,39448.6,TXN-0001420,dépôt
mobile_money,CPT-00043,2025-10-22T00:00:00,37814.09,TXN-0001421,remboursement
mobile_money,CPT-00128,2025-12-30T00:00:00,9770.93,TXN-0001422,remboursement
mobile_money,CPT-00135,2025-05-21T00:00:00,36066.84,TXN-0001423,remboursement
agence,CPT-00069,2025-08-20T00:00:00,32267.17,TXN-0001424,remboursement
agence,CPT-00054,2025-04-07T00:00:00,44849.35,TXN-0001425,retrait
agence,CPT-00102,2025-01-21T00:00:00,15993.95,TXN-0001426,retrait
agence,CPT-00240,2024-03-27T00:00:00,13471.93,TXN-0001427,virement
mobile_money,CPT-00193,2025-06-15T00:00:00,15457.35,TXN-0001428,dépôt
mobile_money,CPT-00059,2025-09-28T00:00:00,23797.4,TXN-0001429,dépôt
mobile_money,CPT-00110,2025-02-22T00:00:00,23910.0,TXN-0001430,remboursement
agence,CPT-00206,2025-01-26T00:00:00,16534.0,TXN-0001431,remboursement
agence,CPT-00046,2025-10-22T00:00:00,12455.73,TXN-0001432,remboursement
agence,CPT-00092,2025-05-28T00:00:00,15431.37,TXN-0001433,dépôt
agence,CPT-00202,2024-04-10T00:00:00,46403.69,TXN-0001434,virement
mobile_money,CPT-00019,2024-07-24T00:00:00,2875.79,TXN-0001435,virement
mobile_money,CPT-00051,2026-02-02T00:00:00,13251.16,TXN-0001436,virement
mobile_money,CPT-00049,2026-02-09T00:00:00,49921.85,TXN-0001437,retrait
mobile_money,CPT-00003,2024-12-20T00:00:00,14810.42,TXN-0001438,virement
agence,CPT-00243,2026-02-14T00:00:00,41271.2,TXN-0001439,remboursement
agence,CPT-00121,2024-08-21T00:00:00,43407.84,TXN-0001440,retrait
mobile_money,CPT-00186,2025-06-12T00:00:00,24247.47,TXN-0001441,retrait
mobile_money,CPT-00185,2024-03-28T00:00:00,17692.32,TXN-0001442,remboursement
mobile_money,CPT-00217,2025-12-15T00:00:00,22010.86,TXN-0001443,retrait
agence,CPT-00054,2025-07-25T00:00:00,23048.62,TXN-0001444,remboursement
mobile_money,CPT-00096,2024-05-11T00:00:00,29297.91,TXN-0001445,retrait
mobile_money,CPT-00242,2025-11-05T00:00:00,25490.21,TXN-0001446,dépôt
mobile_money,CPT-00087,2025-12-03T00:00:00,21538.22,TXN-0001447,retrait
agence,CPT-00196,2024-01-24T00:00:00,16977.9,TXN-0001448,virement
mobile_money,CPT-00237,2024-12-04T00:00:00,8530.87,TXN-0001449,retrait
mobile_money,CPT-00098,2024-03-06T00:00:00,47485.94,TXN-0001450,retrait
mobile_money,CPT-00049,2025-08-06T00:00:00,6323.28,TXN-0001451,remboursement
agence,CPT-00164,2024-04-16T00:00:00,5568.83,TXN-0001452,virement
agence,CPT-00009,2024-07-22T00:00:00,2315.09,TXN-0001453,remboursement
mobile_money,CPT-00234,2024-08-26T00:00:00,14907.06,TXN-0001454,remboursement
agence,CPT-00169,2025-01-12T00:00:00,23278.52,TXN-0001455,dépôt
mobile_money,CPT-00044,2025-02-24T00:00:00,43125.66,TXN-0001456,virement
mobile_money,CPT-00041,2025-03-04T00:00:00,7327.75,TXN-0001457,dépôt
agence,CPT-00191,2024-07-30T00:00:00,20060.65,TXN-0001458,dépôt
mobile_money,CPT-00223,2025-12-27T00:00:00,16178.1,TXN-0001459,retrait
mobile_money,CPT-00041,2025-05-29T00:00:00,29787.11,TXN-0001460,virement
mobile_money,CPT-00071,2024-05-26T00:00:00,1364.72,TXN-0001461,retrait
mobile_money,CPT-00017,2024-09-09T00:00:00,30637.58,TXN-0001462,remboursement
agence,CPT-00234,2025-08-12T00:00:00,23550.02,TXN-0001463,remboursement
mobile_money,CPT-00189,2025-04-12T00:00:00,15107.68,TXN-0001464,dépôt
mobile_money,CPT-00180,2024-06-28T00:00:00,20163.43,TXN-0001465,virement
mobile_money,CPT-00064,2026-01-20T00:00:00,45098.27,TXN-0001466,retrait
agence,CPT-00118,2024-07-06T00:00:00,45630.82,TXN-0001467,remboursement
mobile_money,CPT-00101,2024-06-10T00:00:00,12745.07,TXN-0001468,dépôt
agence,CPT-00226,2024-03-09T00:00:00,33666.19,TXN-0001469,virement
agence,CPT-00233,2026-02-19T00:00:00,21152.63,TXN-0001470,remboursement
mobile_money,CPT-00095,2025-05-31T00:00:00,38014.45,TXN-0001471,dépôt
agence,CPT-00105,2024-07-31T00:00:00,9077.12,TXN-0001472,remboursement
mobile_money,CPT-00119,2025-12-12T00:00:00,4586.58,TXN-0001473,dépôt
mobile_money,CPT-00098,2024-07-18T00:00:00,37551.91,TXN-0001474,virement
agence,CPT-00010,2025-12-27T00:00:00,13279.68,TXN-0001475,dépôt
agence,CPT-00084,2024-03-10T00:00:00,24753.2,TXN-0001476,remboursement
agence,CPT-00141,2025-03-24T00:00:00,35965.5,TXN-0001477,retrait
agence,CPT-00121,2024-06-23T00:00:00,42236.56,TXN-0001478,virement
mobile_money,CPT-00156,2024-05-07T00:00:00,9684.59,TXN-0001479,dépôt
mobile_money,CPT-00044,2024-01-12T00:00:00,33898.22,TXN-0001480,dépôt
agence,CPT-00040,2024-08-09T00:00:00,18546.26,TXN-0001481,remboursement
agence,CPT-00229,2024-02-18T00:00:00,22660.85,TXN-0001482,retrait
agence,CPT-00100,2025-09-04T00:00:00,22755.35,TXN-0001483,virement
mobile_money,CPT-00013,2024-09-12T00:00:00,38588.6,TXN-0001484,remboursement
mobile_money,CPT-00233,2024-01-17T00:00:00,10799.3,TXN-0001485,retrait
agence,CPT-00008,2024-07-15T00:00:00,17518.72,TXN-0001486,dépôt
agence,CPT-00057,2025-11-11T00:00:00,40049.28,TXN-0001487,dépôt
agence,CPT-00186,2025-06-08T00:00:00,3156.61,TXN-0001488,retrait
agence,CPT-00209,2025-10-03T00:00:00,16811.3,TXN-0001489,virement
mobile_money,CPT-00160,2025-02-08T00:00:00,46782.04,TXN-0001490,retrait
mobile_money,CPT-00031,2024-12-31T00:00:00,11475.22,TXN-0001491,retrait
agence,CPT-00045,2024-11-19T00:00:00,20704.83,TXN-0001492,dépôt
mobile_money,CPT-00100,2024-03-08T00:00:00,23480.02,TXN-0001493,retrait
mobile_money,CPT-00167,2024-08-11T00:00:00,3153.01,TXN-0001494,virement
agence,CPT-00078,2024-04-14T00:00:00,49172.02,TXN-0001495,remboursement
mobile_money,CPT-00065,2025-10-08T00:00:00,30393.49,TXN-0001496,dépôt
mobile_money,CPT-00174,2025-10-12T00:00:00,17270.28,TXN-0001497,retrait
mobile_money,CPT-00218,2024-01-19T00:00:00,4308.16,TXN-0001498,remboursement
agence,CPT-00098,2025-12-22T00:00:00,25667.58,TXN-0001499,retrait
mobile_money,CPT-00060,2024-05-07T00:00:00,31201.09,TXN-0001500,dépôt
agence,CPT-00061,2025-09-26T00:00:00,38105.04,TXN-0001501,remboursement
agence,CPT-00016,2024-10-30T00:00:00,19351.66,TXN-0001502,retrait
agence,CPT-00039,2024-02-08T00:00:00,11014.88,TXN-0001503,remboursement
agence,CPT-00237,2024-12-02T00:00:00,37223.53,TXN-0001504,remboursement
agence,CPT-00072,2026-02-17T00:00:00,32536.5,TXN-0001505,virement
agence,CPT-00134,2024-10-22T00:00:00,32754.27,TXN-0001506,remboursement
agence,CPT-00059,2024-07-29T00:00:00,17793.69,TXN-0001507,virement
agence,CPT-00233,2025-12-13T00:00:00,40271.14,TXN-0001508,retrait
mobile_money,CPT-00156,2024-07-06T00:00:00,26552.12,TXN-0001509,remboursement
agence,CPT-00162,2025-05-18T00:00:00,4166.23,TXN-0001510,dépôt
agence,CPT-00245,2024-05-24T00:00:00,3553.24,TXN-0001511,retrait
agence,CPT-00033,2025-07-16T00:00:00,9510.12,TXN-0001512,dépôt
mobile_money,CPT-00061,2025-04-23T00:00:00,21885.75,TXN-0001513,dépôt
agence,CPT-00043,2024-06-29T00:00:00,13001.32,TXN-0001514,retrait
agence,CPT-00078,2025-10-12T00:00:00,29244.67,TXN-0001515,virement
mobile_money,CPT-00070,2025-01-03T00:00:00,4920.78,TXN-0001516,remboursement
mobile_money,CPT-00097,2025-03-08T00:00:00,24064.96,TXN-0001517,retrait
agence,CPT-00195,2025-05-08T00:00:00,41160.59,TXN-0001518,retrait
mobile_money,CPT-00196,2024-03-26T00:00:00,21942.47,TXN-0001519,remboursement
mobile_money,CPT-00153,2024-06-28T00:00:00,28089.75,TXN-0001520,retrait
mobile_money,CPT-00098,2024-10-17T00:00:00,15986.52,TXN-0001521,remboursement
mobile_money,CPT-00144,2024-05-19T00:00:00,4525.04,TXN-0001522,remboursement
agence,CPT-00051,2024-01-05T00:00:00,45890.46,TXN-0001523,retrait
mobile_money,CPT-00221,2025-03-01T00:00:00,25081.23,TXN-0001524,virement
agence,CPT-00249,2024-11-11T00:00:00,19817.83,TXN-0001525,virement
mobile_money,CPT-00105,2024-05-07T00:00:00,49631.15,TXN-0001526,dépôt
mobile_money,CPT-00239,2025-03-22T00:00:00,10517.18,TXN-0001527,retrait
mobile_money,CPT-00198,2025-05-15T00:00:00,25970.81,TXN-0001528,virement
agence,CPT-00179,2025-03-10T00:00:00,32894.41,TXN-0001529,dépôt
agence,CPT-00063,2025-01-05T00:00:00,2690.87,TXN-0001530,remboursement
agence,CPT-00179,2025-04-11T00:00:00,13805.2,TXN-0001531,retrait
agence,CPT-00066,2025-11-09T00:00:00,30505.32,TXN-0001532,retrait
mobile_money,CPT-00004,2025-10-21T00:00:00,38777.64,TXN-0001533,dépôt
mobile_money,CPT-00102,2024-07-12T00:00:00,26408.32,TXN-0001534,dépôt
mobile_money,CPT-00043,2024-11-05T00:00:00,13390.69,TXN-0001535,remboursement
agence,CPT-00151,2026-02-09T00:00:00,36962.74,TXN-0001536,virement
agence,CPT-00028,2024-10-02T00:00:00,40897.17,TXN-0001537,virement
agence,CPT-00239,2024-01-07T00:00:00,35251.44,TXN-0001538,remboursement
mobile_money,CPT-00209,2024-03-12T00:00:00,1077.35,TXN-0001539,remboursement
mobile_money,CPT-00135,2026-01-20T00:00:00,33071.54,TXN-0001540,remboursement
agence,CPT-00044,2025-12-21T00:00:00,19357.92,TXN-0001541,retrait
mobile_money,CPT-00051,2024-04-22T00:00:00,9917.23,TXN-0001542,remboursement
agence,CPT-00146,2024-03-01T00:00:00,10096.26,TXN-0001543,retrait
mobile_money,CPT-00208,2025-02-22T00:00:00,13708.24,TXN-0001544,retrait
agence,CPT-00161,2024-06-19T00:00:00,43549.74,TXN-0001545,dépôt
agence,CPT-00076,2024-10-10T00:00:00,19508.7,TXN-0001546,dépôt
mobile_money,CPT-00088,2025-05-04T00:00:00,29696.67,TXN-0001547,dépôt
agence,CPT-00173,2024-09-29T00:00:00,1465.82,TXN-0001548,dépôt
agence,CPT-00171,2025-06-18T00:00:00,5745.25,TXN-0001549,dépôt
mobile_money,CPT-00097,2025-04-29T00:00:00,46674.29,TXN-0001550,virement
mobile_money,CPT-00155,2025-11-29T00:00:00,17490.96,TXN-0001551,remboursement
mobile_money,CPT-00081,2025-11-12T00:00:00,47108.56,TXN-0001552,retrait
agence,CPT-00097,2024-12-04T00:00:00,48789.95,TXN-0001553,dépôt
agence,CPT-00001,2025-02-15T00:00:00,43656.53,TXN-0001554,remboursement
agence,CPT-00007,2024-10-13T00:00:00,43581.26,TXN-0001555,dépôt
mobile_money,CPT-00095,2025-11-05T00:00:00,31299.23,TXN-0001556,remboursement
mobile_money,CPT-00132,2024-01-04T00:00:00,33351.19,TXN-0001557,remboursement
mobile_money,CPT-00005,2026-01-23T00:00:00,43798.29,TXN-0001558,virement
mobile_money,CPT-00174,2025-05-11T00:00:00,12444.37,TXN-0001559,remboursement
agence,CPT-00190,2025-05-02T00:00:00,18068.36,TXN-0001560,dépôt
agence,CPT-00188,2024-07-18T00:00:00,15399.29,TXN-0001561,remboursement
mobile_money,CPT-00223,2024-03-30T00:00:00,7265.21,TXN-0001562,dépôt
agence,CPT-00214,2025-04-01T00:00:00,9234.59,TXN-0001563,remboursement
agence,CPT-00124,2024-06-23T00:00:00,12924.44,TXN-0001564,retrait
agence,CPT-00028,2024-01-30T00:00:00,49674.71,TXN-0001565,remboursement
mobile_money,CPT-00238,2026-02-23T00:00:00,45229.78,TXN-0001566,virement
agence,CPT-00057,2025-11-17T00:00:00,33630.7,TXN-0001567,virement
mobile_money,CPT-00171,2025-10-10T00:00:00,46214.07,TXN-0001568,retrait
agence,CPT-00024,2025-08-12T00:00:00,43725.09,TXN-0001569,virement
mobile_money,CPT-00165,2026-01-04T00:00:00,19473.51,TXN-0001570,virement
mobile_money,CPT-00168,2024-08-16T00:00:00,40613.93,TXN-0001571,remboursement
mobile_money,CPT-00030,2024-04-01T00:00:00,5296.34,TXN-0001572,virement
mobile_money,CPT-00190,2024-04-28T00:00:00,37486.27,TXN-0001573,retrait
agence,CPT-00033,2025-08-13T00:00:00,47749.36,TXN-0001574,virement
mobile_money,CPT-00080,2024-07-13T00:00:00,29912.93,TXN-0001575,dépôt
agence,CPT-00109,2025-11-26T00:00:00,38792.76,TXN-0001576,virement
mobile_money,CPT-00134,2024-01-10T00:00:00,6222.71,TXN-0001577,retrait
agence,CPT-00081,2024-10-30T00:00:00,40991.25,TXN-0001578,retrait
agence,CPT-00128,2024-10-17T00:00:00,8223.84,TXN-0001579,remboursement
agence,CPT-00192,2024-11-12T00:00:00,30345.14,TXN-0001580,dépôt
mobile_money,CPT-00071,2024-08-08T00:00:00,31922.78,TXN-0001581,remboursement
agence,CPT-00075,2024-12-07T00:00:00,3881.82,TXN-0001582,remboursement
agence,CPT-00212,2024-08-18T00:00:00,42555.43,TXN-0001583,retrait
mobile_money,CPT-00237,2026-01-14T00:00:00,42982.16,TXN-0001584,retrait
mobile_money,CPT-00077,2025-07-15T00:00:00,49562.1,TXN-0001585,retrait
mobile_money,CPT-00087,2024-12-22T00:00:00,34217.04,TXN-0001586,remboursement
mobile_money,CPT-00101,2024-10-16T00:00:00,26864.38,TXN-0001587,dépôt
mobile_money,CPT-00179,2025-07-15T00:00:00,35354.32,TXN-0001588,retrait
agence,CPT-00025,2025-08-17T00:00:00,16847.51,TXN-0001589,retrait
agence,CPT-00218,2024-06-16T00:00:00,23419.09,TXN-0001590,virement
agence,CPT-00114,2024-05-28T00:00:00,15263.0,TXN-0001591,remboursement
mobile_money,CPT-00056,2024-01-10T00:00:00,37030.63,TXN-0001592,retrait
mobile_money,CPT-00186,2024-05-31T00:00:00,34237.57,TXN-0001593,dépôt
agence,CPT-00244,2024-06-21T00:00:00,34292.82,TXN-0001594,remboursement
agence,CPT-00025,2024-07-02T00:00:00,48733.78,TXN-0001595,virement
mobile_money,CPT-00031,2024-06-01T00:00:00,30076.23,TXN-0001596,virement
mobile_money,CPT-00063,2025-02-10T00:00:00,6821.32,TXN-0001597,dépôt
agence,CPT-00078,2025-01-19T00:00:00,32987.05,TXN-0001598,retrait
mobile_money,CPT-00200,2025-10-27T00:00:00,43379.89,TXN-0001599,remboursement
agence,CPT-00071,2024-05-02T00:00:00,18998.83,TXN-0001600,remboursement
agence,CPT-00022,2025-11-15T00:00:00,24971.7,TXN-0001601,dépôt
agence,CPT-00006,2026-02-02T00:00:00,14412.52,TXN-0001602,remboursement
mobile_money,CPT-00204,2025-10-22T00:00:00,19814.03,TXN-0001603,retrait
agence,CPT-00077,2024-03-06T00:00:00,5872.62,TXN-0001604,retrait
mobile_money,CPT-00104,2025-07-03T00:00:00,20296.03,TXN-0001605,dépôt
agence,CPT-00017,2024-07-31T00:00:00,37921.9,TXN-0001606,dépôt
mobile_money,CPT-00047,2025-04-02T00:00:00,1260.88,TXN-0001607,retrait
agence,CPT-00032,2024-07-30T00:00:00,7311.98,TXN-0001608,dépôt
agence,CPT-00023,2024-02-05T00:00:00,42721.06,TXN-0001609,virement
agence,CPT-00032,2025-07-11T00:00:00,18814.42,TXN-0001610,virement
mobile_money,CPT-00109,2024-02-17T00:00:00,13168.52,TXN-0001611,dépôt
mobile_money,CPT-00169,2025-05-17T00:00:00,7852.9,TXN-0001612,remboursement
agence,CPT-00134,2025-06-06T00:00:00,30702.43,TXN-0001613,virement
agence,CPT-00177,2024-02-15T00:00:00,33468.23,TXN-0001614,dépôt
agence,CPT-00010,2024-08-08T00:00:00,7941.7,TXN-0001615,retrait
agence,CPT-00155,2024-10-11T00:00:00,29997.37,TXN-0001616,retrait
mobile_money,CPT-00187,2024-09-18T00:00:00,4643.62,TXN-0001617,remboursement
mobile_money,CPT-00098,2024-03-26T00:00:00,20602.91,TXN-0001618,retrait
agence,CPT-00174,2024-05-26T00:00:00,47069.77,TXN-0001619,remboursement
agence,CPT-00019,2025-12-14T00:00:00,49772.6,TXN-0001620,virement
agence,CPT-00183,2025-10-25T00:00:00,28618.47,TXN-0001621,virement
mobile_money,CPT-00108,2025-03-20T00:00:00,16501.66,TXN-0001622,retrait
agence,CPT-00007,2024-05-07T00:00:00,4798.71,TXN-0001623,retrait
agence,CPT-00176,2025-10-17T00:00:00,4232.01,TXN-0001624,remboursement
agence,CPT-00093,2024-05-29T00:00:00,39125.48,TXN-0001625,virement
mobile_money,CPT-00071,2024-08-15T00:00:00,5799.4,TXN-0001626,dépôt
agence,CPT-00244,2024-05-06T00:00:00,39353.95,TXN-0001627,dépôt
agence,CPT-00135,2025-05-16T00:00:00,29852.53,TXN-0001628,virement
mobile_money,CPT-00136,2024-10-15T00:00:00,35322.32,TXN-0001629,virement
mobile_money,CPT-00156,2024-06-23T00:00:00,44931.94,TXN-0001630,dépôt
mobile_money,CPT-00243,2026-01-29T00:00:00,9852.95,TXN-0001631,remboursement
agence,CPT-00123,2025-12-04T00:00:00,13693.99,TXN-0001632,retrait
mobile_money,CPT-00169,2025-08-04T00:00:00,7990.84,TXN-0001633,retrait
mobile_money,CPT-00014,2024-09-12T00:00:00,35667.62,TXN-0001634,virement
mobile_money,CPT-00181,2024-12-28T00:00:00,9972.12,TXN-0001635,remboursement
agence,CPT-00129,2025-03-14T00:00:00,14515.33,TXN-0001636,virement
mobile_money,CPT-00079,2025-02-20T00:00:00,47425.28,TXN-0001637,dépôt
agence,CPT-00217,2024-03-19T00:00:00,32099.16,TXN-0001638,dépôt
agence,CPT-00242,2024-02-28T00:00:00,9090.54,TXN-0001639,dépôt
agence,CPT-00191,2025-05-19T00:00:00,28153.83,TXN-0001640,virement
agence,CPT-00247,2026-01-18T00:00:00,34174.62,TXN-0001641,remboursement
agence,CPT-00123,2025-11-24T00:00:00,26235.56,TXN-0001642,remboursement
agence,CPT-00104,2026-02-02T00:00:00,31198.04,TXN-0001643,dépôt
mobile_money,CPT-00183,2026-02-06T00:00:00,35426.99,TXN-0001644,remboursement
agence,CPT-00063,2024-06-21T00:00:00,30761.3,TXN-0001645,dépôt
mobile_money,CPT-00045,2024-05-16T00:00:00,18985.5,TXN-0001646,dépôt
agence,CPT-00244,2025-01-23T00:00:00,21713.39,TXN-0001647,dépôt
agence,CPT-00096,2025-11-26T00:00:00,17559.97,TXN-0001648,dépôt
mobile_money,CPT-00213,2025-05-09T00:00:00,15213.17,TXN-0001649,dépôt
mobile_money,CPT-00068,2025-10-08T00:00:00,1109.48,TXN-0001650,retrait
agence,CPT-00056,2025-10-20T00:00:00,46526.34,TXN-0001651,virement
agence,CPT-00240,2025-05-14T00:00:00,44732.2,TXN-0001652,remboursement
mobile_money,CPT-00092,2024-12-02T00:00:00,31160.98,TXN-0001653,dépôt
agence,CPT-00091,2026-01-09T00:00:00,1252.57,TXN-0001654,dépôt
mobile_money,CPT-00103,2025-03-17T00:00:00,1434.32,TXN-0001655,virement
mobile_money,CPT-00051,2024-06-06T00:00:00,26925.73,TXN-0001656,dépôt
mobile_money,CPT-00032,2026-02-26T00:00:00,1338.61,TXN-0001657,remboursement
mobile_money,CPT-00058,2024-11-02T00:00:00,20372.58,TXN-0001658,remboursement
agence,CPT-00110,2024-10-02T00:00:00,27284.94,TXN-0001659,retrait
mobile_money,CPT-00113,2024-12-28T00:00:00,8929.88,TXN-0001660,remboursement
agence,CPT-00002,2025-12-27T00:00:00,44295.24,TXN-0001661,virement
mobile_money,CPT-00029,2024-05-16T00:00:00,14960.09,TXN-0001662,retrait
agence,CPT-00108,2024-06-13T00:00:00,45148.89,TXN-0001663,virement
agence,CPT-00243,2024-09-29T00:00:00,48025.24,TXN-0001664,remboursement
agence,CPT-00108,2025-11-29T00:00:00,27956.06,TXN-0001665,remboursement
mobile_money,CPT-00084,2026-01-29T00:00:00,25591.07,TXN-0001666,remboursement
agence,CPT-00034,2024-01-22T00:00:00,47926.25,TXN-0001667,dépôt
agence,CPT-00040,2026-02-24T00:00:00,25500.05,TXN-0001668,virement
agence,CPT-00014,2025-09-03T00:00:00,22053.59,TXN-0001669,virement
agence,CPT-00112,2025-05-12T00:00:00,15183.86,TXN-0001670,remboursement
agence,CPT-00195,2024-06-05T00:00:00,13139.62,TXN-0001671,remboursement
agence,CPT-00064,2024-09-26T00:00:00,38569.65,TXN-0001672,virement
agence,CPT-00171,2025-12-24T00:00:00,10722.21,TXN-0001673,remboursement
agence,CPT-00180,2025-08-28T00:00:00,10244.78,TXN-0001674,retrait
mobile_money,CPT-00059,2024-02-09T00:00:00,7482.49,TXN-0001675,dépôt
agence,CPT-00050,2025-09-23T00:00:00,21888.85,TXN-0001676,retrait
mobile_money,CPT-00024,2025-06-21T00:00:00,19637.28,TXN-0001677,dépôt
mobile_money,CPT-00180,2025-03-12T00:00:00,11866.99,TXN-0001678,retrait
agence,CPT-00016,2024-11-07T00:00:00,32549.78,TXN-0001679,remboursement
mobile_money,CPT-00069,2024-12-25T00:00:00,14747.24,TXN-0001680,virement
agence,CPT-00064,2024-07-05T00:00:00,44860.21,TXN-0001681,virement
agence,CPT-00001,2024-11-25T00:00:00,33361.11,TXN-0001682,dépôt
agence,CPT-00074,2025-09-13T00:00:00,14727.81,TXN-0001683,remboursement
mobile_money,CPT-00111,2025-05-18T00:00:00,13360.89,TXN-0001684,retrait
agence,CPT-00086,2025-11-16T00:00:00,6464.9,TXN-0001685,virement
mobile_money,CPT-00175,2026-01-29T00:00:00,17229.37,TXN-0001686,retrait
agence,CPT-00191,2024-10-09T00:00:00,12674.36,TXN-0001687,virement
agence,CPT-00150,2024-04-18T00:00:00,5274.33,TXN-0001688,remboursement
agence,CPT-00162,2025-11-01T00:00:00,3010.91,TXN-0001689,dépôt
mobile_money,CPT-00050,2024-03-17T00:00:00,46349.53,TXN-0001690,remboursement
agence,CPT-00078,2024-07-25T00:00:00,49492.59,TXN-0001691,remboursement
mobile_money,CPT-00012,2025-07-17T00:00:00,10393.63,TXN-0001692,retrait
agence,CPT-00229,2025-04-04T00:00:00,44850.74,TXN-0001693,virement
agence,CPT-00234,2025-03-05T00:00:00,4317.72,TXN-0001694,remboursement
mobile_money,CPT-00043,2024-05-12T00:00:00,35138.61,TXN-0001695,virement
agence,CPT-00012,2025-12-11T00:00:00,39925.13,TXN-0001696,dépôt
agence,CPT-00190,2025-06-29T00:00:00,25256.27,TXN-0001697,remboursement
mobile_money,CPT-00043,2025-01-28T00:00:00,37785.66,TXN-0001698,remboursement
agence,CPT-00103,2024-01-04T00:00:00,11139.31,TXN-0001699,virement
mobile_money,CPT-00147,2024-01-10T00:00:00,30013.52,TXN-0001700,retrait
mobile_money,CPT-00129,2024-08-13T00:00:00,15867.1,TXN-0001701,virement
agence,CPT-00182,2024-06-24T00:00:00,28055.4,TXN-0001702,virement
agence,CPT-00012,2025-10-16T00:00:00,15300.32,TXN-0001703,retrait
agence,CPT-00242,2024-10-03T00:00:00,46435.15,TXN-0001704,virement
agence,CPT-00165,2024-08-03T00:00:00,49487.28,TXN-0001705,retrait
mobile_money,CPT-00001,2025-01-12T00:00:00,32001.46,TXN-0001706,virement
mobile_money,CPT-00022,2025-02-22T00:00:00,36381.9,TXN-0001707,virement
mobile_money,CPT-00084,2024-01-11T00:00:00,31671.81,TXN-0001708,dépôt
agence,CPT-00057,2024-01-17T00:00:00,9660.03,TXN-0001709,virement
agence,CPT-00185,2024-09-20T00:00:00,47337.16,TXN-0001710,remboursement
agence,CPT-00210,2024-10-02T00:00:00,11811.31,TXN-0001711,remboursement
mobile_money,CPT-00149,2024-08-25T00:00:00,8626.43,TXN-0001712,remboursement
mobile_money,CPT-00095,2024-04-05T00:00:00,45206.24,TXN-0001713,retrait
agence,CPT-00047,2024-06-29T00:00:00,10066.37,TXN-0001714,remboursement
mobile_money,CPT-00146,2024-07-03T00:00:00,47224.4,TXN-0001715,remboursement
mobile_money,CPT-00006,2024-06-30T00:00:00,8983.01,TXN-0001716,virement
mobile_money,CPT-00176,2024-03-14T00:00:00,4403.25,TXN-0001717,retrait
agence,CPT-00063,2025-02-16T00:00:00,45547.42,TXN-0001718,remboursement
agence,CPT-00186,2024-01-13T00:00:00,36611.47,TXN-0001719,retrait
agence,CPT-00097,2024-01-14T00:00:00,2015.08,TXN-0001720,remboursement
agence,CPT-00034,2024-10-01T00:00:00,38735.76,TXN-0001721,retrait
agence,CPT-00241,2024-01-10T00:00:00,39827.62,TXN-0001722,dépôt
agence,CPT-00139,2024-03-28T00:00:00,42783.29,TXN-0001723,virement
agence,CPT-00036,2025-03-30T00:00:00,38223.92,TXN-0001724,remboursement
agence,CPT-00079,2024-09-06T00:00:00,24466.51,TXN-0001725,virement
agence,CPT-00140,2024-05-06T00:00:00,31746.81,TXN-0001726,virement
agence,CPT-00212,2024-10-30T00:00:00,6037.95,TXN-0001727,dépôt
agence,CPT-00131,2024-08-17T00:00:00,7949.92,TXN-0001728,remboursement
mobile_money,CPT-00059,2024-12-27T00:00:00,19883.77,TXN-0001729,remboursement
agence,CPT-00058,2026-01-02T00:00:00,34651.55,TXN-0001730,remboursement
agence,CPT-00126,2024-08-17T00:00:00,49547.63,TXN-0001731,retrait
mobile_money,CPT-00245,2025-09-22T00:00:00,18508.09,TXN-0001732,virement
agence,CPT-00031,2024-03-27T00:00:00,46242.66,TXN-0001733,virement
mobile_money,CPT-00155,2025-06-27T00:00:00,9725.32,TXN-0001734,retrait
mobile_money,CPT-00154,2024-06-02T00:00:00,34292.23,TXN-0001735,retrait
mobile_money,CPT-00160,2024-04-16T00:00:00,18070.9,TXN-0001736,virement
agence,CPT-00235,2024-09-28T00:00:00,33424.85,TXN-0001737,remboursement
agence,CPT-00202,2024-06-01T00:00:00,43223.98,TXN-0001738,dépôt
mobile_money,CPT-00082,2026-01-08T00:00:00,20139.38,TXN-0001739,retrait
mobile_money,CPT-00209,2025-03-13T00:00:00,6545.04,TXN-0001740,dépôt
agence,CPT-00038,2024-05-10T00:00:00,16829.62,TXN-0001741,dépôt
mobile_money,CPT-00197,2025-05-21T00:00:00,18277.83,TXN-0001742,remboursement
mobile_money,CPT-00124,2025-10-13T00:00:00,30485.41,TXN-0001743,remboursement
mobile_money,CPT-00036,2025-07-16T00:00:00,19776.08,TXN-0001744,retrait
mobile_money,CPT-00138,2024-08-23T00:00:00,27091.25,TXN-0001745,remboursement
agence,CPT-00022,2025-12-11T00:00:00,26820.35,TXN-0001746,remboursement
agence,CPT-00180,2024-01-03T00:00:00,12524.46,TXN-0001747,dépôt
agence,CPT-00218,2025-04-30T00:00:00,18757.52,TXN-0001748,dépôt
mobile_money,CPT-00236,2024-12-23T00:00:00,3919.29,TXN-0001749,dépôt
mobile_money,CPT-00218,2024-05-27T00:00:00,15440.17,TXN-0001750,retrait
agence,CPT-00063,2024-02-27T00:00:00,41563.27,TXN-0001751,retrait
mobile_money,CPT-00031,2024-01-27T00:00:00,19495.58,TXN-0001752,retrait
agence,CPT-00096,2025-11-09T00:00:00,35368.69,TXN-0001753,dépôt
agence,CPT-00123,2025-01-09T00:00:00,2479.1,TXN-0001754,retrait
mobile_money,CPT-00021,2025-08-05T00:00:00,4776.2,TXN-0001755,retrait
mobile_money,CPT-00039,2024-05-23T00:00:00,24018.47,TXN-0001756,retrait
agence,CPT-00121,2025-03-30T00:00:00,36405.31,TXN-0001757,remboursement
agence,CPT-00074,2025-10-19T00:00:00,8638.48,TXN-0001758,dépôt
mobile_money,CPT-00155,2024-01-12T00:00:00,25661.48,TXN-0001759,retrait
mobile_money,CPT-00214,2025-04-10T00:00:00,34315.27,TXN-0001760,remboursement
agence,CPT-00236,2025-03-09T00:00:00,35758.29,TXN-0001761,virement
agence,CPT-00070,2024-05-08T00:00:00,26553.55,TXN-0001762,dépôt
agence,CPT-00103,2024-07-07T00:00:00,11726.41,TXN-0001763,dépôt
mobile_money,CPT-00210,2025-10-30T00:00:00,24393.4,TXN-0001764,remboursement
mobile_money,CPT-00212,2025-01-15T00:00:00,9076.39,TXN-0001765,remboursement
mobile_money,CPT-00050,2024-03-20T00:00:00,6311.64,TXN-0001766,virement
agence,CPT-00155,2024-10-15T00:00:00,2374.39,TXN-0001767,virement
agence,CPT-00139,2025-09-03T00:00:00,4200.64,TXN-0001768,dépôt
agence,CPT-00194,2024-07-25T00:00:00,10199.45,TXN-0001769,virement
agence,CPT-00062,2025-08-06T00:00:00,5166.93,TXN-0001770,virement
agence,CPT-00145,2024-11-18T00:00:00,3238.35,TXN-0001771,remboursement
mobile_money,CPT-00242,2024-12-31T00:00:00,1415.46,TXN-0001772,virement
mobile_money,CPT-00246,2024-11-18T00:00:00,25510.59,TXN-0001773,remboursement
agence,CPT-00186,2025-12-20T00:00:00,48718.69,TXN-0001774,virement
agence,CPT-00085,2025-05-30T00:00:00,44929.05,TXN-0001775,remboursement
mobile_money,CPT-00129,2025-01-26T00:00:00,2160.58,TXN-0001776,retrait
mobile_money,CPT-00151,2024-06-04T00:00:00,15215.85,TXN-0001777,dépôt
agence,CPT-00021,2024-08-25T00:00:00,47688.1,TXN-0001778,dépôt
mobile_money,CPT-00207,2024-06-13T00:00:00,38672.46,TXN-0001779,retrait
mobile_money,CPT-00115,2025-01-03T00:00:00,17612.01,TXN-0001780,retrait
agence,CPT-00011,2025-09-17T00:00:00,12716.42,TXN-0001781,remboursement
agence,CPT-00246,2025-05-24T00:00:00,28778.14,TXN-0001782,retrait
agence,CPT-00207,2024-11-12T00:00:00,7988.5,TXN-0001783,dépôt
mobile_money,CPT-00128,2024-06-22T00:00:00,23285.59,TXN-0001784,dépôt
mobile_money,CPT-00042,2025-01-07T00:00:00,14725.75,TXN-0001785,dépôt
mobile_money,CPT-00023,2026-03-01T00:00:00,9780.13,TXN-0001786,dépôt
mobile_money,CPT-00067,2026-02-20T00:00:00,48945.7,TXN-0001787,remboursement
mobile_money,CPT-00167,2025-08-05T00:00:00,47051.64,TXN-0001788,retrait
mobile_money,CPT-00011,2025-02-14T00:00:00,43091.16,TXN-0001789,virement
mobile_money,CPT-00220,2025-06-08T00:00:00,22600.56,TXN-0001790,retrait
mobile_money,CPT-00096,2025-06-02T00:00:00,34427.84,TXN-0001791,dépôt
agence,CPT-00068,2025-10-21T00:00:00,31410.07,TXN-0001792,dépôt
agence,CPT-00190,2025-07-28T00:00:00,35287.52,TXN-0001793,retrait
mobile_money,CPT-00040,2024-06-11T00:00:00,15242.37,TXN-0001794,dépôt
agence,CPT-00219,2025-04-18T00:00:00,11929.51,TXN-0001795,dépôt
mobile_money,CPT-00090,2025-07-01T00:00:00,23955.95,TXN-0001796,remboursement
mobile_money,CPT-00028,2024-04-20T00:00:00,9833.39,TXN-0001797,dépôt
agence,CPT-00197,2024-12-02T00:00:00,10774.08,TXN-0001798,remboursement
agence,CPT-00082,2025-05-12T00:00:00,49825.47,TXN-0001799,virement
agence,CPT-00180,2025-04-10T00:00:00,6602.0,TXN-0001800,remboursement
agence,CPT-00140,2024-05-29T00:00:00,47478.15,TXN-0001801,retrait
agence,CPT-00082,2025-01-24T00:00:00,49402.73,TXN-0001802,dépôt
agence,CPT-00240,2025-04-29T00:00:00,39688.4,TXN-0001803,virement
mobile_money,CPT-00014,2026-02-15T00:00:00,43533.01,TXN-0001804,retrait
agence,CPT-00070,2024-03-26T00:00:00,32148.68,TXN-0001805,virement
mobile_money,CPT-00018,2024-11-01T00:00:00,20848.36,TXN-0001806,virement
mobile_money,CPT-00224,2025-11-16T00:00:00,26714.12,TXN-0001807,remboursement
mobile_money,CPT-00048,2025-03-14T00:00:00,5529.62,TXN-0001808,dépôt
mobile_money,CPT-00247,2024-12-23T00:00:00,9062.13,TXN-0001809,virement
mobile_money,CPT-00124,2024-06-13T00:00:00,27239.81,TXN-0001810,remboursement
agence,CPT-00091,2025-07-28T00:00:00,41327.77,TXN-0001811,remboursement
mobile_money,CPT-00020,2026-01-21T00:00:00,16862.9,TXN-0001812,retrait
mobile_money,CPT-00004,2024-05-31T00:00:00,44928.55,TXN-0001813,retrait
mobile_money,CPT-00222,2025-11-21T00:00:00,6566.74,TXN-0001814,virement
mobile_money,CPT-00068,2024-05-08T00:00:00,49423.69,TXN-0001815,dépôt
agence,CPT-00164,2026-02-02T00:00:00,2787.81,TXN-0001816,dépôt
mobile_money,CPT-00108,2024-08-09T00:00:00,30446.22,TXN-0001817,retrait
agence,CPT-00054,2025-08-13T00:00:00,48615.48,TXN-0001818,retrait
agence,CPT-00095,2024-11-10T00:00:00,1793.37,TXN-0001819,virement
mobile_money,CPT-00180,2025-04-11T00:00:00,32796.67,TXN-0001820,remboursement
mobile_money,CPT-00106,2025-07-09T00:00:00,18258.35,TXN-0001821,virement
mobile_money,CPT-00134,2024-06-29T00:00:00,6555.62,TXN-0001822,virement
agence,CPT-00110,2025-09-01T00:00:00,9667.86,TXN-0001823,virement
mobile_money,CPT-00139,2025-11-06T00:00:00,19696.6,TXN-0001824,remboursement
agence,CPT-00163,2024-04-11T00:00:00,35402.54,TXN-0001825,virement
mobile_money,CPT-00207,2024-01-17T00:00:00,5392.26,TXN-0001826,dépôt
agence,CPT-00027,2025-09-30T00:00:00,37747.24,TXN-0001827,remboursement
mobile_money,CPT-00163,2024-02-03T00:00:00,25664.71,TXN-0001828,remboursement
mobile_money,CPT-00219,2025-04-10T00:00:00,11381.69,TXN-0001829,remboursement
mobile_money,CPT-00030,2024-05-07T00:00:00,42960.79,TXN-0001830,retrait
mobile_money,CPT-00248,2025-10-22T00:00:00,21233.8,TXN-0001831,remboursement
mobile_money,CPT-00002,2025-06-03T00:00:00,39327.61,TXN-0001832,virement
agence,CPT-00069,2025-02-28T00:00:00,16062.44,TXN-0001833,virement
agence,CPT-00002,2024-01-27T00:00:00,2601.06,TXN-0001834,remboursement
mobile_money,CPT-00203,2025-06-15T00:00:00,42197.71,TXN-0001835,virement
agence,CPT-00086,2025-03-16T00:00:00,47998.87,TXN-0001836,retrait
mobile_money,CPT-00143,2025-10-21T00:00:00,10440.36,TXN-0001837,remboursement
mobile_money,CPT-00213,2025-08-14T00:00:00,40265.25,TXN-0001838,dépôt
mobile_money,CPT-00033,2024-06-26T00:00:00,48890.43,TXN-0001839,remboursement
agence,CPT-00232,2025-03-23T00:00:00,26346.58,TXN-0001840,virement
mobile_money,CPT-00026,2025-10-08T00:00:00,25708.6,TXN-0001841,retrait
mobile_money,CPT-00216,2024-06-11T00:00:00,42029.56,TXN-0001842,virement
agence,CPT-00053,2025-03-23T00:00:00,5570.0,TXN-0001843,dépôt
agence,CPT-00161,2025-12-25T00:00:00,2363.1,TXN-0001844,retrait
agence,CPT-00147,2026-01-21T00:00:00,2239.2,TXN-0001845,remboursement
agence,CPT-00117,2025-10-30T00:00:00,10141.2,TXN-0001846,virement
mobile_money,CPT-00077,2024-09-08T00:00:00,27235.44,TXN-0001847,retrait
agence,CPT-00198,2024-10-08T00:00:00,33303.63,TXN-0001848,virement
agence,CPT-00240,2025-10-15T00:00:00,31744.46,TXN-0001849,retrait
agence,CPT-00029,2024-05-05T00:00:00,46432.75,TXN-0001850,remboursement
agence,CPT-00037,2024-07-03T00:00:00,13837.74,TXN-0001851,virement
mobile_money,CPT-00020,2024-07-31T00:00:00,42386.56,TXN-0001852,remboursement
agence,CPT-00026,2025-02-27T00:00:00,39976.63,TXN-0001853,remboursement
mobile_money,CPT-00125,2025-03-05T00:00:00,11304.5,TXN-0001854,dépôt
agence,CPT-00228,2025-04-06T00:00:00,32044.04,TXN-0001855,virement
agence,CPT-00047,2024-07-01T00:00:00,1496.87,TXN-0001856,virement
agence,CPT-00031,2025-05-10T00:00:00,49693.24,TXN-0001857,virement
agence,CPT-00041,2024-07-16T00:00:00,46402.58,TXN-0001858,virement
agence,CPT-00138,2026-02-18T00:00:00,26381.75,TXN-0001859,dépôt
agence,CPT-00056,2024-08-10T00:00:00,6624.63,TXN-0001860,virement
agence,CPT-00084,2026-01-15T00:00:00,11768.29,TXN-0001861,retrait
mobile_money,CPT-00069,2024-04-04T00:00:00,24597.17,TXN-0001862,virement
mobile_money,CPT-00182,2025-05-22T00:00:00,23885.14,TXN-0001863,virement
agence,CPT-00132,2024-09-13T00:00:00,46195.06,TXN-0001864,remboursement
mobile_money,CPT-00051,2024-04-15T00:00:00,48131.69,TXN-0001865,virement
mobile_money,CPT-00043,2025-05-14T00:00:00,47734.34,TXN-0001866,retrait
mobile_money,CPT-00227,2026-02-04T00:00:00,21763.13,TXN-0001867,remboursement
mobile_money,CPT-00209,2025-09-13T00:00:00,31522.64,TXN-0001868,virement
agence,CPT-00110,2025-01-17T00:00:00,28789.96,TXN-0001869,retrait
mobile_money,CPT-00116,2025-06-07T00:00:00,44583.03,TXN-0001870,retrait
mobile_money,CPT-00151,2025-10-22T00:00:00,15380.2,TXN-0001871,remboursement
mobile_money,CPT-00102,2024-11-26T00:00:00,6617.85,TXN-0001872,dépôt
agence,CPT-00203,2024-03-15T00:00:00,18529.48,TXN-0001873,retrait
agence,CPT-00169,2024-11-17T00:00:00,19226.25,TXN-0001874,virement
mobile_money,CPT-00003,2026-01-04T00:00:00,34726.33,TXN-0001875,virement
agence,CPT-00055,2024-11-25T00:00:00,28805.99,TXN-0001876,remboursement
agence,CPT-00144,2025-09-08T00:00:00,19893.95,TXN-0001877,dépôt
agence,CPT-00135,2024-10-11T00:00:00,6043.09,TXN-0001878,retrait
mobile_money,CPT-00147,2025-03-21T00:00:00,34424.46,TXN-0001879,remboursement
mobile_money,CPT-00209,2024-02-20T00:00:00,10709.37,TXN-0001880,virement
agence,CPT-00128,2025-03-07T00:00:00,49522.73,TXN-0001881,dépôt
mobile_money,CPT-00032,2024-11-30T00:00:00,9385.85,TXN-0001882,remboursement
agence,CPT-00061,2025-10-21T00:00:00,14966.81,TXN-0001883,dépôt
agence,CPT-00234,2025-02-16T00:00:00,14933.93,TXN-0001884,remboursement
agence,CPT-00230,2024-01-17T00:00:00,17532.1,TXN-0001885,dépôt
mobile_money,CPT-00121,2025-03-01T00:00:00,41662.66,TXN-0001886,dépôt
agence,CPT-00071,2025-02-13T00:00:00,37930.92,TXN-0001887,virement
mobile_money,CPT-00143,2024-02-18T00:00:00,25197.11,TXN-0001888,virement
agence,CPT-00077,2025-10-18T00:00:00,25173.49,TXN-0001889,remboursement
agence,CPT-00216,2024-04-15T00:00:00,46947.48,TXN-0001890,virement
agence,CPT-00058,2024-05-22T00:00:00,41447.37,TXN-0001891,dépôt
agence,CPT-00083,2024-03-31T00:00:00,12090.72,TXN-0001892,remboursement
agence,CPT-00186,2025-07-04T00:00:00,40991.23,TXN-0001893,virement
agence,CPT-00240,2024-02-14T00:00:00,13724.7,TXN-0001894,dépôt
mobile_money,CPT-00013,2024-12-03T00:00:00,4677.07,TXN-0001895,virement
mobile_money,CPT-00070,2025-08-20T00:00:00,46318.06,TXN-0001896,retrait
mobile_money,CPT-00031,2024-05-31T00:00:00,16647.3,TXN-0001897,retrait
agence,CPT-00164,2025-06-18T00:00:00,33743.53,TXN-0001898,remboursement
mobile_money,CPT-00148,2024-10-14T00:00:00,33402.18,TXN-0001899,remboursement
mobile_money,CPT-00198,2024-09-27T00:00:00,12065.7,TXN-0001900,remboursement
agence,CPT-00183,2024-09-05T00:00:00,18297.48,TXN-0001901,dépôt
agence,CPT-00178,2025-05-21T00:00:00,4682.08,TXN-0001902,dépôt
mobile_money,CPT-00055,2025-04-24T00:00:00,33854.45,TXN-0001903,dépôt
mobile_money,CPT-00049,2024-08-01T00:00:00,6122.2,TXN-0001904,remboursement
agence,CPT-00195,2025-11-02T00:00:00,35717.11,TXN-0001905,virement
mobile_money,CPT-00218,2024-08-12T00:00:00,45792.14,TXN-0001906,dépôt
agence,CPT-00099,2025-06-09T00:00:00,43525.08,TXN-0001907,remboursement
mobile_money,CPT-00200,2024-10-11T00:00:00,10209.72,TXN-0001908,remboursement
agence,CPT-00043,2025-08-14T00:00:00,47623.24,TXN-0001909,virement
agence,CPT-00038,2026-02-01T00:00:00,43933.62,TXN-0001910,remboursement
mobile_money,CPT-00062,2024-07-10T00:00:00,44810.8,TXN-0001911,dépôt
mobile_money,CPT-00008,2025-04-08T00:00:00,33432.39,TXN-0001912,remboursement
mobile_money,CPT-00068,2024-03-27T00:00:00,46419.46,TXN-0001913,dépôt
mobile_money,CPT-00111,2025-05-29T00:00:00,8380.38,TXN-0001914,retrait
mobile_money,CPT-00131,2024-10-06T00:00:00,3604.7,TXN-0001915,virement
mobile_money,CPT-00026,2026-01-19T00:00:00,32782.47,TXN-0001916,dépôt
mobile_money,CPT-00050,2024-06-29T00:00:00,10283.03,TXN-0001917,virement
agence,CPT-00136,2024-04-21T00:00:00,26412.3,TXN-0001918,remboursement
agence,CPT-00166,2024-08-12T00:00:00,47989.61,TXN-0001919,retrait
agence,CPT-00014,2024-09-01T00:00:00,29186.29,TXN-0001920,dépôt
mobile_money,CPT-00137,2025-09-27T00:00:00,14497.51,TXN-0001921,dépôt
mobile_money,CPT-00101,2026-01-21T00:00:00,5963.91,TXN-0001922,remboursement
mobile_money,CPT-00127,2024-07-27T00:00:00,9380.43,TXN-0001923,retrait
agence,CPT-00164,2024-10-21T00:00:00,35586.81,TXN-0001924,virement
mobile_money,CPT-00025,2025-12-18T00:00:00,25658.77,TXN-0001925,retrait
agence,CPT-00190,2025-12-05T00:00:00,42775.63,TXN-0001926,virement
agence,CPT-00044,2024-06-19T00:00:00,34390.68,TXN-0001927,virement
mobile_money,CPT-00086,2024-01-14T00:00:00,7949.85,TXN-0001928,remboursement
agence,CPT-00110,2024-09-27T00:00:00,2020.52,TXN-0001929,virement
agence,CPT-00044,2025-04-30T00:00:00,30106.25,TXN-0001930,dépôt
agence,CPT-00126,2024-02-16T00:00:00,24155.84,TXN-0001931,retrait
agence,CPT-00146,2025-06-21T00:00:00,41932.59,TXN-0001932,virement
mobile_money,CPT-00194,2024-04-12T00:00:00,38987.57,TXN-0001933,retrait
mobile_money,CPT-00206,2026-01-22T00:00:00,23178.2,TXN-0001934,virement
mobile_money,CPT-00140,2024-09-16T00:00:00,33507.02,TXN-0001935,virement
mobile_money,CPT-00118,2024-11-04T00:00:00,41559.72,TXN-0001936,dépôt
agence,CPT-00229,2025-12-03T00:00:00,6525.29,TXN-0001937,remboursement
agence,CPT-00038,2025-11-06T00:00:00,42957.01,TXN-0001938,remboursement
mobile_money,CPT-00092,2025-08-14T00:00:00,2514.33,TXN-0001939,remboursement
mobile_money,CPT-00093,2024-07-17T00:00:00,37473.89,TXN-0001940,retrait
mobile_money,CPT-00164,2025-10-03T00:00:00,48307.2,TXN-0001941,dépôt
mobile_money,CPT-00246,2025-11-26T00:00:00,14000.16,TXN-0001942,retrait
mobile_money,CPT-00228,2025-03-03T00:00:00,20160.29,TXN-0001943,virement
mobile_money,CPT-00080,2025-06-16T00:00:00,3013.9,TXN-0001944,retrait
mobile_money,CPT-00214,2025-04-10T00:00:00,22239.52,TXN-0001945,dépôt
agence,CPT-00074,2025-05-25T00:00:00,48504.02,TXN-0001946,dépôt
agence,CPT-00120,2024-10-23T00:00:00,26636.12,TXN-0001947,retrait
agence,CPT-00078,2024-10-28T00:00:00,15124.74,TXN-0001948,remboursement
agence,CPT-00117,2025-08-30T00:00:00,11648.94,TXN-0001949,dépôt
mobile_money,CPT-00014,2025-03-16T00:00:00,15985.25,TXN-0001950,remboursement
mobile_money,CPT-00170,2024-05-21T00:00:00,3445.2,TXN-0001951,dépôt
agence,CPT-00225,2025-05-29T00:00:00,39477.9,TXN-0001952,virement
agence,CPT-00245,2024-05-26T00:00:00,35946.66,TXN-0001953,dépôt
mobile_money,CPT-00111,2024-02-02T00:00:00,15249.3,TXN-0001954,dépôt
mobile_money,CPT-00239,2025-11-25T00:00:00,13187.7,TXN-0001955,virement
mobile_money,CPT-00109,2024-04-10T00:00:00,48378.43,TXN-0001956,remboursement
mobile_money,CPT-00236,2024-06-26T00:00:00,30254.9,TXN-0001957,virement
agence,CPT-00174,2024-05-22T00:00:00,40414.63,TXN-0001958,virement
mobile_money,CPT-00065,2024-07-23T00:00:00,21399.3,TXN-0001959,retrait
mobile_money,CPT-00079,2025-10-05T00:00:00,15569.37,TXN-0001960,dépôt
agence,CPT-00140,2025-03-23T00:00:00,19422.33,TXN-0001961,retrait
mobile_money,CPT-00036,2025-05-30T00:00:00,35012.54,TXN-0001962,remboursement
mobile_money,CPT-00120,2025-03-06T00:00:00,21955.79,TXN-0001963,virement
mobile_money,CPT-00119,2024-01-28T00:00:00,45715.36,TXN-0001964,dépôt
agence,CPT-00023,2024-11-05T00:00:00,31145.22,TXN-0001965,retrait
mobile_money,CPT-00149,2025-07-10T00:00:00,7236.47,TXN-0001966,virement
agence,CPT-00014,2025-11-17T00:00:00,7170.86,TXN-0001967,remboursement
agence,CPT-00119,2024-03-27T00:00:00,42120.7,TXN-0001968,remboursement
mobile_money,CPT-00070,2024-04-09T00:00:00,17340.69,TXN-0001969,dépôt
agence,CPT-00145,2024-03-03T00:00:00,34839.05,TXN-0001970,remboursement
agence,CPT-00190,2025-06-12T00:00:00,35377.06,TXN-0001971,dépôt
agence,CPT-00144,2025-11-22T00:00:00,7683.73,TXN-0001972,remboursement
mobile_money,CPT-00078,2024-01-07T00:00:00,36237.96,TXN-0001973,virement
agence,CPT-00160,2024-01-01T00:00:00,6620.73,TXN-0001974,retrait
agence,CPT-00155,2024-09-10T00:00:00,26471.31,TXN-0001975,dépôt
mobile_money,CPT-00027,2025-06-01T00:00:00,2208.16,TXN-0001976,remboursement
mobile_money,CPT-00101,2024-11-03T00:00:00,46376.18,TXN-0001977,dépôt
mobile_money,CPT-00124,2025-07-13T00:00:00,41193.28,TXN-0001978,retrait
agence,CPT-00211,2025-09-23T00:00:00,43106.38,TXN-0001979,remboursement
agence,CPT-00111,2024-07-08T00:00:00,32173.66,TXN-0001980,retrait
agence,CPT-00210,2026-01-29T00:00:00,9368.0,TXN-0001981,retrait
agence,CPT-00122,2025-11-14T00:00:00,15211.77,TXN-0001982,remboursement
mobile_money,CPT-00246,2024-10-08T00:00:00,18999.63,TXN-0001983,remboursement
agence,CPT-00099,2025-03-11T00:00:00,23734.22,TXN-0001984,dépôt
mobile_money,CPT-00008,2025-07-31T00:00:00,23397.03,TXN-0001985,virement
mobile_money,CPT-00003,2025-10-28T00:00:00,2670.09,TXN-0001986,virement
mobile_money,CPT-00011,2025-04-24T00:00:00,48177.03,TXN-0001987,virement
agence,CPT-00071,2025-01-01T00:00:00,49105.93,TXN-0001988,dépôt
agence,CPT-00090,2024-06-27T00:00:00,26139.21,TXN-0001989,remboursement
mobile_money,CPT-00091,2024-05-23T00:00:00,23514.61,TXN-0001990,virement
mobile_money,CPT-00201,2024-03-10T00:00:00,46250.37,TXN-0001991,virement
mobile_money,CPT-00097,2024-07-03T00:00:00,30686.25,TXN-0001992,remboursement
mobile_money,CPT-00034,2025-08-17T00:00:00,29853.75,TXN-0001993,virement
agence,CPT-00150,2024-01-31T00:00:00,4310.93,TXN-0001994,remboursement
mobile_money,CPT-00060,2025-05-26T00:00:00,33597.79,TXN-0001995,dépôt
agence,CPT-00083,2026-01-20T00:00:00,49085.09,TXN-0001996,retrait
mobile_money,CPT-00027,2025-01-28T00:00:00,36679.99,TXN-0001997,retrait
agence,CPT-00237,2024-09-13T00:00:00,4034.41,TXN-0001998,dépôt
agence,CPT-00010,2025-01-18T00:00:00,22634.89,TXN-0001999,dépôt
mobile_money,CPT-00237,2025-12-16T00:00:00,16736.8,TXN-0002000,retrait
agence,CPT-00097,2025-08-10T00:00:00,49454.67,TXN-0002001,retrait
mobile_money,CPT-00051,2025-11-26T00:00:00,25064.05,TXN-0002002,virement
agence,CPT-00058,2025-03-20T00:00:00,37365.54,TXN-0002003,retrait
agence,CPT-00023,2025-11-15T00:00:00,31826.67,TXN-0002004,dépôt
mobile_money,CPT-00053,2024-01-06T00:00:00,40690.43,TXN-0002005,dépôt
mobile_money,CPT-00199,2024-03-14T00:00:00,28846.46,TXN-0002006,remboursement
mobile_money,CPT-00048,2024-07-31T00:00:00,10316.71,TXN-0002007,remboursement
agence,CPT-00129,2025-07-26T00:00:00,18467.77,TXN-0002008,virement
mobile_money,CPT-00206,2025-10-02T00:00:00,22505.03,TXN-0002009,dépôt
mobile_money,CPT-00224,2024-05-10T00:00:00,28888.47,TXN-0002010,dépôt
mobile_money,CPT-00026,2024-02-22T00:00:00,25436.9,TXN-0002011,dépôt
mobile_money,CPT-00006,2024-10-23T00:00:00,41245.06,TXN-0002012,retrait
mobile_money,CPT-00100,2024-06-10T00:00:00,4329.69,TXN-0002013,virement
mobile_money,CPT-00020,2025-09-17T00:00:00,42806.57,TXN-0002014,retrait
mobile_money,CPT-00103,2024-04-23T00:00:00,27751.14,TXN-0002015,dépôt
mobile_money,CPT-00240,2024-02-03T00:00:00,33008.37,TXN-0002016,virement
agence,CPT-00108,2026-02-22T00:00:00,10825.05,TXN-0002017,virement
mobile_money,CPT-00036,2026-01-21T00:00:00,27807.28,TXN-0002018,retrait
agence,CPT-00237,2024-03-15T00:00:00,12545.24,TXN-0002019,dépôt
agence,CPT-00089,2025-09-04T00:00:00,47545.48,TXN-0002020,dépôt
agence,CPT-00228,2024-10-04T00:00:00,47383.43,TXN-0002021,remboursement
mobile_money,CPT-00027,2024-08-18T00:00:00,25333.24,TXN-0002022,dépôt
agence,CPT-00111,2024-08-21T00:00:00,15867.5,TXN-0002023,remboursement
mobile_money,CPT-00239,2024-07-19T00:00:00,2291.34,TXN-0002024,dépôt
mobile_money,CPT-00175,2024-02-23T00:00:00,28072.3,TXN-0002025,dépôt
mobile_money,CPT-00197,2025-03-16T00:00:00,35076.59,TXN-0002026,remboursement
mobile_money,CPT-00141,2024-04-30T00:00:00,6663.58,TXN-0002027,retrait
agence,CPT-00091,2024-02-29T00:00:00,17813.16,TXN-0002028,retrait
mobile_money,CPT-00060,2024-08-20T00:00:00,29842.26,TXN-0002029,dépôt
agence,CPT-00192,2024-01-16T00:00:00,49556.0,TXN-0002030,dépôt
mobile_money,CPT-00209,2024-05-09T00:00:00,4753.97,TXN-0002031,dépôt
agence,CPT-00047,2024-12-24T00:00:00,3142.25,TXN-0002032,virement
agence,CPT-00075,2025-05-05T00:00:00,30700.07,TXN-0002033,retrait
agence,CPT-00169,2025-07-10T00:00:00,4742.52,TXN-0002034,dépôt
mobile_money,CPT-00127,2024-08-13T00:00:00,44984.37,TXN-0002035,virement
mobile_money,CPT-00183,2025-07-18T00:00:00,47129.92,TXN-0002036,virement
mobile_money,CPT-00223,2024-09-30T00:00:00,26815.37,TXN-0002037,retrait
mobile_money,CPT-00179,2025-02-24T00:00:00,3645.88,TXN-0002038,dépôt
agence,CPT-00072,2024-05-20T00:00:00,10974.19,TXN-0002039,dépôt
agence,CPT-00079,2026-01-12T00:00:00,7014.65,TXN-0002040,retrait
mobile_money,CPT-00010,2025-10-27T00:00:00,35218.76,TXN-0002041,retrait
mobile_money,CPT-00244,2024-02-04T00:00:00,2043.19,TXN-0002042,dépôt
agence,CPT-00072,2024-03-27T00:00:00,15720.23,TXN-0002043,remboursement
mobile_money,CPT-00072,2025-01-26T00:00:00,25272.52,TXN-0002044,remboursement
agence,CPT-00114,2025-01-23T00:00:00,11997.97,TXN-0002045,dépôt
mobile_money,CPT-00169,2025-11-07T00:00:00,27092.1,TXN-0002046,remboursement
mobile_money,CPT-00009,2025-09-15T00:00:00,46923.97,TXN-0002047,virement
agence,CPT-00237,2025-08-28T00:00:00,40701.94,TXN-0002048,virement
mobile_money,CPT-00194,2025-09-28T00:00:00,17706.27,TXN-0002049,dépôt
agence,CPT-00222,2026-01-23T00:00:00,39348.02,TXN-0002050,remboursement
mobile_money,CPT-00207,2026-01-08T00:00:00,28111.41,TXN-0002051,dépôt
mobile_money,CPT-00220,2026-01-06T00:00:00,21767.92,TXN-0002052,remboursement
agence,CPT-00042,2024-08-31T00:00:00,23899.29,TXN-0002053,remboursement
mobile_money,CPT-00233,2025-11-29T00:00:00,14754.31,TXN-0002054,dépôt
mobile_money,CPT-00022,2024-10-29T00:00:00,38795.62,TXN-0002055,retrait
mobile_money,CPT-00147,2024-10-07T00:00:00,2891.7,TXN-0002056,remboursement
agence,CPT-00069,2026-03-01T00:00:00,39338.89,TXN-0002057,virement
mobile_money,CPT-00032,2024-11-24T00:00:00,28853.61,TXN-0002058,virement
mobile_money,CPT-00217,2024-01-18T00:00:00,22746.63,TXN-0002059,retrait
mobile_money,CPT-00003,2025-01-02T00:00:00,2813.18,TXN-0002060,remboursement
agence,CPT-00164,2025-08-16T00:00:00,21021.93,TXN-0002061,retrait
agence,CPT-00071,2025-03-27T00:00:00,47711.37,TXN-0002062,virement
agence,CPT-00067,2025-05-21T00:00:00,13717.5,TXN-0002063,virement
agence,CPT-00059,2025-09-24T00:00:00,8198.19,TXN-0002064,retrait
mobile_money,CPT-00060,2024-07-07T00:00:00,33075.44,TXN-0002065,dépôt
agence,CPT-00149,2026-01-04T00:00:00,3055.82,TXN-0002066,virement
mobile_money,CPT-00016,2024-01-17T00:00:00,48788.83,TXN-0002067,virement
agence,CPT-00139,2024-12-24T00:00:00,30428.36,TXN-0002068,dépôt
agence,CPT-00020,2024-03-20T00:00:00,6545.95,TXN-0002069,remboursement
mobile_money,CPT-00053,2025-11-28T00:00:00,28947.93,TXN-0002070,virement
agence,CPT-00019,2024-05-26T00:00:00,43916.8,TXN-0002071,remboursement
mobile_money,CPT-00084,2025-02-21T00:00:00,17414.3,TXN-0002072,virement
mobile_money,CPT-00121,2024-06-13T00:00:00,31473.9,TXN-0002073,virement
agence,CPT-00012,2025-08-28T00:00:00,46585.12,TXN-0002074,virement
mobile_money,CPT-00028,2025-06-07T00:00:00,40593.68,TXN-0002075,retrait
agence,CPT-00241,2025-08-19T00:00:00,19563.14,TXN-0002076,retrait
agence,CPT-00169,2025-10-26T00:00:00,19673.39,TXN-0002077,retrait
mobile_money,CPT-00245,2024-08-17T00:00:00,47972.63,TXN-0002078,dépôt
agence,CPT-00138,2025-06-24T00:00:00,42532.16,TXN-0002079,dépôt
mobile_money,CPT-00156,2025-06-16T00:00:00,33300.69,TXN-0002080,remboursement
mobile_money,CPT-00082,2025-08-12T00:00:00,10556.16,TXN-0002081,virement
mobile_money,CPT-00234,2026-02-25T00:00:00,17105.54,TXN-0002082,retrait
agence,CPT-00060,2024-04-28T00:00:00,16426.0,TXN-0002083,remboursement
agence,CPT-00114,2024-12-26T00:00:00,18732.18,TXN-0002084,remboursement
agence,CPT-00235,2025-09-11T00:00:00,33013.17,TXN-0002085,virement
agence,CPT-00115,2024-05-08T00:00:00,12258.4,TXN-0002086,remboursement
agence,CPT-00199,2025-11-12T00:00:00,34031.15,TXN-0002087,remboursement
mobile_money,CPT-00156,2024-12-15T00:00:00,39996.94,TXN-0002088,virement
agence,CPT-00031,2025-06-01T00:00:00,21016.64,TXN-0002089,dépôt
agence,CPT-00148,2024-07-21T00:00:00,31998.86,TXN-0002090,remboursement
mobile_money,CPT-00225,2024-05-03T00:00:00,1760.1,TXN-0002091,remboursement
agence,CPT-00068,2024-05-09T00:00:00,37399.85,TXN-0002092,remboursement
agence,CPT-00214,2024-06-19T00:00:00,2172.64,TXN-0002093,remboursement
agence,CPT-00034,2024-12-28T00:00:00,45308.76,TXN-0002094,remboursement
mobile_money,CPT-00103,2024-05-01T00:00:00,35887.19,TXN-0002095,retrait
agence,CPT-00230,2025-09-23T00:00:00,29982.42,TXN-0002096,virement
mobile_money,CPT-00185,2024-12-29T00:00:00,4613.87,TXN-0002097,dépôt
mobile_money,CPT-00234,2026-01-28T00:00:00,31910.77,TXN-0002098,remboursement
agence,CPT-00075,2026-01-21T00:00:00,35305.57,TXN-0002099,remboursement
mobile_money,CPT-00186,2024-01-08T00:00:00,8460.56,TXN-0002100,dépôt
agence,CPT-00173,2025-03-25T00:00:00,19589.35,TXN-0002101,remboursement
agence,CPT-00131,2024-04-09T00:00:00,47293.64,TXN-0002102,virement
mobile_money,CPT-00077,2025-07-31T00:00:00,17714.74,TXN-0002103,remboursement
agence,CPT-00074,2026-02-14T00:00:00,19819.32,TXN-0002104,virement
agence,CPT-00245,2026-01-22T00:00:00,3054.79,TXN-0002105,retrait
mobile_money,CPT-00111,2025-09-22T00:00:00,29181.75,TXN-0002106,virement
mobile_money,CPT-00026,2024-05-01T00:00:00,14954.76,TXN-0002107,virement
mobile_money,CPT-00071,2024-06-22T00:00:00,22506.92,TXN-0002108,remboursement
agence,CPT-00241,2026-02-10T00:00:00,49451.47,TXN-0002109,virement
agence,CPT-00237,2024-05-24T00:00:00,33655.25,TXN-0002110,retrait
agence,CPT-00053,2024-02-10T00:00:00,2340.16,TXN-0002111,retrait
mobile_money,CPT-00002,2024-01-27T00:00:00,41792.72,TXN-0002112,remboursement
mobile_money,CPT-00053,2025-08-07T00:00:00,47148.49,TXN-0002113,virement
mobile_money,CPT-00188,2025-04-09T00:00:00,26523.8,TXN-0002114,remboursement
mobile_money,CPT-00236,2024-05-02T00:00:00,36096.29,TXN-0002115,dépôt
agence,CPT-00228,2024-03-29T00:00:00,25169.52,TXN-0002116,remboursement
agence,CPT-00072,2024-03-21T00:00:00,48453.54,TXN-0002117,dépôt
mobile_money,CPT-00187,2025-06-03T00:00:00,17028.67,TXN-0002118,dépôt
agence,CPT-00071,2025-06-09T00:00:00,31900.57,TXN-0002119,remboursement
mobile_money,CPT-00181,2024-02-09T00:00:00,44721.35,TXN-0002120,virement
agence,CPT-00026,2025-07-25T00:00:00,10329.54,TXN-0002121,virement
mobile_money,CPT-00243,2025-08-23T00:00:00,13049.77,TXN-0002122,dépôt
mobile_money,CPT-00224,2024-09-28T00:00:00,33994.03,TXN-0002123,retrait
mobile_money,CPT-00039,2026-01-21T00:00:00,40879.57,TXN-0002124,remboursement
agence,CPT-00073,2024-03-31T00:00:00,10730.08,TXN-0002125,retrait
agence,CPT-00001,2025-07-25T00:00:00,4295.8,TXN-0002126,remboursement
mobile_money,CPT-00182,2025-12-05T00:00:00,2901.82,TXN-0002127,retrait
mobile_money,CPT-00158,2024-08-28T00:00:00,31920.29,TXN-0002128,remboursement
mobile_money,CPT-00124,2024-08-25T00:00:00,44016.59,TXN-0002129,retrait
mobile_money,CPT-00172,2025-10-07T00:00:00,25020.88,TXN-0002130,remboursement
agence,CPT-00154,2024-10-29T00:00:00,27627.25,TXN-0002131,virement
mobile_money,CPT-00057,2026-02-12T00:00:00,48183.03,TXN-0002132,dépôt
mobile_money,CPT-00108,2025-11-09T00:00:00,16944.46,TXN-0002133,remboursement
agence,CPT-00030,2024-11-22T00:00:00,23772.06,TXN-0002134,retrait
mobile_money,CPT-00089,2025-05-10T00:00:00,35536.12,TXN-0002135,remboursement
mobile_money,CPT-00154,2024-01-30T00:00:00,34673.87,TXN-0002136,remboursement
agence,CPT-00069,2025-02-22T00:00:00,44600.72,TXN-0002137,retrait
mobile_money,CPT-00144,2024-11-21T00:00:00,13818.66,TXN-0002138,virement
agence,CPT-00101,2024-09-23T00:00:00,21834.76,TXN-0002139,remboursement
agence,CPT-00069,2024-12-13T00:00:00,36681.16,TXN-0002140,remboursement
agence,CPT-00079,2025-08-09T00:00:00,21080.77,TXN-0002141,remboursement
mobile_money,CPT-00138,2024-04-22T00:00:00,39198.05,TXN-0002142,retrait
mobile_money,CPT-00034,2024-01-22T00:00:00,47563.65,TXN-0002143,dépôt
agence,CPT-00024,2026-02-24T00:00:00,45699.2,TXN-0002144,virement
agence,CPT-00168,2025-01-05T00:00:00,26413.8,TXN-0002145,dépôt
mobile_money,CPT-00041,2024-08-22T00:00:00,43126.42,TXN-0002146,remboursement
mobile_money,CPT-00206,2024-12-05T00:00:00,45622.04,TXN-0002147,retrait
agence,CPT-00056,2024-02-06T00:00:00,47060.68,TXN-0002148,retrait
agence,CPT-00194,2025-05-11T00:00:00,25573.47,TXN-0002149,dépôt
agence,CPT-00041,2024-08-23T00:00:00,15771.86,TXN-0002150,virement
mobile_money,CPT-00009,2025-01-21T00:00:00,37745.85,TXN-0002151,virement
agence,CPT-00034,2024-03-19T00:00:00,43237.2,TXN-0002152,virement
agence,CPT-00130,2026-01-30T00:00:00,1987.55,TXN-0002153,remboursement
mobile_money,CPT-00025,2025-09-12T00:00:00,10519.92,TXN-0002154,remboursement
agence,CPT-00201,2026-01-31T00:00:00,21832.48,TXN-0002155,virement
mobile_money,CPT-00078,2024-04-12T00:00:00,23486.38,TXN-0002156,virement
agence,CPT-00249,2025-03-15T00:00:00,19452.46,TXN-0002157,remboursement
mobile_money,CPT-00057,2025-05-09T00:00:00,28488.82,TXN-0002158,remboursement
mobile_money,CPT-00233,2025-05-23T00:00:00,19738.01,TXN-0002159,retrait
agence,CPT-00244,2026-01-01T00:00:00,38372.32,TXN-0002160,virement
mobile_money,CPT-00116,2024-01-26T00:00:00,29316.09,TXN-0002161,retrait
agence,CPT-00198,2025-05-03T00:00:00,22907.18,TXN-0002162,retrait
agence,CPT-00165,2025-10-07T00:00:00,17289.34,TXN-0002163,virement
agence,CPT-00025,2025-05-16T00:00:00,11176.41,TXN-0002164,retrait
agence,CPT-00022,2025-04-29T00:00:00,20756.56,TXN-0002165,retrait
mobile_money,CPT-00016,2024-11-14T00:00:00,13349.17,TXN-0002166,remboursement
mobile_money,CPT-00214,2025-12-06T00:00:00,2788.98,TXN-0002167,retrait
mobile_money,CPT-00224,2024-08-02T00:00:00,14139.1,TXN-0002168,dépôt
agence,CPT-00140,2025-10-29T00:00:00,16337.79,TXN-0002169,remboursement
agence,CPT-00083,2025-06-10T00:00:00,35734.54,TXN-0002170,remboursement
mobile_money,CPT-00236,2024-03-20T00:00:00,21859.4,TXN-0002171,dépôt
agence,CPT-00033,2026-02-05T00:00:00,8942.56,TXN-0002172,dépôt
agence,CPT-00043,2024-04-26T00:00:00,22442.46,TXN-0002173,retrait
mobile_money,CPT-00227,2025-10-03T00:00:00,25264.04,TXN-0002174,remboursement
agence,CPT-00036,2024-10-30T00:00:00,20570.88,TXN-0002175,remboursement
mobile_money,CPT-00112,2025-11-23T00:00:00,36277.21,TXN-0002176,virement
agence,CPT-00134,2025-01-15T00:00:00,31139.92,TXN-0002177,virement
mobile_money,CPT-00037,2024-07-28T00:00:00,26639.31,TXN-0002178,virement
mobile_money,CPT-00133,2024-08-03T00:00:00,24133.39,TXN-0002179,virement
mobile_money,CPT-00238,2026-01-02T00:00:00,9047.67,TXN-0002180,retrait
mobile_money,CPT-00003,2024-06-02T00:00:00,21398.84,TXN-0002181,virement
agence,CPT-00018,2024-07-11T00:00:00,16280.18,TXN-0002182,dépôt
agence,CPT-00178,2024-12-04T00:00:00,27348.84,TXN-0002183,dépôt
mobile_money,CPT-00016,2024-03-09T00:00:00,30128.27,TXN-0002184,remboursement
agence,CPT-00163,2024-01-15T00:00:00,17902.91,TXN-0002185,retrait
mobile_money,CPT-00071,2025-03-12T00:00:00,41216.97,TXN-0002186,virement
agence,CPT-00095,2025-07-28T00:00:00,46781.09,TXN-0002187,remboursement
mobile_money,CPT-00020,2024-08-09T00:00:00,6045.84,TXN-0002188,retrait
mobile_money,CPT-00046,2024-05-09T00:00:00,28619.33,TXN-0002189,virement
mobile_money,CPT-00085,2026-01-24T00:00:00,48366.29,TXN-0002190,virement
agence,CPT-00054,2024-08-25T00:00:00,1130.87,TXN-0002191,retrait
agence,CPT-00024,2025-05-01T00:00:00,8023.33,TXN-0002192,retrait
agence,CPT-00083,2024-02-23T00:00:00,44901.71,TXN-0002193,dépôt
mobile_money,CPT-00131,2025-04-28T00:00:00,21844.88,TXN-0002194,remboursement
mobile_money,CPT-00078,2025-02-06T00:00:00,12797.87,TXN-0002195,dépôt
mobile_money,CPT-00199,2024-12-29T00:00:00,35605.98,TXN-0002196,remboursement
agence,CPT-00215,2025-09-11T00:00:00,27003.59,TXN-0002197,virement
agence,CPT-00245,2024-10-11T00:00:00,47329.01,TXN-0002198,retrait
mobile_money,CPT-00216,2025-05-16T00:00:00,28463.81,TXN-0002199,remboursement
mobile_money,CPT-00176,2025-03-21T00:00:00,28337.35,TXN-0002200,dépôt
mobile_money,CPT-00046,2025-04-22T00:00:00,43440.78,TXN-0002201,dépôt
agence,CPT-00187,2025-07-27T00:00:00,11475.22,TXN-0002202,remboursement
agence,CPT-00098,2026-02-04T00:00:00,9771.27,TXN-0002203,virement
agence,CPT-00051,2024-07-18T00:00:00,18688.58,TXN-0002204,remboursement
mobile_money,CPT-00151,2025-01-12T00:00:00,17094.13,TXN-0002205,virement
mobile_money,CPT-00129,2024-02-04T00:00:00,30731.95,TXN-0002206,dépôt
mobile_money,CPT-00165,2025-12-13T00:00:00,20516.41,TXN-0002207,remboursement
mobile_money,CPT-00071,2024-02-01T00:00:00,48585.89,TXN-0002208,dépôt
agence,CPT-00156,2025-04-29T00:00:00,25024.72,TXN-0002209,remboursement
agence,CPT-00010,2025-12-31T00:00:00,2413.01,TXN-0002210,virement
agence,CPT-00181,2024-05-14T00:00:00,43674.75,TXN-0002211,retrait
agence,CPT-00108,2025-10-14T00:00:00,3746.35,TXN-0002212,dépôt
agence,CPT-00081,2024-10-11T00:00:00,43036.62,TXN-0002213,dépôt
mobile_money,CPT-00168,2025-11-19T00:00:00,17300.58,TXN-0002214,dépôt
mobile_money,CPT-00230,2025-08-23T00:00:00,45380.51,TXN-0002215,retrait
mobile_money,CPT-00133,2025-02-16T00:00:00,47086.71,TXN-0002216,dépôt
agence,CPT-00215,2026-02-18T00:00:00,4182.79,TXN-0002217,dépôt
agence,CPT-00187,2025-03-30T00:00:00,5114.47,TXN-0002218,virement
agence,CPT-00071,2025-02-23T00:00:00,34747.12,TXN-0002219,retrait
mobile_money,CPT-00163,2025-07-28T00:00:00,16247.06,TXN-0002220,dépôt
agence,CPT-00031,2025-12-14T00:00:00,23846.36,TXN-0002221,virement
agence,CPT-00145,2024-04-02T00:00:00,5319.94,TXN-0002222,remboursement
agence,CPT-00187,2025-08-28T00:00:00,10097.29,TXN-0002223,dépôt
mobile_money,CPT-00197,2024-08-10T00:00:00,39648.1,TXN-0002224,retrait
mobile_money,CPT-00118,2024-09-09T00:00:00,43982.72,TXN-0002225,dépôt
agence,CPT-00215,2026-01-25T00:00:00,37623.01,TXN-0002226,retrait
agence,CPT-00080,2024-10-20T00:00:00,19586.21,TXN-0002227,dépôt
agence,CPT-00072,2025-02-27T00:00:00,28686.96,TXN-0002228,retrait
agence,CPT-00214,2024-07-23T00:00:00,14367.17,TXN-0002229,retrait
agence,CPT-00076,2024-09-27T00:00:00,35180.35,TXN-0002230,virement
mobile_money,CPT-00126,2024-12-23T00:00:00,29356.11,TXN-0002231,virement
mobile_money,CPT-00213,2025-08-22T00:00:00,2799.82,TXN-0002232,retrait
mobile_money,CPT-00040,2025-03-20T00:00:00,49694.03,TXN-0002233,retrait
mobile_money,CPT-00166,2025-12-17T00:00:00,11164.9,TXN-0002234,virement
mobile_money,CPT-00024,2025-04-23T00:00:00,13652.48,TXN-0002235,retrait
agence,CPT-00009,2025-10-08T00:00:00,26334.46,TXN-0002236,dépôt
mobile_money,CPT-00122,2024-11-26T00:00:00,23895.1,TXN-0002237,retrait
mobile_money,CPT-00145,2024-02-04T00:00:00,33256.94,TXN-0002238,remboursement
agence,CPT-00180,2024-01-09T00:00:00,31844.13,TXN-0002239,dépôt
agence,CPT-00108,2025-10-25T00:00:00,17400.91,TXN-0002240,remboursement
agence,CPT-00048,2025-04-23T00:00:00,16007.51,TXN-0002241,virement
mobile_money,CPT-00193,2025-09-23T00:00:00,22511.43,TXN-0002242,dépôt
agence,CPT-00152,2025-04-29T00:00:00,36816.79,TXN-0002243,remboursement
mobile_money,CPT-00065,2025-05-09T00:00:00,30446.15,TXN-0002244,virement
agence,CPT-00077,2024-08-27T00:00:00,48567.52,TXN-0002245,dépôt
mobile_money,CPT-00108,2025-08-14T00:00:00,38929.55,TXN-0002246,remboursement
mobile_money,CPT-00152,2024-06-19T00:00:00,9037.27,TXN-0002247,dépôt
agence,CPT-00227,2025-08-04T00:00:00,47623.2,TXN-0002248,retrait
agence,CPT-00034,2024-02-25T00:00:00,39639.9,TXN-0002249,virement
mobile_money,CPT-00080,2025-04-14T00:00:00,40272.99,TXN-0002250,retrait
agence,CPT-00043,2024-05-31T00:00:00,1041.32,TXN-0002251,remboursement
agence,CPT-00227,2024-03-23T00:00:00,15762.83,TXN-0002252,retrait
agence,CPT-00061,2026-01-11T00:00:00,22390.9,TXN-0002253,retrait
mobile_money,CPT-00040,2024-06-12T00:00:00,1242.29,TXN-0002254,virement
agence,CPT-00026,2025-02-07T00:00:00,27941.62,TXN-0002255,remboursement
agence,CPT-00234,2025-04-19T00:00:00,33753.41,TXN-0002256,remboursement
agence,CPT-00196,2024-11-21T00:00:00,19991.12,TXN-0002257,dépôt
mobile_money,CPT-00103,2025-11-21T00:00:00,45003.04,TXN-0002258,virement
mobile_money,CPT-00153,2024-12-21T00:00:00,27171.64,TXN-0002259,remboursement
agence,CPT-00172,2025-09-15T00:00:00,11863.01,TXN-0002260,dépôt
agence,CPT-00197,2024-12-14T00:00:00,19087.5,TXN-0002261,retrait
agence,CPT-00157,2025-10-23T00:00:00,45814.71,TXN-0002262,remboursement
mobile_money,CPT-00036,2024-08-04T00:00:00,10210.56,TXN-0002263,remboursement
agence,CPT-00112,2025-10-31T00:00:00,17639.75,TXN-0002264,dépôt
mobile_money,CPT-00109,2025-01-31T00:00:00,14963.24,TXN-0002265,retrait
agence,CPT-00009,2025-03-07T00:00:00,47967.12,TXN-0002266,virement
mobile_money,CPT-00042,2024-04-18T00:00:00,34434.65,TXN-0002267,remboursement
agence,CPT-00207,2026-01-20T00:00:00,17968.06,TXN-0002268,dépôt
agence,CPT-00168,2024-01-13T00:00:00,40373.96,TXN-0002269,remboursement
mobile_money,CPT-00082,2025-01-28T00:00:00,29159.43,TXN-0002270,retrait
mobile_money,CPT-00003,2025-11-17T00:00:00,33037.04,TXN-0002271,remboursement
agence,CPT-00109,2024-09-21T00:00:00,15844.77,TXN-0002272,dépôt
mobile_money,CPT-00155,2025-04-29T00:00:00,25601.02,TXN-0002273,remboursement
mobile_money,CPT-00217,2024-07-02T00:00:00,6471.93,TXN-0002274,virement
agence,CPT-00137,2024-03-22T00:00:00,43645.4,TXN-0002275,remboursement
mobile_money,CPT-00002,2025-12-25T00:00:00,47461.86,TXN-0002276,virement
mobile_money,CPT-00051,2025-04-20T00:00:00,22309.51,TXN-0002277,remboursement
mobile_money,CPT-00011,2025-04-16T00:00:00,43526.94,TXN-0002278,dépôt
mobile_money,CPT-00013,2024-12-11T00:00:00,13364.01,TXN-0002279,virement
mobile_money,CPT-00197,2024-07-02T00:00:00,27594.68,TXN-0002280,dépôt
mobile_money,CPT-00092,2024-11-28T00:00:00,1858.43,TXN-0002281,remboursement
agence,CPT-00163,2024-12-31T00:00:00,30193.17,TXN-0002282,dépôt
agence,CPT-00137,2024-03-27T00:00:00,13182.71,TXN-0002283,remboursement
mobile_money,CPT-00033,2025-03-17T00:00:00,32013.08,TXN-0002284,retrait
mobile_money,CPT-00089,2024-09-06T00:00:00,34760.61,TXN-0002285,remboursement
agence,CPT-00011,2024-02-09T00:00:00,17002.84,TXN-0002286,dépôt
agence,CPT-00156,2026-01-12T00:00:00,19713.74,TXN-0002287,dépôt
agence,CPT-00087,2024-01-23T00:00:00,21703.97,TXN-0002288,virement
agence,CPT-00244,2026-01-30T00:00:00,36358.1,TXN-0002289,virement
mobile_money,CPT-00215,2024-07-15T00:00:00,48292.84,TXN-0002290,remboursement
mobile_money,CPT-00078,2024-02-20T00:00:00,35018.6,TXN-0002291,retrait
mobile_money,CPT-00147,2025-03-23T00:00:00,11545.25,TXN-0002292,remboursement
agence,CPT-00192,2025-11-18T00:00:00,14565.84,TXN-0002293,retrait
mobile_money,CPT-00155,2025-11-25T00:00:00,45577.57,TXN-0002294,remboursement
mobile_money,CPT-00070,2024-01-20T00:00:00,20951.96,TXN-0002295,dépôt
mobile_money,CPT-00169,2025-04-18T00:00:00,14463.66,TXN-0002296,retrait
mobile_money,CPT-00025,2025-12-27T00:00:00,12016.41,TXN-0002297,retrait
mobile_money,CPT-00057,2026-01-15T00:00:00,30957.93,TXN-0002298,dépôt
mobile_money,CPT-00151,2024-12-02T00:00:00,32103.86,TXN-0002299,remboursement
mobile_money,CPT-00122,2024-11-23T00:00:00,17804.59,TXN-0002300,dépôt
mobile_money,CPT-00211,2026-01-30T00:00:00,8437.15,TXN-0002301,remboursement
mobile_money,CPT-00054,2024-09-18T00:00:00,33976.31,TXN-0002302,retrait
mobile_money,CPT-00009,2025-07-28T00:00:00,31937.82,TXN-0002303,dépôt
mobile_money,CPT-00022,2025-06-26T00:00:00,37652.53,TXN-0002304,retrait
mobile_money,CPT-00078,2025-04-07T00:00:00,37792.02,TXN-0002305,virement
mobile_money,CPT-00008,2024-06-19T00:00:00,31618.27,TXN-0002306,retrait
agence,CPT-00145,2026-02-22T00:00:00,21354.26,TXN-0002307,remboursement
agence,CPT-00193,2025-05-17T00:00:00,28265.53,TXN-0002308,virement
agence,CPT-00097,2024-05-06T00:00:00,19543.01,TXN-0002309,retrait
mobile_money,CPT-00102,2024-04-23T00:00:00,11353.95,TXN-0002310,retrait
mobile_money,CPT-00046,2026-01-22T00:00:00,38576.86,TXN-0002311,retrait
mobile_money,CPT-00141,2024-08-10T00:00:00,18249.21,TXN-0002312,remboursement
agence,CPT-00231,2025-01-06T00:00:00,16650.77,TXN-0002313,virement
mobile_money,CPT-00171,2025-06-29T00:00:00,25612.93,TXN-0002314,virement
mobile_money,CPT-00058,2025-04-20T00:00:00,25246.83,TXN-0002315,remboursement
mobile_money,CPT-00212,2024-06-30T00:00:00,8691.42,TXN-0002316,remboursement
mobile_money,CPT-00074,2024-12-08T00:00:00,27100.62,TXN-0002317,dépôt
mobile_money,CPT-00168,2024-04-10T00:00:00,34484.24,TXN-0002318,retrait
agence,CPT-00149,2025-02-24T00:00:00,48738.12,TXN-0002319,remboursement
agence,CPT-00163,2024-05-21T00:00:00,31324.92,TXN-0002320,dépôt
agence,CPT-00154,2024-11-28T00:00:00,47328.96,TXN-0002321,remboursement
agence,CPT-00043,2025-01-14T00:00:00,34533.79,TXN-0002322,remboursement
agence,CPT-00191,2024-07-16T00:00:00,28050.81,TXN-0002323,remboursement
agence,CPT-00118,2024-09-02T00:00:00,36429.95,TXN-0002324,virement
agence,CPT-00121,2024-10-27T00:00:00,16813.49,TXN-0002325,retrait
mobile_money,CPT-00229,2025-04-17T00:00:00,11143.36,TXN-0002326,dépôt
mobile_money,CPT-00063,2024-06-30T00:00:00,49495.95,TXN-0002327,remboursement
agence,CPT-00129,2024-12-05T00:00:00,40380.66,TXN-0002328,dépôt
agence,CPT-00063,2024-03-12T00:00:00,36380.27,TXN-0002329,remboursement
mobile_money,CPT-00192,2025-02-20T00:00:00,34419.16,TXN-0002330,dépôt
mobile_money,CPT-00221,2025-03-03T00:00:00,4447.92,TXN-0002331,remboursement
agence,CPT-00227,2025-09-13T00:00:00,36073.95,TXN-0002332,dépôt
mobile_money,CPT-00113,2024-03-02T00:00:00,41559.94,TXN-0002333,remboursement
agence,CPT-00208,2026-01-12T00:00:00,41587.08,TXN-0002334,remboursement
mobile_money,CPT-00094,2025-06-07T00:00:00,36114.61,TXN-0002335,remboursement
agence,CPT-00110,2024-09-25T00:00:00,6077.53,TXN-0002336,dépôt
mobile_money,CPT-00185,2025-11-03T00:00:00,18956.76,TXN-0002337,retrait
mobile_money,CPT-00037,2024-08-03T00:00:00,39982.1,TXN-0002338,retrait
mobile_money,CPT-00025,2024-03-16T00:00:00,32459.74,TXN-0002339,virement
mobile_money,CPT-00231,2026-02-14T00:00:00,37872.62,TXN-0002340,remboursement
mobile_money,CPT-00088,2024-12-04T00:00:00,34770.51,TXN-0002341,virement
agence,CPT-00180,2025-08-31T00:00:00,28843.33,TXN-0002342,virement
agence,CPT-00195,2024-10-22T00:00:00,8253.17,TXN-0002343,retrait
mobile_money,CPT-00057,2025-12-31T00:00:00,28613.43,TXN-0002344,virement
mobile_money,CPT-00079,2024-11-08T00:00:00,28814.36,TXN-0002345,retrait
agence,CPT-00183,2024-06-07T00:00:00,33990.66,TXN-0002346,remboursement
agence,CPT-00038,2024-09-20T00:00:00,43098.23,TXN-0002347,virement
agence,CPT-00008,2024-05-31T00:00:00,29578.29,TXN-0002348,retrait
mobile_money,CPT-00067,2026-02-02T00:00:00,36335.83,TXN-0002349,virement
agence,CPT-00123,2025-10-21T00:00:00,48647.76,TXN-0002350,retrait
mobile_money,CPT-00151,2025-01-22T00:00:00,26643.53,TXN-0002351,virement
agence,CPT-00166,2025-05-08T00:00:00,43668.33,TXN-0002352,retrait
mobile_money,CPT-00124,2024-03-07T00:00:00,1697.4,TXN-0002353,remboursement
mobile_money,CPT-00058,2024-06-02T00:00:00,11115.03,TXN-0002354,virement
mobile_money,CPT-00156,2024-12-31T00:00:00,32849.84,TXN-0002355,dépôt
agence,CPT-00118,2025-06-20T00:00:00,42158.88,TXN-0002356,dépôt
mobile_money,CPT-00190,2024-02-03T00:00:00,18814.46,TXN-0002357,retrait
agence,CPT-00161,2025-06-03T00:00:00,47649.39,TXN-0002358,dépôt
mobile_money,CPT-00070,2024-02-27T00:00:00,48551.42,TXN-0002359,dépôt
agence,CPT-00146,2026-01-27T00:00:00,12989.92,TXN-0002360,retrait
mobile_money,CPT-00177,2026-01-04T00:00:00,12188.66,TXN-0002361,retrait
mobile_money,CPT-00046,2024-09-29T00:00:00,48989.5,TXN-0002362,dépôt
agence,CPT-00024,2024-03-06T00:00:00,36933.53,TXN-0002363,retrait
agence,CPT-00134,2024-08-21T00:00:00,3982.39,TXN-0002364,virement
agence,CPT-00150,2025-07-03T00:00:00,23749.29,TXN-0002365,remboursement
mobile_money,CPT-00082,2024-04-29T00:00:00,10624.87,TXN-0002366,dépôt
agence,CPT-00022,2025-07-09T00:00:00,10672.42,TXN-0002367,remboursement
mobile_money,CPT-00154,2024-01-10T00:00:00,15698.09,TXN-0002368,remboursement
agence,CPT-00221,2025-03-29T00:00:00,36279.09,TXN-0002369,dépôt
mobile_money,CPT-00151,2024-09-14T00:00:00,49619.65,TXN-0002370,remboursement
mobile_money,CPT-00154,2024-06-29T00:00:00,25137.65,TXN-0002371,virement
mobile_money,CPT-00130,2025-10-22T00:00:00,26195.81,TXN-0002372,remboursement
mobile_money,CPT-00068,2025-11-25T00:00:00,17715.97,TXN-0002373,retrait
agence,CPT-00161,2026-02-13T00:00:00,6462.03,TXN-0002374,remboursement
mobile_money,CPT-00125,2025-06-05T00:00:00,16641.17,TXN-0002375,dépôt
mobile_money,CPT-00127,2026-02-17T00:00:00,9760.96,TXN-0002376,retrait
mobile_money,CPT-00173,2025-03-29T00:00:00,5633.83,TXN-0002377,virement
agence,CPT-00164,2024-04-21T00:00:00,10486.18,TXN-0002378,retrait
mobile_money,CPT-00055,2024-11-23T00:00:00,25587.2,TXN-0002379,virement
agence,CPT-00027,2024-08-03T00:00:00,46450.02,TXN-0002380,virement
agence,CPT-00083,2025-02-09T00:00:00,10403.3,TXN-0002381,retrait
mobile_money,CPT-00219,2024-06-09T00:00:00,30896.04,TXN-0002382,retrait
mobile_money,CPT-00245,2025-03-02T00:00:00,33021.04,TXN-0002383,remboursement
mobile_money,CPT-00059,2024-11-06T00:00:00,24127.1,TXN-0002384,virement
mobile_money,CPT-00038,2024-12-28T00:00:00,17352.39,TXN-0002385,virement
mobile_money,CPT-00116,2025-02-06T00:00:00,21839.6,TXN-0002386,virement
mobile_money,CPT-00002,2025-02-22T00:00:00,3710.06,TXN-0002387,remboursement
mobile_money,CPT-00166,2026-02-24T00:00:00,48774.3,TXN-0002388,retrait
mobile_money,CPT-00005,2026-01-03T00:00:00,11221.84,TXN-0002389,retrait
mobile_money,CPT-00076,2025-03-13T00:00:00,2160.27,TXN-0002390,virement
mobile_money,CPT-00084,2025-09-24T00:00:00,40076.26,TXN-0002391,retrait
agence,CPT-00220,2024-09-05T00:00:00,6234.89,TXN-0002392,virement
mobile_money,CPT-00084,2025-08-30T00:00:00,47133.21,TXN-0002393,remboursement
mobile_money,CPT-00244,2025-02-03T00:00:00,39280.17,TXN-0002394,dépôt
mobile_money,CPT-00064,2025-08-23T00:00:00,49359.53,TXN-0002395,virement
mobile_money,CPT-00016,2024-12-16T00:00:00,3749.61,TXN-0002396,dépôt
agence,CPT-00138,2024-10-18T00:00:00,22468.09,TXN-0002397,virement
mobile_money,CPT-00121,2024-03-16T00:00:00,44161.64,TXN-0002398,retrait
mobile_money,CPT-00199,2024-06-03T00:00:00,41391.22,TXN-0002399,remboursement
agence,CPT-00147,2025-03-24T00:00:00,28529.98,TXN-0002400,retrait
agence,CPT-00084,2024-10-25T00:00:00,28277.05,TXN-0002401,virement
mobile_money,CPT-00036,2025-12-17T00:00:00,43665.54,TXN-0002402,dépôt
agence,CPT-00246,2025-04-01T00:00:00,45350.07,TXN-0002403,virement
mobile_money,CPT-00048,2025-04-16T00:00:00,23947.99,TXN-0002404,virement
mobile_money,CPT-00086,2025-12-21T00:00:00,34205.77,TXN-0002405,retrait
mobile_money,CPT-00066,2025-10-19T00:00:00,7873.23,TXN-0002406,dépôt
agence,CPT-00110,2024-02-19T00:00:00,40497.18,TXN-0002407,remboursement
agence,CPT-00234,2025-03-23T00:00:00,1793.86,TXN-0002408,virement
mobile_money,CPT-00246,2025-05-18T00:00:00,39716.74,TXN-0002409,virement
agence,CPT-00148,2026-01-22T00:00:00,32084.32,TXN-0002410,virement
agence,CPT-00145,2024-04-25T00:00:00,48737.15,TXN-0002411,dépôt
agence,CPT-00205,2025-04-24T00:00:00,29122.34,TXN-0002412,dépôt
mobile_money,CPT-00193,2025-03-17T00:00:00,38588.65,TXN-0002413,dépôt
agence,CPT-00120,2026-01-26T00:00:00,44578.43,TXN-0002414,remboursement
mobile_money,CPT-00167,2025-10-25T00:00:00,4578.26,TXN-0002415,virement
mobile_money,CPT-00117,2025-02-15T00:00:00,44580.45,TXN-0002416,remboursement
mobile_money,CPT-00002,2024-08-18T00:00:00,1924.71,TXN-0002417,remboursement
mobile_money,CPT-00110,2024-08-16T00:00:00,13683.79,TXN-0002418,retrait
mobile_money,CPT-00137,2024-07-24T00:00:00,33027.02,TXN-0002419,remboursement
agence,CPT-00229,2024-05-31T00:00:00,10253.52,TXN-0002420,retrait
agence,CPT-00079,2025-06-30T00:00:00,5943.93,TXN-0002421,retrait
mobile_money,CPT-00200,2024-03-11T00:00:00,27463.74,TXN-0002422,retrait
agence,CPT-00223,2025-11-04T00:00:00,46494.81,TXN-0002423,virement
agence,CPT-00052,2024-10-04T00:00:00,9001.16,TXN-0002424,virement
agence,CPT-00240,2024-01-28T00:00:00,38844.92,TXN-0002425,retrait
agence,CPT-00225,2025-01-19T00:00:00,7032.39,TXN-0002426,remboursement
mobile_money,CPT-00114,2025-04-02T00:00:00,19640.41,TXN-0002427,retrait
agence,CPT-00103,2025-01-24T00:00:00,11075.98,TXN-0002428,retrait
agence,CPT-00024,2025-08-15T00:00:00,25828.46,TXN-0002429,retrait
mobile_money,CPT-00042,2025-05-15T00:00:00,6897.56,TXN-0002430,retrait
agence,CPT-00192,2024-08-03T00:00:00,21341.27,TXN-0002431,virement
agence,CPT-00205,2025-06-04T00:00:00,24420.97,TXN-0002432,virement
mobile_money,CPT-00242,2025-01-24T00:00:00,1791.13,TXN-0002433,remboursement
agence,CPT-00103,2024-11-13T00:00:00,18379.37,TXN-0002434,dépôt
agence,CPT-00112,2025-12-19T00:00:00,12238.58,TXN-0002435,virement
mobile_money,CPT-00167,2024-01-17T00:00:00,43921.15,TXN-0002436,remboursement
agence,CPT-00187,2024-09-11T00:00:00,3223.11,TXN-0002437,virement
agence,CPT-00145,2024-06-08T00:00:00,7269.47,TXN-0002438,dépôt
agence,CPT-00178,2024-03-03T00:00:00,38352.1,TXN-0002439,remboursement
agence,CPT-00222,2025-02-28T00:00:00,19213.5,TXN-0002440,virement
agence,CPT-00108,2025-06-15T00:00:00,9557.24,TXN-0002441,retrait
agence,CPT-00190,2024-04-22T00:00:00,18888.33,TXN-0002442,retrait
mobile_money,CPT-00008,2025-02-17T00:00:00,10999.77,TXN-0002443,remboursement
agence,CPT-00233,2024-01-30T00:00:00,31473.76,TXN-0002444,virement
agence,CPT-00085,2024-02-05T00:00:00,44552.2,TXN-0002445,dépôt
agence,CPT-00234,2025-01-21T00:00:00,3278.47,TXN-0002446,remboursement
agence,CPT-00041,2024-08-16T00:00:00,1731.98,TXN-0002447,dépôt
mobile_money,CPT-00108,2025-05-02T00:00:00,6508.12,TXN-0002448,dépôt
agence,CPT-00107,2025-09-09T00:00:00,7585.86,TXN-0002449,remboursement
agence,CPT-00080,2024-09-20T00:00:00,24004.86,TXN-0002450,remboursement
agence,CPT-00083,2025-11-15T00:00:00,47888.36,TXN-0002451,virement
agence,CPT-00123,2025-08-07T00:00:00,37687.23,TXN-0002452,remboursement
agence,CPT-00033,2024-05-26T00:00:00,26221.97,TXN-0002453,retrait
mobile_money,CPT-00169,2026-01-04T00:00:00,37416.08,TXN-0002454,dépôt
agence,CPT-00073,2024-09-13T00:00:00,13239.16,TXN-0002455,dépôt
mobile_money,CPT-00187,2025-04-18T00:00:00,17102.66,TXN-0002456,virement
agence,CPT-00195,2025-01-18T00:00:00,17069.26,TXN-0002457,retrait
agence,CPT-00149,2025-01-29T00:00:00,37648.86,TXN-0002458,dépôt
agence,CPT-00204,2024-01-15T00:00:00,48997.0,TXN-0002459,retrait
agence,CPT-00163,2024-08-31T00:00:00,41933.58,TXN-0002460,dépôt
mobile_money,CPT-00102,2025-05-07T00:00:00,1573.91,TXN-0002461,virement
mobile_money,CPT-00220,2025-08-14T00:00:00,10199.67,TXN-0002462,virement
mobile_money,CPT-00116,2024-09-26T00:00:00,23206.49,TXN-0002463,retrait
mobile_money,CPT-00031,2025-06-10T00:00:00,33117.56,TXN-0002464,virement
mobile_money,CPT-00087,2025-05-14T00:00:00,13508.94,TXN-0002465,retrait
mobile_money,CPT-00170,2024-12-16T00:00:00,33732.62,TXN-0002466,dépôt
agence,CPT-00017,2024-01-27T00:00:00,21899.21,TXN-0002467,virement
agence,CPT-00025,2024-04-23T00:00:00,48779.31,TXN-0002468,retrait
mobile_money,CPT-00141,2024-12-21T00:00:00,7188.66,TXN-0002469,virement
agence,CPT-00116,2024-03-25T00:00:00,28111.63,TXN-0002470,remboursement
agence,CPT-00102,2025-11-27T00:00:00,7943.71,TXN-0002471,retrait
mobile_money,CPT-00199,2026-02-01T00:00:00,10735.18,TXN-0002472,dépôt
agence,CPT-00135,2025-06-27T00:00:00,28581.27,TXN-0002473,retrait
agence,CPT-00205,2025-12-11T00:00:00,27433.4,TXN-0002474,virement
agence,CPT-00096,2024-06-18T00:00:00,5906.77,TXN-0002475,retrait
mobile_money,CPT-00216,2025-09-16T00:00:00,27500.26,TXN-0002476,retrait
mobile_money,CPT-00220,2025-02-14T00:00:00,14642.65,TXN-0002477,retrait
mobile_money,CPT-00100,2025-04-24T00:00:00,44793.48,TXN-0002478,remboursement
mobile_money,CPT-00035,2024-09-14T00:00:00,1017.33,TXN-0002479,virement
agence,CPT-00054,2025-02-24T00:00:00,3901.89,TXN-0002480,dépôt
agence,CPT-00037,2026-02-21T00:00:00,41299.62,TXN-0002481,remboursement
agence,CPT-00101,2025-02-04T00:00:00,32658.15,TXN-0002482,retrait
agence,CPT-00064,2024-10-09T00:00:00,4456.05,TXN-0002483,virement
agence,CPT-00229,2026-01-27T00:00:00,7050.1,TXN-0002484,remboursement
mobile_money,CPT-00053,2024-10-09T00:00:00,7978.01,TXN-0002485,remboursement
agence,CPT-00003,2025-06-20T00:00:00,26510.39,TXN-0002486,dépôt
mobile_money,CPT-00198,2025-03-24T00:00:00,12376.88,TXN-0002487,remboursement
mobile_money,CPT-00211,2025-09-16T00:00:00,27521.71,TXN-0002488,dépôt
mobile_money,CPT-00040,2026-02-11T00:00:00,44131.12,TXN-0002489,dépôt
mobile_money,CPT-00225,2024-02-11T00:00:00,47524.91,TXN-0002490,virement
mobile_money,CPT-00215,2025-04-22T00:00:00,6529.04,TXN-0002491,virement
mobile_money,CPT-00150,2025-12-09T00:00:00,43935.87,TXN-0002492,retrait
agence,CPT-00195,2024-04-15T00:00:00,12007.04,TXN-0002493,virement
mobile_money,CPT-00188,2025-11-11T00:00:00,12823.34,TXN-0002494,virement
agence,CPT-00215,2025-10-15T00:00:00,21662.03,TXN-0002495,remboursement
mobile_money,CPT-00222,2026-01-20T00:00:00,42273.92,TXN-0002496,virement
mobile_money,CPT-00232,2024-12-02T00:00:00,32373.01,TXN-0002497,virement
agence,CPT-00171,2024-03-26T00:00:00,49171.24,TXN-0002498,virement
agence,CPT-00026,2025-05-21T00:00:00,12894.47,TXN-0002499,remboursement
mobile_money,CPT-00152,2024-04-16T00:00:00,33615.8,TXN-0002500,remboursement
mobile_money,CPT-00144,2025-11-14T00:00:00,30724.76,TXN-0002501,remboursement
agence,CPT-00011,2025-10-20T00:00:00,29926.81,TXN-0002502,dépôt
agence,CPT-00148,2026-02-21T00:00:00,6756.19,TXN-0002503,dépôt
agence,CPT-00093,2026-01-05T00:00:00,40948.89,TXN-0002504,remboursement
agence,CPT-00089,2025-08-10T00:00:00,42759.42,TXN-0002505,remboursement
mobile_money,CPT-00241,2025-10-05T00:00:00,40844.87,TXN-0002506,remboursement
agence,CPT-00172,2024-07-04T00:00:00,11585.94,TXN-0002507,dépôt
agence,CPT-00162,2025-02-26T00:00:00,5841.41,TXN-0002508,virement
mobile_money,CPT-00187,2024-09-16T00:00:00,42622.07,TXN-0002509,remboursement
mobile_money,CPT-00210,2024-09-11T00:00:00,18266.54,TXN-0002510,virement
mobile_money,CPT-00115,2025-12-16T00:00:00,16901.11,TXN-0002511,dépôt
mobile_money,CPT-00197,2026-02-28T00:00:00,11259.67,TXN-0002512,retrait
mobile_money,CPT-00190,2024-06-25T00:00:00,37912.64,TXN-0002513,remboursement
agence,CPT-00220,2025-09-23T00:00:00,17354.4,TXN-0002514,dépôt
agence,CPT-00082,2026-01-09T00:00:00,5963.61,TXN-0002515,virement
agence,CPT-00164,2025-05-24T00:00:00,16333.29,TXN-0002516,remboursement
mobile_money,CPT-00194,2025-12-25T00:00:00,10905.31,TXN-0002517,remboursement
agence,CPT-00090,2025-01-05T00:00:00,40488.98,TXN-0002518,virement
agence,CPT-00246,2024-04-24T00:00:00,16815.23,TXN-0002519,retrait
mobile_money,CPT-00149,2025-12-18T00:00:00,45532.69,TXN-0002520,virement
agence,CPT-00194,2025-12-13T00:00:00,20500.59,TXN-0002521,retrait
mobile_money,CPT-00051,2025-09-04T00:00:00,5436.57,TXN-0002522,dépôt
mobile_money,CPT-00219,2024-12-14T00:00:00,8142.51,TXN-0002523,virement
mobile_money,CPT-00102,2024-04-16T00:00:00,46141.66,TXN-0002524,retrait
mobile_money,CPT-00158,2024-08-18T00:00:00,16867.98,TXN-0002525,dépôt
mobile_money,CPT-00212,2024-06-07T00:00:00,13049.28,TXN-0002526,dépôt
agence,CPT-00007,2025-12-12T00:00:00,11998.96,TXN-0002527,remboursement
agence,CPT-00063,2024-08-09T00:00:00,22577.44,TXN-0002528,retrait
mobile_money,CPT-00004,2024-01-22T00:00:00,12940.33,TXN-0002529,virement
agence,CPT-00215,2025-07-18T00:00:00,21311.77,TXN-0002530,remboursement
mobile_money,CPT-00106,2025-08-17T00:00:00,42547.33,TXN-0002531,retrait
mobile_money,CPT-00161,2025-12-24T00:00:00,37592.85,TXN-0002532,remboursement
agence,CPT-00206,2025-01-08T00:00:00,22134.42,TXN-0002533,virement
agence,CPT-00082,2025-12-10T00:00:00,4774.98,TXN-0002534,virement
agence,CPT-00083,2025-08-15T00:00:00,39982.3,TXN-0002535,retrait
agence,CPT-00025,2024-04-17T00:00:00,27232.64,TXN-0002536,remboursement
agence,CPT-00185,2025-10-22T00:00:00,36160.66,TXN-0002537,virement
mobile_money,CPT-00120,2024-02-24T00:00:00,29138.7,TXN-0002538,virement
agence,CPT-00159,2025-03-22T00:00:00,25359.51,TXN-0002539,remboursement
agence,CPT-00245,2025-04-04T00:00:00,2083.64,TXN-0002540,retrait
agence,CPT-00230,2025-12-24T00:00:00,24354.7,TXN-0002541,virement
mobile_money,CPT-00017,2026-01-06T00:00:00,4205.23,TXN-0002542,virement
agence,CPT-00146,2026-01-15T00:00:00,47420.21,TXN-0002543,virement
agence,CPT-00183,2026-02-21T00:00:00,22110.67,TXN-0002544,remboursement
mobile_money,CPT-00102,2024-11-13T00:00:00,33428.24,TXN-0002545,retrait
mobile_money,CPT-00085,2025-06-04T00:00:00,28923.01,TXN-0002546,retrait
agence,CPT-00037,2025-09-16T00:00:00,43273.97,TXN-0002547,virement
agence,CPT-00183,2024-03-13T00:00:00,29784.94,TXN-0002548,virement
agence,CPT-00136,2026-01-20T00:00:00,36788.64,TXN-0002549,remboursement
mobile_money,CPT-00064,2024-01-31T00:00:00,41951.23,TXN-0002550,retrait
mobile_money,CPT-00187,2024-04-06T00:00:00,17257.72,TXN-0002551,dépôt
mobile_money,CPT-00147,2025-01-25T00:00:00,40440.78,TXN-0002552,remboursement
mobile_money,CPT-00036,2024-11-14T00:00:00,9966.49,TXN-0002553,virement
agence,CPT-00046,2025-05-26T00:00:00,44074.16,TXN-0002554,remboursement
mobile_money,CPT-00048,2024-08-20T00:00:00,20669.96,TXN-0002555,virement
agence,CPT-00166,2026-02-08T00:00:00,17646.29,TXN-0002556,dépôt
agence,CPT-00135,2025-09-12T00:00:00,1999.64,TXN-0002557,virement
agence,CPT-00143,2024-04-07T00:00:00,34452.79,TXN-0002558,dépôt
mobile_money,CPT-00001,2025-01-28T00:00:00,1228.39,TXN-0002559,dépôt
agence,CPT-00008,2024-06-25T00:00:00,43108.57,TXN-0002560,virement
mobile_money,CPT-00163,2024-08-11T00:00:00,9907.55,TXN-0002561,remboursement
agence,CPT-00025,2025-08-10T00:00:00,30386.2,TXN-0002562,retrait
agence,CPT-00229,2026-03-01T00:00:00,35612.01,TXN-0002563,remboursement
agence,CPT-00130,2025-03-31T00:00:00,40903.71,TXN-0002564,retrait
mobile_money,CPT-00160,2024-05-03T00:00:00,46829.36,TXN-0002565,dépôt
agence,CPT-00240,2025-11-30T00:00:00,6280.97,TXN-0002566,virement
agence,CPT-00152,2025-05-24T00:00:00,45111.3,TXN-0002567,retrait
mobile_money,CPT-00155,2024-12-11T00:00:00,49869.75,TXN-0002568,retrait
agence,CPT-00238,2024-04-29T00:00:00,39419.07,TXN-0002569,remboursement
mobile_money,CPT-00087,2024-09-02T00:00:00,18918.98,TXN-0002570,retrait
mobile_money,CPT-00049,2024-03-01T00:00:00,3037.93,TXN-0002571,remboursement
mobile_money,CPT-00208,2024-04-03T00:00:00,42540.93,TXN-0002572,dépôt
agence,CPT-00234,2025-10-20T00:00:00,38089.25,TXN-0002573,remboursement
agence,CPT-00073,2026-02-20T00:00:00,7638.31,TXN-0002574,virement
agence,CPT-00075,2025-01-21T00:00:00,20807.67,TXN-0002575,remboursement
mobile_money,CPT-00126,2024-11-25T00:00:00,25070.73,TXN-0002576,dépôt
mobile_money,CPT-00157,2026-02-28T00:00:00,15988.98,TXN-0002577,remboursement
agence,CPT-00198,2024-02-12T00:00:00,26849.96,TXN-0002578,dépôt
agence,CPT-00243,2025-08-24T00:00:00,16048.87,TXN-0002579,dépôt
agence,CPT-00165,2025-07-01T00:00:00,37223.6,TXN-0002580,virement
agence,CPT-00013,2024-12-26T00:00:00,19860.17,TXN-0002581,virement
agence,CPT-00211,2025-06-20T00:00:00,37188.46,TXN-0002582,remboursement
agence,CPT-00131,2024-02-15T00:00:00,34375.54,TXN-0002583,virement
mobile_money,CPT-00026,2024-08-14T00:00:00,47548.25,TXN-0002584,remboursement
agence,CPT-00019,2025-08-07T00:00:00,25268.49,TXN-0002585,retrait
agence,CPT-00012,2025-12-06T00:00:00,11095.46,TXN-0002586,remboursement
mobile_money,CPT-00237,2024-09-03T00:00:00,1232.2,TXN-0002587,virement
mobile_money,CPT-00046,2025-01-15T00:00:00,41502.04,TXN-0002588,remboursement
mobile_money,CPT-00012,2024-09-09T00:00:00,7941.8,TXN-0002589,retrait
mobile_money,CPT-00226,2025-12-28T00:00:00,34339.39,TXN-0002590,remboursement
mobile_money,CPT-00053,2024-01-11T00:00:00,21050.97,TXN-0002591,virement
mobile_money,CPT-00211,2024-07-13T00:00:00,19479.46,TXN-0002592,remboursement
agence,CPT-00065,2025-02-08T00:00:00,31700.32,TXN-0002593,dépôt
agence,CPT-00179,2025-12-07T00:00:00,7315.52,TXN-0002594,remboursement
agence,CPT-00019,2025-05-15T00:00:00,6648.64,TXN-0002595,dépôt
mobile_money,CPT-00047,2026-01-27T00:00:00,9200.97,TXN-0002596,virement
mobile_money,CPT-00245,2024-10-20T00:00:00,14955.53,TXN-0002597,remboursement
mobile_money,CPT-00220,2024-05-02T00:00:00,6316.11,TXN-0002598,virement
mobile_money,CPT-00211,2025-07-22T00:00:00,47560.24,TXN-0002599,retrait
mobile_money,CPT-00052,2024-02-06T00:00:00,26393.05,TXN-0002600,retrait
mobile_money,CPT-00123,2024-02-08T00:00:00,6458.92,TXN-0002601,dépôt
agence,CPT-00048,2024-03-10T00:00:00,38364.53,TXN-0002602,dépôt
mobile_money,CPT-00112,2024-05-26T00:00:00,22467.32,TXN-0002603,virement
agence,CPT-00153,2025-05-30T00:00:00,33480.96,TXN-0002604,dépôt
agence,CPT-00197,2024-02-14T00:00:00,36520.6,TXN-0002605,retrait
agence,CPT-00243,2024-09-13T00:00:00,17726.03,TXN-0002606,retrait
agence,CPT-00090,2025-10-21T00:00:00,10831.82,TXN-0002607,remboursement
agence,CPT-00101,2024-10-25T00:00:00,8501.78,TXN-0002608,remboursement
mobile_money,CPT-00058,2024-12-09T00:00:00,31733.47,TXN-0002609,retrait
mobile_money,CPT-00007,2024-09-08T00:00:00,4399.76,TXN-0002610,remboursement
agence,CPT-00143,2024-11-21T00:00:00,8024.81,TXN-0002611,retrait
agence,CPT-00029,2025-07-01T00:00:00,21086.28,TXN-0002612,dépôt
mobile_money,CPT-00159,2024-11-25T00:00:00,36479.89,TXN-0002613,retrait
agence,CPT-00010,2025-12-01T00:00:00,45174.46,TXN-0002614,retrait
mobile_money,CPT-00002,2024-02-29T00:00:00,1167.63,TXN-0002615,remboursement
agence,CPT-00197,2026-02-19T00:00:00,42993.15,TXN-0002616,dépôt
mobile_money,CPT-00145,2025-05-02T00:00:00,1969.87,TXN-0002617,dépôt
agence,CPT-00073,2026-02-05T00:00:00,23033.89,TXN-0002618,remboursement
mobile_money,CPT-00175,2024-12-19T00:00:00,31017.82,TXN-0002619,remboursement
agence,CPT-00123,2025-01-03T00:00:00,23256.94,TXN-0002620,retrait
mobile_money,CPT-00037,2024-06-27T00:00:00,32217.57,TXN-0002621,virement
mobile_money,CPT-00066,2024-01-22T00:00:00,19035.83,TXN-0002622,retrait
mobile_money,CPT-00207,2025-04-15T00:00:00,8055.2,TXN-0002623,virement
mobile_money,CPT-00182,2024-05-08T00:00:00,49386.98,TXN-0002624,retrait
mobile_money,CPT-00054,2025-03-03T00:00:00,21635.89,TXN-0002625,remboursement
mobile_money,CPT-00188,2025-02-01T00:00:00,22750.75,TXN-0002626,remboursement
agence,CPT-00094,2025-02-12T00:00:00,16974.54,TXN-0002627,virement
agence,CPT-00186,2025-12-30T00:00:00,13054.35,TXN-0002628,retrait
mobile_money,CPT-00146,2026-01-16T00:00:00,47452.25,TXN-0002629,retrait
mobile_money,CPT-00231,2026-02-21T00:00:00,27862.07,TXN-0002630,remboursement
mobile_money,CPT-00096,2024-05-24T00:00:00,11462.17,TXN-0002631,virement
mobile_money,CPT-00028,2025-09-30T00:00:00,15715.69,TXN-0002632,remboursement
agence,CPT-00014,2025-07-18T00:00:00,11641.73,TXN-0002633,retrait
agence,CPT-00169,2025-03-18T00:00:00,46918.98,TXN-0002634,remboursement
mobile_money,CPT-00242,2024-07-30T00:00:00,2167.93,TXN-0002635,remboursement
agence,CPT-00146,2026-02-02T00:00:00,14392.68,TXN-0002636,retrait
agence,CPT-00165,2024-07-21T00:00:00,29178.39,TXN-0002637,remboursement
agence,CPT-00106,2026-01-26T00:00:00,23960.41,TXN-0002638,virement
agence,CPT-00196,2026-02-20T00:00:00,16494.52,TXN-0002639,remboursement
agence,CPT-00174,2024-03-28T00:00:00,39561.15,TXN-0002640,dépôt
mobile_money,CPT-00003,2024-04-02T00:00:00,17243.92,TXN-0002641,dépôt
agence,CPT-00239,2024-06-03T00:00:00,10947.35,TXN-0002642,virement
mobile_money,CPT-00079,2024-11-19T00:00:00,18784.06,TXN-0002643,dépôt
mobile_money,CPT-00122,2024-10-23T00:00:00,35476.56,TXN-0002644,virement
agence,CPT-00026,2024-06-04T00:00:00,45140.04,TXN-0002645,retrait
mobile_money,CPT-00107,2025-09-25T00:00:00,27082.95,TXN-0002646,dépôt
agence,CPT-00041,2024-10-14T00:00:00,35293.27,TXN-0002647,remboursement
mobile_money,CPT-00250,2024-05-30T00:00:00,33529.59,TXN-0002648,dépôt
mobile_money,CPT-00025,2025-01-25T00:00:00,7644.34,TXN-0002649,dépôt
mobile_money,CPT-00098,2024-01-21T00:00:00,9352.44,TXN-0002650,remboursement
mobile_money,CPT-00239,2024-07-05T00:00:00,29659.67,TXN-0002651,remboursement
mobile_money,CPT-00229,2025-11-18T00:00:00,48544.54,TXN-0002652,dépôt
agence,CPT-00227,2025-01-13T00:00:00,49402.95,TXN-0002653,virement
mobile_money,CPT-00046,2025-11-24T00:00:00,31577.52,TXN-0002654,retrait
agence,CPT-00235,2025-11-15T00:00:00,6437.62,TXN-0002655,retrait
mobile_money,CPT-00247,2024-03-26T00:00:00,15325.12,TXN-0002656,virement
mobile_money,CPT-00155,2025-08-27T00:00:00,1781.82,TXN-0002657,remboursement
mobile_money,CPT-00044,2024-07-15T00:00:00,42711.39,TXN-0002658,virement
agence,CPT-00134,2024-06-19T00:00:00,24990.84,TXN-0002659,dépôt
mobile_money,CPT-00167,2024-09-26T00:00:00,35325.23,TXN-0002660,retrait
mobile_money,CPT-00111,2026-02-06T00:00:00,2982.33,TXN-0002661,virement
agence,CPT-00169,2024-02-02T00:00:00,17313.02,TXN-0002662,dépôt
mobile_money,CPT-00224,2024-01-20T00:00:00,36997.42,TXN-0002663,dépôt
mobile_money,CPT-00098,2025-01-24T00:00:00,45322.21,TXN-0002664,retrait
mobile_money,CPT-00010,2024-12-09T00:00:00,35145.95,TXN-0002665,virement
agence,CPT-00206,2024-12-16T00:00:00,20952.56,TXN-0002666,remboursement
agence,CPT-00242,2025-07-19T00:00:00,36236.74,TXN-0002667,virement
agence,CPT-00126,2025-04-05T00:00:00,14066.95,TXN-0002668,virement
agence,CPT-00207,2024-04-26T00:00:00,43212.48,TXN-0002669,virement
agence,CPT-00208,2024-04-19T00:00:00,40505.11,TXN-0002670,retrait
agence,CPT-00020,2024-06-06T00:00:00,19296.03,TXN-0002671,retrait
agence,CPT-00200,2024-01-10T00:00:00,43320.83,TXN-0002672,dépôt
agence,CPT-00189,2025-09-24T00:00:00,43637.82,TXN-0002673,virement
agence,CPT-00040,2024-12-04T00:00:00,31919.14,TXN-0002674,remboursement
agence,CPT-00157,2024-05-22T00:00:00,3752.15,TXN-0002675,dépôt
agence,CPT-00236,2026-01-05T00:00:00,10093.17,TXN-0002676,dépôt
agence,CPT-00001,2024-08-26T00:00:00,39788.04,TXN-0002677,remboursement
agence,CPT-00013,2025-10-02T00:00:00,19958.15,TXN-0002678,dépôt
agence,CPT-00122,2025-05-22T00:00:00,35703.64,TXN-0002679,retrait
agence,CPT-00121,2025-08-29T00:00:00,36846.67,TXN-0002680,virement
agence,CPT-00114,2024-03-22T00:00:00,25871.64,TXN-0002681,retrait
agence,CPT-00250,2025-07-09T00:00:00,13899.82,TXN-0002682,retrait
agence,CPT-00180,2024-03-18T00:00:00,35440.54,TXN-0002683,dépôt
agence,CPT-00048,2024-08-21T00:00:00,38058.03,TXN-0002684,virement
mobile_money,CPT-00102,2025-06-02T00:00:00,30476.14,TXN-0002685,virement
agence,CPT-00056,2024-12-19T00:00:00,13296.54,TXN-0002686,remboursement
mobile_money,CPT-00136,2025-11-30T00:00:00,33087.27,TXN-0002687,dépôt
mobile_money,CPT-00073,2024-03-05T00:00:00,4168.01,TXN-0002688,retrait
agence,CPT-00089,2025-03-16T00:00:00,31372.42,TXN-0002689,dépôt
agence,CPT-00173,2026-02-01T00:00:00,1587.95,TXN-0002690,remboursement
agence,CPT-00082,2025-09-12T00:00:00,35205.72,TXN-0002691,virement
mobile_money,CPT-00146,2024-11-22T00:00:00,36630.3,TXN-0002692,virement
mobile_money,CPT-00092,2024-11-03T00:00:00,19151.73,TXN-0002693,remboursement
agence,CPT-00081,2024-06-23T00:00:00,12177.47,TXN-0002694,retrait
mobile_money,CPT-00177,2025-04-17T00:00:00,21076.89,TXN-0002695,virement
mobile_money,CPT-00237,2025-04-20T00:00:00,23717.57,TXN-0002696,remboursement
mobile_money,CPT-00040,2025-01-29T00:00:00,37155.1,TXN-0002697,retrait
mobile_money,CPT-00244,2024-11-20T00:00:00,43794.73,TXN-0002698,dépôt
mobile_money,CPT-00223,2024-01-15T00:00:00,20571.49,TXN-0002699,retrait
agence,CPT-00203,2024-07-07T00:00:00,8400.89,TXN-0002700,retrait
mobile_money,CPT-00025,2024-06-02T00:00:00,20173.29,TXN-0002701,dépôt
agence,CPT-00087,2025-02-05T00:00:00,2062.35,TXN-0002702,retrait
mobile_money,CPT-00078,2025-05-13T00:00:00,12159.23,TXN-0002703,virement
mobile_money,CPT-00111,2024-06-12T00:00:00,47419.21,TXN-0002704,remboursement
agence,CPT-00249,2024-04-18T00:00:00,18315.1,TXN-0002705,dépôt
mobile_money,CPT-00244,2025-09-14T00:00:00,35595.18,TXN-0002706,virement
agence,CPT-00037,2025-05-21T00:00:00,26419.37,TXN-0002707,retrait
agence,CPT-00107,2024-11-11T00:00:00,1635.41,TXN-0002708,remboursement
agence,CPT-00087,2025-03-15T00:00:00,34518.82,TXN-0002709,virement
mobile_money,CPT-00154,2024-12-15T00:00:00,26952.2,TXN-0002710,retrait
agence,CPT-00207,2025-04-29T00:00:00,19108.81,TXN-0002711,retrait
agence,CPT-00005,2024-09-09T00:00:00,19130.42,TXN-0002712,remboursement
mobile_money,CPT-00242,2024-11-16T00:00:00,34725.81,TXN-0002713,virement
mobile_money,CPT-00202,2025-08-14T00:00:00,28194.79,TXN-0002714,virement
agence,CPT-00179,2024-11-25T00:00:00,45190.93,TXN-0002715,retrait
mobile_money,CPT-00182,2024-09-12T00:00:00,40852.77,TXN-0002716,retrait
agence,CPT-00145,2024-11-16T00:00:00,44637.3,TXN-0002717,remboursement
mobile_money,CPT-00099,2024-03-24T00:00:00,31556.74,TXN-0002718,retrait
agence,CPT-00119,2025-02-02T00:00:00,4279.35,TXN-0002719,virement
agence,CPT-00203,2025-01-07T00:00:00,35883.47,TXN-0002720,virement
mobile_money,CPT-00122,2024-01-04T00:00:00,11943.33,TXN-0002721,retrait
mobile_money,CPT-00092,2024-10-06T00:00:00,28532.02,TXN-0002722,remboursement
agence,CPT-00125,2025-07-03T00:00:00,30633.78,TXN-0002723,virement
agence,CPT-00211,2025-09-03T00:00:00,47928.56,TXN-0002724,retrait
mobile_money,CPT-00076,2024-07-18T00:00:00,37039.25,TXN-0002725,dépôt
mobile_money,CPT-00064,2024-01-12T00:00:00,21726.57,TXN-0002726,remboursement
agence,CPT-00067,2024-01-26T00:00:00,8058.92,TXN-0002727,retrait
agence,CPT-00167,2025-04-21T00:00:00,4856.77,TXN-0002728,remboursement
mobile_money,CPT-00115,2025-08-31T00:00:00,28207.95,TXN-0002729,remboursement
mobile_money,CPT-00195,2024-10-07T00:00:00,6279.5,TXN-0002730,virement
mobile_money,CPT-00071,2025-04-09T00:00:00,35608.54,TXN-0002731,retrait
agence,CPT-00042,2024-01-18T00:00:00,16817.38,TXN-0002732,retrait
agence,CPT-00014,2025-01-12T00:00:00,28076.18,TXN-0002733,virement
mobile_money,CPT-00081,2025-10-05T00:00:00,27956.23,TXN-0002734,remboursement
agence,CPT-00166,2024-11-30T00:00:00,20381.35,TXN-0002735,virement
agence,CPT-00165,2026-02-13T00:00:00,16876.69,TXN-0002736,virement
agence,CPT-00227,2025-12-31T00:00:00,36416.06,TXN-0002737,dépôt
agence,CPT-00128,2024-05-23T00:00:00,46420.49,TXN-0002738,dépôt
agence,CPT-00027,2024-08-28T00:00:00,47066.02,TXN-0002739,retrait
agence,CPT-00194,2024-12-12T00:00:00,48643.65,TXN-0002740,virement
mobile_money,CPT-00106,2025-05-19T00:00:00,37791.68,TXN-0002741,virement
mobile_money,CPT-00140,2025-10-19T00:00:00,26709.29,TXN-0002742,dépôt
agence,CPT-00178,2024-04-01T00:00:00,27856.78,TXN-0002743,retrait
agence,CPT-00115,2024-09-24T00:00:00,6647.21,TXN-0002744,retrait
agence,CPT-00062,2025-07-25T00:00:00,32593.17,TXN-0002745,dépôt
agence,CPT-00014,2024-02-13T00:00:00,24455.97,TXN-0002746,retrait
mobile_money,CPT-00195,2024-05-20T00:00:00,47548.34,TXN-0002747,retrait
mobile_money,CPT-00083,2025-11-17T00:00:00,38042.19,TXN-0002748,remboursement
mobile_money,CPT-00005,2025-11-16T00:00:00,25119.14,TXN-0002749,virement
agence,CPT-00141,2025-08-26T00:00:00,2966.37,TXN-0002750,dépôt
mobile_money,CPT-00054,2024-01-08T00:00:00,29554.22,TXN-0002751,retrait
agence,CPT-00180,2025-01-11T00:00:00,29497.58,TXN-0002752,dépôt
mobile_money,CPT-00102,2024-01-08T00:00:00,8460.54,TXN-0002753,retrait
agence,CPT-00069,2024-06-12T00:00:00,26033.1,TXN-0002754,virement
mobile_money,CPT-00194,2024-11-30T00:00:00,17389.8,TXN-0002755,virement
agence,CPT-00101,2025-04-07T00:00:00,32872.67,TXN-0002756,dépôt
agence,CPT-00115,2024-04-25T00:00:00,11024.91,TXN-0002757,remboursement
agence,CPT-00100,2024-07-29T00:00:00,37397.86,TXN-0002758,dépôt
agence,CPT-00195,2025-11-21T00:00:00,41813.56,TXN-0002759,virement
agence,CPT-00227,2024-02-25T00:00:00,18685.98,TXN-0002760,virement
mobile_money,CPT-00146,2024-01-25T00:00:00,11623.5,TXN-0002761,virement
agence,CPT-00004,2024-12-07T00:00:00,41649.77,TXN-0002762,retrait
mobile_money,CPT-00128,2025-04-13T00:00:00,36278.49,TXN-0002763,remboursement
mobile_money,CPT-00155,2025-05-06T00:00:00,46120.13,TXN-0002764,retrait
agence,CPT-00204,2024-04-19T00:00:00,4806.03,TXN-0002765,retrait
mobile_money,CPT-00219,2024-01-12T00:00:00,31344.56,TXN-0002766,dépôt
agence,CPT-00239,2025-01-25T00:00:00,15868.88,TXN-0002767,dépôt
agence,CPT-00025,2025-10-23T00:00:00,19034.44,TXN-0002768,dépôt
agence,CPT-00249,2025-01-16T00:00:00,37350.48,TXN-0002769,remboursement
agence,CPT-00072,2024-10-31T00:00:00,33027.67,TXN-0002770,remboursement
mobile_money,CPT-00231,2024-09-26T00:00:00,15800.46,TXN-0002771,dépôt
agence,CPT-00239,2025-10-13T00:00:00,6895.93,TXN-0002772,retrait
agence,CPT-00226,2024-04-25T00:00:00,9554.48,TXN-0002773,remboursement
mobile_money,CPT-00186,2025-08-16T00:00:00,23306.98,TXN-0002774,retrait
agence,CPT-00070,2025-05-06T00:00:00,35440.96,TXN-0002775,dépôt
mobile_money,CPT-00188,2025-02-11T00:00:00,11558.3,TXN-0002776,retrait
mobile_money,CPT-00008,2025-04-21T00:00:00,25373.75,TXN-0002777,dépôt
agence,CPT-00045,2024-02-15T00:00:00,29261.27,TXN-0002778,dépôt
mobile_money,CPT-00246,2026-01-06T00:00:00,35785.19,TXN-0002779,virement
agence,CPT-00052,2024-10-05T00:00:00,2196.23,TXN-0002780,virement
agence,CPT-00061,2025-10-27T00:00:00,40707.34,TXN-0002781,remboursement
mobile_money,CPT-00224,2025-12-20T00:00:00,28388.28,TXN-0002782,remboursement
agence,CPT-00203,2026-01-30T00:00:00,36062.9,TXN-0002783,retrait
mobile_money,CPT-00074,2025-01-11T00:00:00,5332.38,TXN-0002784,virement
mobile_money,CPT-00211,2025-01-17T00:00:00,27684.95,TXN-0002785,remboursement
mobile_money,CPT-00186,2025-10-16T00:00:00,16714.85,TXN-0002786,retrait
mobile_money,CPT-00105,2025-01-16T00:00:00,29430.38,TXN-0002787,retrait
mobile_money,CPT-00089,2025-11-19T00:00:00,8234.03,TXN-0002788,virement
agence,CPT-00173,2025-03-18T00:00:00,18656.11,TXN-0002789,remboursement
mobile_money,CPT-00155,2024-12-06T00:00:00,44353.84,TXN-0002790,virement
agence,CPT-00166,2025-07-06T00:00:00,23087.67,TXN-0002791,remboursement
agence,CPT-00228,2025-10-02T00:00:00,17829.23,TXN-0002792,dépôt
agence,CPT-00154,2026-02-01T00:00:00,27470.34,TXN-0002793,virement
mobile_money,CPT-00218,2024-07-29T00:00:00,48884.37,TXN-0002794,retrait
agence,CPT-00021,2025-05-28T00:00:00,44155.43,TXN-0002795,remboursement
agence,CPT-00134,2024-09-17T00:00:00,29197.76,TXN-0002796,dépôt
mobile_money,CPT-00190,2024-12-08T00:00:00,34516.52,TXN-0002797,retrait
mobile_money,CPT-00030,2025-01-17T00:00:00,36860.88,TXN-0002798,virement
mobile_money,CPT-00134,2024-12-25T00:00:00,11734.5,TXN-0002799,remboursement
mobile_money,CPT-00177,2025-10-21T00:00:00,12064.93,TXN-0002800,dépôt
agence,CPT-00040,2025-05-31T00:00:00,36093.89,TXN-0002801,retrait
mobile_money,CPT-00127,2025-12-12T00:00:00,45876.34,TXN-0002802,retrait
agence,CPT-00062,2024-08-02T00:00:00,15840.02,TXN-0002803,remboursement
mobile_money,CPT-00244,2024-02-01T00:00:00,2151.78,TXN-0002804,retrait
agence,CPT-00031,2025-11-27T00:00:00,10099.99,TXN-0002805,retrait
mobile_money,CPT-00018,2024-05-01T00:00:00,23177.37,TXN-0002806,virement
mobile_money,CPT-00242,2024-01-11T00:00:00,33417.67,TXN-0002807,virement
mobile_money,CPT-00088,2024-11-07T00:00:00,19370.88,TXN-0002808,remboursement
agence,CPT-00159,2025-08-30T00:00:00,32125.76,TXN-0002809,remboursement
mobile_money,CPT-00174,2025-05-26T00:00:00,48873.66,TXN-0002810,remboursement
mobile_money,CPT-00090,2025-04-29T00:00:00,13533.33,TXN-0002811,dépôt
mobile_money,CPT-00193,2025-08-24T00:00:00,21712.38,TXN-0002812,dépôt
agence,CPT-00243,2025-01-24T00:00:00,49737.28,TXN-0002813,remboursement
mobile_money,CPT-00247,2024-03-29T00:00:00,38193.42,TXN-0002814,remboursement
agence,CPT-00065,2026-01-11T00:00:00,5065.27,TXN-0002815,dépôt
mobile_money,CPT-00117,2024-09-04T00:00:00,37703.56,TXN-0002816,remboursement
mobile_money,CPT-00009,2025-12-21T00:00:00,16180.87,TXN-0002817,virement
agence,CPT-00056,2025-12-01T00:00:00,5652.73,TXN-0002818,remboursement
agence,CPT-00152,2025-03-31T00:00:00,46841.37,TXN-0002819,dépôt
mobile_money,CPT-00129,2025-12-14T00:00:00,23695.82,TXN-0002820,retrait
mobile_money,CPT-00206,2024-04-30T00:00:00,13407.01,TXN-0002821,dépôt
agence,CPT-00045,2024-06-15T00:00:00,15376.08,TXN-0002822,remboursement
agence,CPT-00075,2025-12-04T00:00:00,21909.85,TXN-0002823,virement
agence,CPT-00248,2025-05-12T00:00:00,10757.03,TXN-0002824,dépôt
agence,CPT-00002,2025-10-31T00:00:00,39011.27,TXN-0002825,remboursement
agence,CPT-00198,2024-07-06T00:00:00,3149.86,TXN-0002826,remboursement
agence,CPT-00088,2025-03-31T00:00:00,12207.89,TXN-0002827,remboursement
agence,CPT-00026,2026-01-28T00:00:00,7821.06,TXN-0002828,retrait
mobile_money,CPT-00113,2025-12-16T00:00:00,18967.11,TXN-0002829,remboursement
mobile_money,CPT-00006,2024-04-18T00:00:00,32106.77,TXN-0002830,virement
mobile_money,CPT-00122,2025-07-24T00:00:00,14666.21,TXN-0002831,dépôt
mobile_money,CPT-00018,2025-11-11T00:00:00,5274.9,TXN-0002832,dépôt
agence,CPT-00122,2024-09-06T00:00:00,25848.56,TXN-0002833,remboursement
agence,CPT-00031,2025-08-07T00:00:00,8937.77,TXN-0002834,dépôt
mobile_money,CPT-00171,2025-07-13T00:00:00,22859.0,TXN-0002835,retrait
agence,CPT-00143,2025-11-03T00:00:00,24416.11,TXN-0002836,virement
agence,CPT-00150,2024-02-10T00:00:00,6676.64,TXN-0002837,remboursement
mobile_money,CPT-00052,2026-02-03T00:00:00,15716.81,TXN-0002838,retrait
agence,CPT-00003,2024-01-13T00:00:00,3939.71,TXN-0002839,virement
mobile_money,CPT-00135,2024-01-10T00:00:00,29693.07,TXN-0002840,virement
mobile_money,CPT-00226,2024-09-06T00:00:00,16656.93,TXN-0002841,retrait
mobile_money,CPT-00206,2025-05-01T00:00:00,10244.68,TXN-0002842,retrait
agence,CPT-00123,2025-02-01T00:00:00,5853.3,TXN-0002843,retrait
agence,CPT-00038,2024-05-28T00:00:00,43034.44,TXN-0002844,retrait
mobile_money,CPT-00123,2024-09-09T00:00:00,28741.71,TXN-0002845,dépôt
mobile_money,CPT-00215,2024-09-25T00:00:00,46942.82,TXN-0002846,virement
mobile_money,CPT-00016,2024-11-24T00:00:00,3102.54,TXN-0002847,remboursement
mobile_money,CPT-00008,2025-01-17T00:00:00,33911.14,TXN-0002848,retrait
mobile_money,CPT-00116,2024-05-10T00:00:00,37681.82,TXN-0002849,retrait
agence,CPT-00158,2026-02-12T00:00:00,32656.01,TXN-0002850,remboursement
mobile_money,CPT-00062,2024-03-17T00:00:00,25359.54,TXN-0002851,virement
agence,CPT-00154,2025-07-29T00:00:00,21448.51,TXN-0002852,dépôt
mobile_money,CPT-00181,2024-02-10T00:00:00,38872.99,TXN-0002853,retrait
mobile_money,CPT-00072,2025-10-27T00:00:00,14760.84,TXN-0002854,remboursement
mobile_money,CPT-00078,2025-04-26T00:00:00,46047.01,TXN-0002855,virement
mobile_money,CPT-00099,2024-04-03T00:00:00,23997.08,TXN-0002856,retrait
agence,CPT-00250,2025-09-23T00:00:00,27104.22,TXN-0002857,virement
agence,CPT-00065,2024-10-22T00:00:00,46773.88,TXN-0002858,virement
agence,CPT-00081,2025-08-02T00:00:00,45453.66,TXN-0002859,virement
mobile_money,CPT-00090,2024-12-09T00:00:00,10400.48,TXN-0002860,virement
agence,CPT-00072,2025-11-16T00:00:00,30290.26,TXN-0002861,virement
mobile_money,CPT-00197,2025-12-05T00:00:00,40309.98,TXN-0002862,retrait
mobile_money,CPT-00049,2025-07-20T00:00:00,35918.43,TXN-0002863,virement
agence,CPT-00053,2024-06-26T00:00:00,29505.7,TXN-0002864,remboursement
mobile_money,CPT-00186,2024-07-29T00:00:00,32291.17,TXN-0002865,virement
mobile_money,CPT-00047,2025-02-05T00:00:00,19374.93,TXN-0002866,remboursement
mobile_money,CPT-00184,2025-04-15T00:00:00,46691.71,TXN-0002867,virement
agence,CPT-00038,2024-09-15T00:00:00,30693.2,TXN-0002868,virement
agence,CPT-00248,2025-02-06T00:00:00,40842.61,TXN-0002869,remboursement
mobile_money,CPT-00018,2024-09-17T00:00:00,40787.57,TXN-0002870,retrait
agence,CPT-00117,2025-03-06T00:00:00,26044.8,TXN-0002871,virement
mobile_money,CPT-00069,2025-10-05T00:00:00,49097.3,TXN-0002872,dépôt
mobile_money,CPT-00153,2025-01-31T00:00:00,24342.04,TXN-0002873,dépôt
agence,CPT-00031,2025-01-05T00:00:00,9874.13,TXN-0002874,retrait
mobile_money,CPT-00011,2025-07-15T00:00:00,14590.45,TXN-0002875,dépôt
mobile_money,CPT-00033,2025-12-04T00:00:00,46361.64,TXN-0002876,dépôt
agence,CPT-00053,2025-08-03T00:00:00,44674.27,TXN-0002877,dépôt
mobile_money,CPT-00003,2025-10-01T00:00:00,17542.69,TXN-0002878,dépôt
mobile_money,CPT-00073,2024-08-13T00:00:00,12793.33,TXN-0002879,remboursement
agence,CPT-00238,2024-06-04T00:00:00,42197.63,TXN-0002880,virement
mobile_money,CPT-00142,2024-06-24T00:00:00,38355.21,TXN-0002881,virement
mobile_money,CPT-00053,2024-04-03T00:00:00,47769.19,TXN-0002882,dépôt
mobile_money,CPT-00208,2024-09-09T00:00:00,7103.6,TXN-0002883,remboursement
agence,CPT-00057,2024-06-18T00:00:00,23515.82,TXN-0002884,retrait
agence,CPT-00235,2024-01-04T00:00:00,14694.06,TXN-0002885,retrait
mobile_money,CPT-00172,2025-09-06T00:00:00,22324.47,TXN-0002886,virement
mobile_money,CPT-00115,2024-03-24T00:00:00,12376.86,TXN-0002887,retrait
mobile_money,CPT-00183,2026-01-26T00:00:00,22683.85,TXN-0002888,remboursement
mobile_money,CPT-00218,2026-02-22T00:00:00,2128.3,TXN-0002889,remboursement
mobile_money,CPT-00053,2025-06-20T00:00:00,22395.86,TXN-0002890,remboursement
mobile_money,CPT-00083,2025-09-22T00:00:00,25452.58,TXN-0002891,dépôt
agence,CPT-00215,2025-01-16T00:00:00,30721.14,TXN-0002892,remboursement
mobile_money,CPT-00181,2025-12-16T00:00:00,30446.72,TXN-0002893,dépôt
mobile_money,CPT-00044,2024-11-17T00:00:00,11149.41,TXN-0002894,remboursement
agence,CPT-00104,2024-10-24T00:00:00,13189.52,TXN-0002895,virement
agence,CPT-00098,2025-12-03T00:00:00,48072.1,TXN-0002896,remboursement
mobile_money,CPT-00166,2024-01-23T00:00:00,23160.04,TXN-0002897,dépôt
mobile_money,CPT-00147,2024-01-21T00:00:00,18616.51,TXN-0002898,virement
mobile_money,CPT-00112,2024-04-01T00:00:00,45550.21,TXN-0002899,remboursement
mobile_money,CPT-00066,2025-01-10T00:00:00,12199.28,TXN-0002900,virement
agence,CPT-00123,2025-08-22T00:00:00,9258.54,TXN-0002901,retrait
agence,CPT-00217,2025-01-08T00:00:00,48978.91,TXN-0002902,dépôt
agence,CPT-00195,2024-06-11T00:00:00,5408.65,TXN-0002903,retrait
mobile_money,CPT-00158,2025-06-21T00:00:00,13269.16,TXN-0002904,dépôt
mobile_money,CPT-00116,2025-03-22T00:00:00,15364.49,TXN-0002905,retrait
agence,CPT-00223,2024-11-15T00:00:00,12225.34,TXN-0002906,retrait
agence,CPT-00134,2024-04-04T00:00:00,12358.97,TXN-0002907,dépôt
mobile_money,CPT-00147,2025-04-26T00:00:00,15123.91,TXN-0002908,retrait
agence,CPT-00230,2024-07-19T00:00:00,12576.02,TXN-0002909,retrait
agence,CPT-00018,2024-07-02T00:00:00,14183.16,TXN-0002910,dépôt
agence,CPT-00200,2025-01-12T00:00:00,28118.49,TXN-0002911,remboursement
mobile_money,CPT-00040,2024-01-09T00:00:00,13036.68,TXN-0002912,retrait
agence,CPT-00219,2025-06-09T00:00:00,38551.13,TXN-0002913,retrait
agence,CPT-00129,2024-06-20T00:00:00,20296.48,TXN-0002914,dépôt
mobile_money,CPT-00121,2024-09-04T00:00:00,42480.32,TXN-0002915,retrait
agence,CPT-00147,2025-04-10T00:00:00,23657.86,TXN-0002916,virement
agence,CPT-00182,2024-06-14T00:00:00,35958.05,TXN-0002917,dépôt
mobile_money,CPT-00018,2024-10-21T00:00:00,7659.31,TXN-0002918,remboursement
mobile_money,CPT-00136,2025-02-08T00:00:00,34198.75,TXN-0002919,remboursement
mobile_money,CPT-00228,2025-06-16T00:00:00,48143.14,TXN-0002920,remboursement
mobile_money,CPT-00202,2025-06-20T00:00:00,37829.93,TXN-0002921,remboursement
agence,CPT-00043,2024-02-07T00:00:00,7185.75,TXN-0002922,remboursement
mobile_money,CPT-00019,2024-04-28T00:00:00,42255.35,TXN-0002923,virement
mobile_money,CPT-00098,2024-01-25T00:00:00,15676.38,TXN-0002924,remboursement
mobile_money,CPT-00125,2024-08-08T00:00:00,37765.26,TXN-0002925,retrait
agence,CPT-00199,2025-08-27T00:00:00,23047.08,TXN-0002926,retrait
agence,CPT-00167,2024-05-25T00:00:00,20421.68,TXN-0002927,virement
mobile_money,CPT-00231,2024-09-15T00:00:00,45279.52,TXN-0002928,retrait
agence,CPT-00103,2025-01-15T00:00:00,35931.62,TXN-0002929,remboursement
agence,CPT-00119,2024-02-22T00:00:00,21374.2,TXN-0002930,retrait
mobile_money,CPT-00243,2024-04-13T00:00:00,44954.9,TXN-0002931,retrait
mobile_money,CPT-00096,2025-01-30T00:00:00,18177.2,TXN-0002932,dépôt
mobile_money,CPT-00020,2025-06-08T00:00:00,18383.94,TXN-0002933,virement
agence,CPT-00011,2024-12-05T00:00:00,4320.03,TXN-0002934,remboursement
agence,CPT-00080,2024-04-13T00:00:00,1541.75,TXN-0002935,retrait
agence,CPT-00191,2025-06-05T00:00:00,3934.46,TXN-0002936,virement
mobile_money,CPT-00162,2025-02-17T00:00:00,2182.85,TXN-0002937,virement
mobile_money,CPT-00205,2024-11-30T00:00:00,17999.36,TXN-0002938,remboursement
agence,CPT-00095,2025-08-22T00:00:00,40259.97,TXN-0002939,dépôt
agence,CPT-00227,2025-03-19T00:00:00,38166.13,TXN-0002940,remboursement
mobile_money,CPT-00171,2024-06-06T00:00:00,49933.58,TXN-0002941,dépôt
mobile_money,CPT-00085,2025-10-12T00:00:00,36841.04,TXN-0002942,remboursement
agence,CPT-00037,2024-07-20T00:00:00,38343.33,TXN-0002943,retrait
agence,CPT-00158,2024-08-13T00:00:00,14512.23,TXN-0002944,remboursement
agence,CPT-00012,2024-05-16T00:00:00,1593.62,TXN-0002945,virement
mobile_money,CPT-00108,2024-06-04T00:00:00,21461.86,TXN-0002946,retrait
agence,CPT-00141,2024-08-03T00:00:00,49530.89,TXN-0002947,virement
mobile_money,CPT-00017,2024-09-28T00:00:00,43083.19,TXN-0002948,retrait
mobile_money,CPT-00202,2024-06-18T00:00:00,11735.63,TXN-0002949,dépôt
mobile_money,CPT-00030,2024-12-16T00:00:00,33801.44,TXN-0002950,dépôt
mobile_money,CPT-00218,2024-09-21T00:00:00,47827.75,TXN-0002951,remboursement
mobile_money,CPT-00162,2025-11-14T00:00:00,26808.75,TXN-0002952,virement
mobile_money,CPT-00207,2024-01-23T00:00:00,12083.75,TXN-0002953,retrait
mobile_money,CPT-00124,2025-06-05T00:00:00,17079.53,TXN-0002954,virement
mobile_money,CPT-00128,2025-08-28T00:00:00,3513.04,TXN-0002955,remboursement
agence,CPT-00206,2024-05-31T00:00:00,6218.34,TXN-0002956,virement
mobile_money,CPT-00217,2024-09-11T00:00:00,44156.56,TXN-0002957,retrait
mobile_money,CPT-00232,2025-12-15T00:00:00,46376.53,TXN-0002958,retrait
mobile_money,CPT-00106,2024-12-05T00:00:00,21545.28,TXN-0002959,remboursement
agence,CPT-00021,2025-05-07T00:00:00,8959.83,TXN-0002960,retrait
mobile_money,CPT-00199,2024-02-28T00:00:00,46380.1,TXN-0002961,virement
agence,CPT-00104,2025-04-29T00:00:00,8548.25,TXN-0002962,remboursement
mobile_money,CPT-00086,2024-08-29T00:00:00,6793.09,TXN-0002963,virement
agence,CPT-00226,2025-02-09T00:00:00,46463.94,TXN-0002964,remboursement
agence,CPT-00104,2024-10-20T00:00:00,42623.05,TXN-0002965,remboursement
mobile_money,CPT-00157,2025-09-04T00:00:00,17469.45,TXN-0002966,retrait
agence,CPT-00152,2024-04-13T00:00:00,42806.73,TXN-0002967,remboursement
mobile_money,CPT-00022,2025-03-14T00:00:00,8352.27,TXN-0002968,dépôt
agence,CPT-00230,2025-12-15T00:00:00,46784.34,TXN-0002969,dépôt
agence,CPT-00014,2024-02-03T00:00:00,24089.2,TXN-0002970,dépôt
mobile_money,CPT-00075,2025-12-17T00:00:00,34258.25,TXN-0002971,virement
mobile_money,CPT-00171,2024-11-13T00:00:00,2981.06,TXN-0002972,dépôt
agence,CPT-00026,2024-03-25T00:00:00,49819.46,TXN-0002973,dépôt
agence,CPT-00158,2024-07-15T00:00:00,41250.06,TXN-0002974,dépôt
agence,CPT-00230,2025-05-17T00:00:00,41385.36,TXN-0002975,remboursement
agence,CPT-00069,2025-06-22T00:00:00,31156.32,TXN-0002976,virement
mobile_money,CPT-00213,2025-04-18T00:00:00,7792.18,TXN-0002977,virement
mobile_money,CPT-00041,2024-08-17T00:00:00,25324.36,TXN-0002978,dépôt
agence,CPT-00009,2025-11-11T00:00:00,42755.67,TXN-0002979,remboursement
mobile_money,CPT-00178,2025-01-02T00:00:00,40703.27,TXN-0002980,remboursement
mobile_money,CPT-00076,2024-08-28T00:00:00,21480.51,TXN-0002981,remboursement
agence,CPT-00171,2025-04-17T00:00:00,11316.82,TXN-0002982,virement
agence,CPT-00181,2024-03-01T00:00:00,2803.08,TXN-0002983,retrait
agence,CPT-00038,2024-05-09T00:00:00,49913.06,TXN-0002984,dépôt
mobile_money,CPT-00186,2024-12-06T00:00:00,14841.29,TXN-0002985,dépôt
mobile_money,CPT-00149,2025-03-21T00:00:00,36213.38,TXN-0002986,retrait
mobile_money,CPT-00032,2024-08-02T00:00:00,46934.37,TXN-0002987,virement
agence,CPT-00168,2025-02-04T00:00:00,18846.26,TXN-0002988,dépôt
mobile_money,CPT-00089,2024-09-15T00:00:00,3396.7,TXN-0002989,dépôt
mobile_money,CPT-00048,2025-02-11T00:00:00,23711.69,TXN-0002990,remboursement
mobile_money,CPT-00116,2026-02-02T00:00:00,40973.28,TXN-0002991,retrait
agence,CPT-00169,2026-02-08T00:00:00,47945.19,TXN-0002992,virement
agence,CPT-00002,2025-03-01T00:00:00,47760.19,TXN-0002993,retrait
agence,CPT-00125,2024-05-23T00:00:00,8260.22,TXN-0002994,virement
agence,CPT-00132,2024-07-26T00:00:00,47896.07,TXN-0002995,remboursement
mobile_money,CPT-00107,2025-10-08T00:00:00,38772.14,TXN-0002996,dépôt
mobile_money,CPT-00183,2025-01-16T00:00:00,40210.22,TXN-0002997,virement
agence,CPT-00001,2025-05-28T00:00:00,24657.12,TXN-0002998,dépôt
mobile_money,CPT-00055,2025-11-05T00:00:00,17293.38,TXN-0002999,retrait
agence,CPT-00136,2025-08-27T00:00:00,44589.73,TXN-0003000,remboursement
mobile_money,CPT-00112,2026-01-06T00:00:00,23292.67,TXN-0003001,dépôt
agence,CPT-00138,2024-12-06T00:00:00,3181.17,TXN-0003002,remboursement
mobile_money,CPT-00105,2025-03-03T00:00:00,24251.36,TXN-0003003,dépôt
agence,CPT-00235,2025-08-28T00:00:00,46231.39,TXN-0003004,retrait
agence,CPT-00116,2025-10-29T00:00:00,15713.84,TXN-0003005,virement
mobile_money,CPT-00210,2025-08-16T00:00:00,33753.18,TXN-0003006,retrait
agence,CPT-00102,2024-08-22T00:00:00,1209.97,TXN-0003007,virement
mobile_money,CPT-00057,2024-01-03T00:00:00,12710.02,TXN-0003008,remboursement
mobile_money,CPT-00013,2024-10-07T00:00:00,40317.17,TXN-0003009,dépôt
agence,CPT-00005,2025-11-10T00:00:00,38676.14,TXN-0003010,virement
mobile_money,CPT-00128,2025-07-19T00:00:00,27170.41,TXN-0003011,retrait
mobile_money,CPT-00200,2025-02-02T00:00:00,42906.46,TXN-0003012,dépôt
agence,CPT-00046,2025-03-15T00:00:00,1696.36,TXN-0003013,retrait
agence,CPT-00085,2024-01-22T00:00:00,47382.35,TXN-0003014,retrait
mobile_money,CPT-00034,2024-10-26T00:00:00,9282.11,TXN-0003015,virement
agence,CPT-00107,2024-07-27T00:00:00,45391.77,TXN-0003016,retrait
mobile_money,CPT-00093,2024-10-22T00:00:00,38489.54,TXN-0003017,dépôt
agence,CPT-00139,2024-06-08T00:00:00,4735.06,TXN-0003018,dépôt
mobile_money,CPT-00219,2024-03-08T00:00:00,47725.69,TXN-0003019,dépôt
mobile_money,CPT-00248,2025-04-07T00:00:00,6555.17,TXN-0003020,retrait
mobile_money,CPT-00032,2025-05-07T00:00:00,26028.2,TXN-0003021,remboursement
mobile_money,CPT-00202,2024-04-04T00:00:00,18456.69,TXN-0003022,dépôt
mobile_money,CPT-00046,2025-07-12T00:00:00,40523.49,TXN-0003023,remboursement
agence,CPT-00186,2025-09-27T00:00:00,45635.08,TXN-0003024,dépôt
agence,CPT-00017,2024-06-13T00:00:00,8144.83,TXN-0003025,retrait
mobile_money,CPT-00123,2025-02-02T00:00:00,2459.67,TXN-0003026,virement
mobile_money,CPT-00027,2024-07-13T00:00:00,11405.64,TXN-0003027,remboursement
agence,CPT-00199,2026-02-01T00:00:00,48830.73,TXN-0003028,dépôt
mobile_money,CPT-00214,2025-04-13T00:00:00,28315.43,TXN-0003029,remboursement
agence,CPT-00083,2024-02-12T00:00:00,10756.54,TXN-0003030,virement
agence,CPT-00116,2024-12-29T00:00:00,1182.37,TXN-0003031,retrait
agence,CPT-00171,2025-03-01T00:00:00,32787.12,TXN-0003032,virement
agence,CPT-00249,2024-03-28T00:00:00,43238.34,TXN-0003033,virement
agence,CPT-00216,2025-07-28T00:00:00,30137.78,TXN-0003034,dépôt
mobile_money,CPT-00152,2025-07-20T00:00:00,24198.06,TXN-0003035,retrait
mobile_money,CPT-00031,2025-10-15T00:00:00,39521.16,TXN-0003036,dépôt
mobile_money,CPT-00063,2025-03-11T00:00:00,27317.0,TXN-0003037,virement
agence,CPT-00010,2024-11-03T00:00:00,3690.74,TXN-0003038,dépôt
mobile_money,CPT-00179,2024-06-05T00:00:00,40968.97,TXN-0003039,virement
mobile_money,CPT-00088,2025-06-27T00:00:00,49084.2,TXN-0003040,remboursement
mobile_money,CPT-00020,2024-11-03T00:00:00,16110.87,TXN-0003041,remboursement
agence,CPT-00006,2024-12-01T00:00:00,49081.44,TXN-0003042,dépôt
agence,CPT-00183,2025-06-21T00:00:00,43605.74,TXN-0003043,dépôt
mobile_money,CPT-00093,2024-09-27T00:00:00,5662.71,TXN-0003044,dépôt
agence,CPT-00082,2024-08-05T00:00:00,9948.33,TXN-0003045,dépôt
agence,CPT-00060,2026-02-17T00:00:00,14549.23,TXN-0003046,dépôt
mobile_money,CPT-00208,2025-11-04T00:00:00,45409.65,TXN-0003047,virement
mobile_money,CPT-00026,2024-02-11T00:00:00,37862.79,TXN-0003048,remboursement
mobile_money,CPT-00236,2024-12-07T00:00:00,5555.41,TXN-0003049,remboursement
agence,CPT-00190,2024-04-06T00:00:00,7707.69,TXN-0003050,dépôt
mobile_money,CPT-00028,2025-01-04T00:00:00,3083.72,TXN-0003051,remboursement
agence,CPT-00139,2025-08-28T00:00:00,13949.83,TXN-0003052,dépôt
agence,CPT-00021,2025-10-26T00:00:00,9250.61,TXN-0003053,virement
agence,CPT-00162,2026-01-16T00:00:00,24045.47,TXN-0003054,dépôt
mobile_money,CPT-00044,2024-01-06T00:00:00,49492.7,TXN-0003055,retrait
agence,CPT-00148,2024-08-31T00:00:00,25139.99,TXN-0003056,retrait
agence,CPT-00111,2025-02-01T00:00:00,31049.64,TXN-0003057,retrait
mobile_money,CPT-00212,2025-02-18T00:00:00,17869.13,TXN-0003058,virement
agence,CPT-00234,2025-09-23T00:00:00,14198.65,TXN-0003059,virement
mobile_money,CPT-00181,2025-09-11T00:00:00,13494.96,TXN-0003060,remboursement
mobile_money,CPT-00001,2024-07-14T00:00:00,20871.7,TXN-0003061,dépôt
agence,CPT-00177,2025-10-18T00:00:00,29254.18,TXN-0003062,retrait
agence,CPT-00248,2024-02-11T00:00:00,7489.98,TXN-0003063,retrait
mobile_money,CPT-00064,2025-12-01T00:00:00,36831.37,TXN-0003064,dépôt
agence,CPT-00035,2024-04-25T00:00:00,14550.9,TXN-0003065,retrait
agence,CPT-00167,2025-12-13T00:00:00,36144.59,TXN-0003066,retrait
agence,CPT-00106,2025-04-02T00:00:00,17726.49,TXN-0003067,dépôt
mobile_money,CPT-00038,2024-11-28T00:00:00,43571.26,TXN-0003068,dépôt
agence,CPT-00097,2024-07-25T00:00:00,22727.18,TXN-0003069,virement
agence,CPT-00053,2025-11-12T00:00:00,18305.73,TXN-0003070,remboursement
agence,CPT-00126,2025-03-23T00:00:00,47508.01,TXN-0003071,remboursement
agence,CPT-00065,2024-06-11T00:00:00,22231.38,TXN-0003072,dépôt
mobile_money,CPT-00201,2025-06-20T00:00:00,37667.89,TXN-0003073,dépôt
agence,CPT-00053,2024-10-21T00:00:00,6410.41,TXN-0003074,remboursement
agence,CPT-00073,2026-02-26T00:00:00,9675.94,TXN-0003075,virement
mobile_money,CPT-00122,2024-12-22T00:00:00,29737.74,TXN-0003076,dépôt
mobile_money,CPT-00165,2025-12-05T00:00:00,23017.81,TXN-0003077,retrait
agence,CPT-00215,2024-10-03T00:00:00,48211.9,TXN-0003078,remboursement
agence,CPT-00123,2024-05-16T00:00:00,22468.34,TXN-0003079,retrait
agence,CPT-00200,2025-01-28T00:00:00,32615.8,TXN-0003080,retrait
mobile_money,CPT-00243,2026-01-08T00:00:00,6381.4,TXN-0003081,retrait
mobile_money,CPT-00134,2024-10-05T00:00:00,34805.48,TXN-0003082,virement
agence,CPT-00192,2025-08-03T00:00:00,1994.68,TXN-0003083,remboursement
agence,CPT-00062,2024-09-07T00:00:00,13352.84,TXN-0003084,virement
agence,CPT-00161,2024-01-04T00:00:00,48895.14,TXN-0003085,remboursement
mobile_money,CPT-00246,2025-12-07T00:00:00,17041.46,TXN-0003086,dépôt
agence,CPT-00146,2024-07-17T00:00:00,1071.57,TXN-0003087,virement
mobile_money,CPT-00028,2025-03-11T00:00:00,36323.16,TXN-0003088,virement
mobile_money,CPT-00179,2025-10-05T00:00:00,29723.43,TXN-0003089,virement
agence,CPT-00172,2025-04-28T00:00:00,5708.41,TXN-0003090,virement
mobile_money,CPT-00228,2024-12-10T00:00:00,16911.04,TXN-0003091,retrait
agence,CPT-00121,2025-05-19T00:00:00,27091.81,TXN-0003092,retrait
agence,CPT-00111,2024-04-15T00:00:00,34796.74,TXN-0003093,dépôt
mobile_money,CPT-00060,2024-07-28T00:00:00,43461.03,TXN-0003094,remboursement
mobile_money,CPT-00106,2025-07-15T00:00:00,6028.14,TXN-0003095,dépôt
agence,CPT-00184,2024-08-07T00:00:00,11815.88,TXN-0003096,retrait
mobile_money,CPT-00095,2024-01-12T00:00:00,2794.18,TXN-0003097,dépôt
agence,CPT-00031,2025-04-05T00:00:00,32507.94,TXN-0003098,virement
agence,CPT-00024,2025-09-18T00:00:00,46254.79,TXN-0003099,virement
agence,CPT-00024,2025-07-03T00:00:00,39763.88,TXN-0003100,virement
agence,CPT-00012,2025-07-08T00:00:00,34760.84,TXN-0003101,remboursement
agence,CPT-00169,2025-05-16T00:00:00,46385.18,TXN-0003102,dépôt
agence,CPT-00204,2024-04-12T00:00:00,44485.95,TXN-0003103,remboursement
agence,CPT-00129,2024-10-11T00:00:00,46315.74,TXN-0003104,retrait
mobile_money,CPT-00110,2026-02-10T00:00:00,46798.09,TXN-0003105,virement
agence,CPT-00143,2024-04-09T00:00:00,2318.07,TXN-0003106,retrait
agence,CPT-00171,2024-06-09T00:00:00,10434.69,TXN-0003107,virement
agence,CPT-00189,2024-07-19T00:00:00,36889.57,TXN-0003108,dépôt
mobile_money,CPT-00051,2024-03-03T00:00:00,15455.0,TXN-0003109,retrait
agence,CPT-00058,2026-01-13T00:00:00,2543.05,TXN-0003110,retrait
agence,CPT-00094,2025-03-18T00:00:00,41902.57,TXN-0003111,virement
mobile_money,CPT-00177,2024-06-11T00:00:00,41847.36,TXN-0003112,dépôt
agence,CPT-00097,2024-02-05T00:00:00,9397.38,TXN-0003113,dépôt
agence,CPT-00176,2026-02-21T00:00:00,6317.7,TXN-0003114,remboursement
mobile_money,CPT-00055,2024-04-21T00:00:00,8533.25,TXN-0003115,dépôt
mobile_money,CPT-00059,2025-06-16T00:00:00,14040.86,TXN-0003116,retrait
agence,CPT-00227,2025-08-31T00:00:00,8712.46,TXN-0003117,remboursement
mobile_money,CPT-00245,2025-09-17T00:00:00,21819.43,TXN-0003118,remboursement
agence,CPT-00072,2024-08-07T00:00:00,13751.2,TXN-0003119,virement
mobile_money,CPT-00051,2025-07-02T00:00:00,15481.18,TXN-0003120,remboursement
agence,CPT-00238,2024-04-28T00:00:00,43861.51,TXN-0003121,dépôt
agence,CPT-00231,2025-12-18T00:00:00,12257.15,TXN-0003122,dépôt
agence,CPT-00144,2025-10-27T00:00:00,20335.75,TXN-0003123,remboursement
agence,CPT-00014,2024-08-25T00:00:00,27412.24,TXN-0003124,retrait
agence,CPT-00062,2025-09-13T00:00:00,25912.38,TXN-0003125,dépôt
agence,CPT-00062,2025-07-04T00:00:00,17616.49,TXN-0003126,dépôt
agence,CPT-00067,2024-05-19T00:00:00,17271.72,TXN-0003127,virement
agence,CPT-00012,2024-07-29T00:00:00,25034.91,TXN-0003128,remboursement
agence,CPT-00206,2024-04-01T00:00:00,35240.0,TXN-0003129,retrait
agence,CPT-00160,2026-01-08T00:00:00,4500.33,TXN-0003130,remboursement
mobile_money,CPT-00189,2025-11-28T00:00:00,23584.06,TXN-0003131,virement
agence,CPT-00217,2026-02-22T00:00:00,2468.05,TXN-0003132,virement
agence,CPT-00200,2025-12-08T00:00:00,38989.91,TXN-0003133,dépôt
agence,CPT-00221,2024-06-17T00:00:00,5098.06,TXN-0003134,dépôt
mobile_money,CPT-00022,2024-04-10T00:00:00,24558.21,TXN-0003135,retrait
agence,CPT-00201,2025-10-07T00:00:00,3805.13,TXN-0003136,virement
mobile_money,CPT-00185,2024-11-16T00:00:00,49431.74,TXN-0003137,retrait
mobile_money,CPT-00173,2025-05-31T00:00:00,39939.79,TXN-0003138,dépôt
agence,CPT-00193,2024-03-28T00:00:00,13779.4,TXN-0003139,virement
agence,CPT-00154,2025-06-18T00:00:00,15072.01,TXN-0003140,remboursement
agence,CPT-00039,2024-10-22T00:00:00,41393.49,TXN-0003141,retrait
mobile_money,CPT-00081,2025-06-03T00:00:00,23974.84,TXN-0003142,remboursement
agence,CPT-00120,2024-02-20T00:00:00,3163.17,TXN-0003143,dépôt
mobile_money,CPT-00170,2025-01-21T00:00:00,44403.85,TXN-0003144,virement
mobile_money,CPT-00163,2026-01-11T00:00:00,5345.74,TXN-0003145,virement
agence,CPT-00136,2025-07-30T00:00:00,20853.98,TXN-0003146,retrait
agence,CPT-00061,2024-10-02T00:00:00,8314.38,TXN-0003147,remboursement
mobile_money,CPT-00083,2025-01-09T00:00:00,33404.87,TXN-0003148,virement
agence,CPT-00211,2025-01-19T00:00:00,39471.86,TXN-0003149,retrait
mobile_money,CPT-00142,2024-02-24T00:00:00,31625.83,TXN-0003150,dépôt
mobile_money,CPT-00054,2025-09-20T00:00:00,21098.99,TXN-0003151,retrait
agence,CPT-00159,2024-01-18T00:00:00,39539.64,TXN-0003152,virement
agence,CPT-00033,2024-02-18T00:00:00,3974.88,TXN-0003153,dépôt
agence,CPT-00222,2025-06-25T00:00:00,13387.94,TXN-0003154,remboursement
mobile_money,CPT-00228,2026-01-20T00:00:00,13818.78,TXN-0003155,dépôt
mobile_money,CPT-00247,2025-04-30T00:00:00,27826.41,TXN-0003156,retrait
agence,CPT-00226,2025-01-22T00:00:00,26267.5,TXN-0003157,retrait
agence,CPT-00136,2024-09-05T00:00:00,20585.73,TXN-0003158,dépôt
mobile_money,CPT-00173,2025-02-13T00:00:00,7933.55,TXN-0003159,dépôt
mobile_money,CPT-00186,2025-10-22T00:00:00,26564.45,TXN-0003160,retrait
mobile_money,CPT-00105,2024-09-05T00:00:00,8771.05,TXN-0003161,virement
mobile_money,CPT-00194,2026-01-12T00:00:00,19044.57,TXN-0003162,retrait
agence,CPT-00055,2024-09-14T00:00:00,16169.67,TXN-0003163,dépôt
mobile_money,CPT-00119,2024-10-25T00:00:00,41279.81,TXN-0003164,dépôt
mobile_money,CPT-00041,2025-01-17T00:00:00,47360.94,TXN-0003165,virement
mobile_money,CPT-00222,2024-08-22T00:00:00,10142.87,TXN-0003166,dépôt
agence,CPT-00088,2026-01-16T00:00:00,15397.82,TXN-0003167,retrait
mobile_money,CPT-00172,2024-11-11T00:00:00,24021.77,TXN-0003168,dépôt
agence,CPT-00203,2025-06-09T00:00:00,43291.13,TXN-0003169,virement
agence,CPT-00198,2025-01-12T00:00:00,36808.22,TXN-0003170,retrait
mobile_money,CPT-00143,2024-10-09T00:00:00,41690.37,TXN-0003171,retrait
agence,CPT-00186,2025-12-14T00:00:00,23818.45,TXN-0003172,retrait
agence,CPT-00173,2025-12-04T00:00:00,2839.51,TXN-0003173,virement
agence,CPT-00219,2024-08-09T00:00:00,12702.04,TXN-0003174,virement
mobile_money,CPT-00249,2025-06-22T00:00:00,10522.12,TXN-0003175,virement
mobile_money,CPT-00151,2024-05-05T00:00:00,44290.53,TXN-0003176,virement
agence,CPT-00187,2024-04-14T00:00:00,40528.54,TXN-0003177,retrait
agence,CPT-00025,2026-01-08T00:00:00,26784.36,TXN-0003178,remboursement
agence,CPT-00140,2024-07-22T00:00:00,30716.37,TXN-0003179,dépôt
mobile_money,CPT-00152,2024-07-21T00:00:00,31912.81,TXN-0003180,dépôt
agence,CPT-00056,2024-11-26T00:00:00,20844.73,TXN-0003181,retrait
agence,CPT-00011,2026-01-10T00:00:00,42885.86,TXN-0003182,remboursement
mobile_money,CPT-00245,2025-09-18T00:00:00,45988.39,TXN-0003183,dépôt
mobile_money,CPT-00195,2024-04-07T00:00:00,49579.68,TXN-0003184,virement
agence,CPT-00246,2026-01-07T00:00:00,39166.75,TXN-0003185,remboursement
agence,CPT-00003,2024-01-28T00:00:00,11226.47,TXN-0003186,retrait
agence,CPT-00151,2025-02-28T00:00:00,17394.84,TXN-0003187,dépôt
agence,CPT-00141,2025-06-20T00:00:00,42042.24,TXN-0003188,retrait
mobile_money,CPT-00063,2025-10-14T00:00:00,17358.75,TXN-0003189,remboursement
agence,CPT-00068,2025-09-02T00:00:00,41329.01,TXN-0003190,virement
agence,CPT-00246,2025-09-27T00:00:00,45916.93,TXN-0003191,remboursement
agence,CPT-00101,2024-12-20T00:00:00,30877.39,TXN-0003192,virement
agence,CPT-00227,2025-09-10T00:00:00,4736.35,TXN-0003193,dépôt
mobile_money,CPT-00207,2025-10-16T00:00:00,43671.24,TXN-0003194,dépôt
mobile_money,CPT-00028,2025-02-10T00:00:00,12066.36,TXN-0003195,virement
mobile_money,CPT-00088,2026-02-13T00:00:00,29741.3,TXN-0003196,dépôt
agence,CPT-00050,2024-06-10T00:00:00,40932.37,TXN-0003197,retrait
mobile_money,CPT-00156,2025-04-07T00:00:00,4601.58,TXN-0003198,retrait
mobile_money,CPT-00086,2024-04-04T00:00:00,21495.18,TXN-0003199,virement
mobile_money,CPT-00240,2026-01-18T00:00:00,35075.44,TXN-0003200,dépôt
agence,CPT-00001,2026-10-06T15:24:14.712000,5000.0,TXN-1791296654712,dépôt
agence,CPT-00001,2026-10-06T15:35:57.268000,10000.0,TXN-1791297357268,dépôt
agence,CPT-00001,2026-10-06T15:36:09.311000,10000.0,TXN-1791297369311,retrait
